Using pre-set license
Built from '2022.3/staging' branch; Version is '2022.3.42f1 (2dcb6a0abc42) revision 3001194'; Using compiler version '192829333'; Build Type 'Release'
OS: 'Windows 10  (10.0.19045) 64bit Professional' Language: 'en' Physical Memory: 16344 MB
BatchMode: 1, IsHumanControllingUs: 0, StartBugReporterOnCrash: 0, Is64bit: 1, IsPro: 1

COMMAND LINE ARGUMENTS:
D:\User\Program files\Tools\Unity\2022.3.42f1\Editor\Unity.exe
-adb2
-batchMode
-noUpm
-name
AssetImportWorker6
-projectPath
D:/Unity Projects/OneButtonGameFinals
-logFile
Logs/AssetImportWorker6.log
-srvPort
56610
Successfully changed project path to: D:/Unity Projects/OneButtonGameFinals
D:/Unity Projects/OneButtonGameFinals
[UnityMemory] Configuration Parameters - Can be set up in boot.config
    "memorysetup-bucket-allocator-granularity=16"
    "memorysetup-bucket-allocator-bucket-count=8"
    "memorysetup-bucket-allocator-block-size=33554432"
    "memorysetup-bucket-allocator-block-count=8"
    "memorysetup-main-allocator-block-size=16777216"
    "memorysetup-thread-allocator-block-size=16777216"
    "memorysetup-gfx-main-allocator-block-size=16777216"
    "memorysetup-gfx-thread-allocator-block-size=16777216"
    "memorysetup-cache-allocator-block-size=4194304"
    "memorysetup-typetree-allocator-block-size=2097152"
    "memorysetup-profiler-bucket-allocator-granularity=16"
    "memorysetup-profiler-bucket-allocator-bucket-count=8"
    "memorysetup-profiler-bucket-allocator-block-size=33554432"
    "memorysetup-profiler-bucket-allocator-block-count=8"
    "memorysetup-profiler-allocator-block-size=16777216"
    "memorysetup-profiler-editor-allocator-block-size=1048576"
    "memorysetup-temp-allocator-size-main=16777216"
    "memorysetup-job-temp-allocator-block-size=2097152"
    "memorysetup-job-temp-allocator-block-size-background=1048576"
    "memorysetup-job-temp-allocator-reduction-small-platforms=262144"
    "memorysetup-allocator-temp-initial-block-size-main=262144"
    "memorysetup-allocator-temp-initial-block-size-worker=262144"
    "memorysetup-temp-allocator-size-background-worker=32768"
    "memorysetup-temp-allocator-size-job-worker=262144"
    "memorysetup-temp-allocator-size-preload-manager=33554432"
    "memorysetup-temp-allocator-size-nav-mesh-worker=65536"
    "memorysetup-temp-allocator-size-audio-worker=65536"
    "memorysetup-temp-allocator-size-cloud-worker=32768"
    "memorysetup-temp-allocator-size-gi-baking-worker=262144"
    "memorysetup-temp-allocator-size-gfx=262144"
Player connection [18032]  Target information:

Player connection [18032]  * "[IP] 192.168.100.13 [Port] 0 [Flags] 2 [Guid] 163182480 [EditorId] 163182480 [Version] 1048832 [Id] WindowsEditor(7,--) [Debug] 1 [PackageName] WindowsEditor [ProjectName] Editor" 

Player connection [18032] Host joined multi-casting on [225.0.0.222:54997]...
Player connection [18032] Host joined alternative multi-casting on [225.0.0.222:34997]...
[PhysX] Initialized MultithreadedTaskDispatcher with 4 workers.
Refreshing native plugins compatible for Editor in 61.13 ms, found 4 plugins.
Preloading 0 native plugins for Editor in 0.00 ms.
Initialize engine version: 2022.3.42f1 (2dcb6a0abc42)
[Subsystems] Discovering subsystems at path D:/User/Program files/Tools/Unity/2022.3.42f1/Editor/Data/Resources/UnitySubsystems
[Subsystems] Discovering subsystems at path D:/Unity Projects/OneButtonGameFinals/Assets
GfxDevice: creating device client; threaded=0; jobified=0
Direct3D:
    Version:  Direct3D 11.0 [level 11.1]
    Renderer: AMD Radeon RX 580 2048SP (ID=0x6fdf)
    Vendor:   ATI
    VRAM:     8135 MB
    Driver:   31.0.21912.14
Initialize mono
Mono path[0] = 'D:/User/Program files/Tools/Unity/2022.3.42f1/Editor/Data/Managed'
Mono path[1] = 'D:/User/Program files/Tools/Unity/2022.3.42f1/Editor/Data/MonoBleedingEdge/lib/mono/unityjit-win32'
Mono config path = 'D:/User/Program files/Tools/Unity/2022.3.42f1/Editor/Data/MonoBleedingEdge/etc'
Using monoOptions --debugger-agent=transport=dt_socket,embedding=1,server=y,suspend=n,address=127.0.0.1:56500
Begin MonoManager ReloadAssembly
Registering precompiled unity dll's ...
Register platform support module: D:/User/Program files/Tools/Unity/2022.3.42f1/Editor/Data/PlaybackEngines/AndroidPlayer/UnityEditor.Android.Extensions.dll
Register platform support module: D:/User/Program files/Tools/Unity/2022.3.42f1/Editor/Data/PlaybackEngines/WindowsStandaloneSupport/UnityEditor.WindowsStandalone.Extensions.dll
Registered in 0.159320 seconds.
- Loaded All Assemblies, in  1.721 seconds
Native extension for WindowsStandalone target not found
Native extension for Android target not found
Android Extension - Scanning For ADB Devices 959 ms
Mono: successfully reloaded assembly
- Finished resetting the current domain, in  2.359 seconds
Domain Reload Profiling: 4048ms
	BeginReloadAssembly (397ms)
		ExecutionOrderSort (0ms)
		DisableScriptedObjects (0ms)
		BackupInstance (0ms)
		ReleaseScriptingObjects (0ms)
		CreateAndSetChildDomain (2ms)
	RebuildCommonClasses (113ms)
	RebuildNativeTypeToScriptingClass (33ms)
	initialDomainReloadingComplete (404ms)
	LoadAllAssembliesAndSetupDomain (740ms)
		LoadAssemblies (395ms)
		RebuildTransferFunctionScriptingTraits (0ms)
		AnalyzeDomain (720ms)
			TypeCache.Refresh (716ms)
				TypeCache.ScanAssembly (664ms)
			ScanForSourceGeneratedMonoScriptInfo (1ms)
			ResolveRequiredComponents (1ms)
	FinalizeReload (2361ms)
		ReleaseScriptCaches (0ms)
		RebuildScriptCaches (0ms)
		SetupLoadedEditorAssemblies (2118ms)
			LogAssemblyErrors (0ms)
			InitializePlatformSupportModulesInManaged (1413ms)
			SetLoadedEditorAssemblies (22ms)
			RefreshPlugins (0ms)
			BeforeProcessingInitializeOnLoad (6ms)
			ProcessInitializeOnLoadAttributes (515ms)
			ProcessInitializeOnLoadMethodAttributes (162ms)
			AfterProcessingInitializeOnLoad (0ms)
			EditorAssembliesLoaded (0ms)
		ExecutionOrderSort2 (0ms)
		AwakeInstancesAfterBackupRestoration (0ms)
========================================================================
Worker process is ready to serve import requests
Caller must complete domain reload
Begin MonoManager ReloadAssembly
- Loaded All Assemblies, in  5.401 seconds
Native extension for WindowsStandalone target not found
Native extension for Android target not found
Mono: successfully reloaded assembly
- Finished resetting the current domain, in  5.065 seconds
Domain Reload Profiling: 10370ms
	BeginReloadAssembly (1097ms)
		ExecutionOrderSort (0ms)
		DisableScriptedObjects (27ms)
		BackupInstance (0ms)
		ReleaseScriptingObjects (1ms)
		CreateAndSetChildDomain (137ms)
	RebuildCommonClasses (342ms)
	RebuildNativeTypeToScriptingClass (67ms)
	initialDomainReloadingComplete (486ms)
	LoadAllAssembliesAndSetupDomain (3311ms)
		LoadAssemblies (2639ms)
		RebuildTransferFunctionScriptingTraits (0ms)
		AnalyzeDomain (1376ms)
			TypeCache.Refresh (1177ms)
				TypeCache.ScanAssembly (1065ms)
			ScanForSourceGeneratedMonoScriptInfo (159ms)
			ResolveRequiredComponents (33ms)
	FinalizeReload (5066ms)
		ReleaseScriptCaches (0ms)
		RebuildScriptCaches (0ms)
		SetupLoadedEditorAssemblies (3900ms)
			LogAssemblyErrors (0ms)
			InitializePlatformSupportModulesInManaged (196ms)
			SetLoadedEditorAssemblies (19ms)
			RefreshPlugins (0ms)
			BeforeProcessingInitializeOnLoad (606ms)
			ProcessInitializeOnLoadAttributes (2541ms)
			ProcessInitializeOnLoadMethodAttributes (412ms)
			AfterProcessingInitializeOnLoad (125ms)
			EditorAssembliesLoaded (0ms)
		ExecutionOrderSort2 (0ms)
		AwakeInstancesAfterBackupRestoration (89ms)
Launched and connected shader compiler UnityShaderCompiler.exe after 0.24 seconds
Refreshing native plugins compatible for Editor in 54.90 ms, found 4 plugins.
Preloading 0 native plugins for Editor in 0.00 ms.
Unloading 4060 Unused Serialized files (Serialized files now loaded: 0)
Unloading 32 unused Assets / (57.1 KB). Loaded Objects now: 4535.
Memory consumption went from 150.4 MB to 150.3 MB.
Total: 13.943300 ms (FindLiveObjects: 0.902300 ms CreateObjectMapping: 2.736000 ms MarkObjects: 10.033600 ms  DeleteObjects: 0.267300 ms)

AssetImportParameters requested are different than current active one (requested -> active):
  custom:container-demuxer-ogg: 62fdf1f143b41e24485cea50d1cbac27 -> 
  custom:video-decoder-ogg-theora: a1e56fd34408186e4bbccfd4996cb3dc -> 
  custom:framework-win-MediaFoundation: 216162199b28c13a410421893ffa2e32 -> 
  custom:CustomObjectIndexerAttribute: 9a22284fe3817be447336de3de66b15e -> 
  custom:container-demuxer-webm: 4f35f7cbe854078d1ac9338744f61a02 -> 
  custom:container-muxer-webm: aa71ff27fc2769a1b78a27578f13a17b -> 
  custom:scripting/monoscript/fileName/Choice.cs: 4bdc8d7b1484d073f03fa9182351b6cf -> 
  custom:scripting/monoscript/fileName/SceneData.cs: 5ed3fba365915d72bd9c60cc866912ef -> 550971d4148451c2b85e6e850c7350e3
  custom:video-decoder-webm-vp8: 9c59270c3fd7afecdb556c50c9e8de78 -> 
  custom:SearchIndexIgnoredProperties: e643bd26f0fe6173181afceb89e7c659 -> 
  custom:AudioImporter_EditorPlatform: d09bf68614088b80899f8185d706f6e7 -> 
  custom:video-encoder-webm-vp8: eb34c28f22e8b96e1ab97ce403110664 -> 
  custom:audio-decoder-ogg-vorbis: bf7c407c2cedff20999df2af8eb42d56 -> 
  custom:scripting/monoscript/fileName/StoryData.cs: 1644ac1a06afbcc6e9a4f64e55a461f8 -> 1636ce31733873dea4092bfffcc34135
  custom:audio-encoder-webm-vorbis: bf7c407c2cedff20999df2af8eb42d56 -> 
========================================================================
Received Prepare
Caller must complete domain reload
Begin MonoManager ReloadAssembly
- Loaded All Assemblies, in  5.480 seconds
Native extension for WindowsStandalone target not found
Native extension for Android target not found
Mono: successfully reloaded assembly
- Finished resetting the current domain, in  2.876 seconds
Domain Reload Profiling: 8331ms
	BeginReloadAssembly (3787ms)
		ExecutionOrderSort (0ms)
		DisableScriptedObjects (3145ms)
		BackupInstance (0ms)
		ReleaseScriptingObjects (0ms)
		CreateAndSetChildDomain (110ms)
	RebuildCommonClasses (180ms)
	RebuildNativeTypeToScriptingClass (39ms)
	initialDomainReloadingComplete (162ms)
	LoadAllAssembliesAndSetupDomain (1284ms)
		LoadAssemblies (1597ms)
		RebuildTransferFunctionScriptingTraits (0ms)
		AnalyzeDomain (97ms)
			TypeCache.Refresh (22ms)
				TypeCache.ScanAssembly (0ms)
			ScanForSourceGeneratedMonoScriptInfo (1ms)
			ResolveRequiredComponents (70ms)
	FinalizeReload (2878ms)
		ReleaseScriptCaches (0ms)
		RebuildScriptCaches (0ms)
		SetupLoadedEditorAssemblies (2170ms)
			LogAssemblyErrors (0ms)
			InitializePlatformSupportModulesInManaged (139ms)
			SetLoadedEditorAssemblies (16ms)
			RefreshPlugins (0ms)
			BeforeProcessingInitializeOnLoad (406ms)
			ProcessInitializeOnLoadAttributes (1441ms)
			ProcessInitializeOnLoadMethodAttributes (109ms)
			AfterProcessingInitializeOnLoad (59ms)
			EditorAssembliesLoaded (1ms)
		ExecutionOrderSort2 (0ms)
		AwakeInstancesAfterBackupRestoration (61ms)
Refreshing native plugins compatible for Editor in 35.92 ms, found 4 plugins.
Preloading 0 native plugins for Editor in 0.00 ms.
Unloading 4035 Unused Serialized files (Serialized files now loaded: 0)
Unloading 19 unused Assets / (31.2 KB). Loaded Objects now: 4540.
Memory consumption went from 144.4 MB to 144.4 MB.
Total: 8.286800 ms (FindLiveObjects: 0.522300 ms CreateObjectMapping: 0.205400 ms MarkObjects: 7.425000 ms  DeleteObjects: 0.131700 ms)

Prepare: number of updated asset objects reloaded= 0
AssetImportParameters requested are different than current active one (requested -> active):
  custom:container-demuxer-ogg: 62fdf1f143b41e24485cea50d1cbac27 -> 
  custom:video-decoder-ogg-theora: a1e56fd34408186e4bbccfd4996cb3dc -> 
  custom:framework-win-MediaFoundation: 216162199b28c13a410421893ffa2e32 -> 
  custom:CustomObjectIndexerAttribute: 9a22284fe3817be447336de3de66b15e -> 
  custom:container-demuxer-webm: 4f35f7cbe854078d1ac9338744f61a02 -> 
  custom:container-muxer-webm: aa71ff27fc2769a1b78a27578f13a17b -> 
  custom:scripting/monoscript/fileName/Choice.cs: 4bdc8d7b1484d073f03fa9182351b6cf -> 
  custom:scripting/monoscript/fileName/SceneData.cs: 5ed3fba365915d72bd9c60cc866912ef -> 550971d4148451c2b85e6e850c7350e3
  custom:video-decoder-webm-vp8: 9c59270c3fd7afecdb556c50c9e8de78 -> 
  custom:SearchIndexIgnoredProperties: e643bd26f0fe6173181afceb89e7c659 -> 
  custom:AudioImporter_EditorPlatform: d09bf68614088b80899f8185d706f6e7 -> 
  custom:video-encoder-webm-vp8: eb34c28f22e8b96e1ab97ce403110664 -> 
  custom:audio-decoder-ogg-vorbis: bf7c407c2cedff20999df2af8eb42d56 -> 
  custom:scripting/monoscript/fileName/StoryData.cs: 1644ac1a06afbcc6e9a4f64e55a461f8 -> 1636ce31733873dea4092bfffcc34135
  custom:audio-encoder-webm-vorbis: bf7c407c2cedff20999df2af8eb42d56 -> 
========================================================================
Received Prepare
Caller must complete domain reload
Begin MonoManager ReloadAssembly
- Loaded All Assemblies, in  3.657 seconds
Native extension for WindowsStandalone target not found
Native extension for Android target not found
Mono: successfully reloaded assembly
- Finished resetting the current domain, in  8.625 seconds
Domain Reload Profiling: 12213ms
	BeginReloadAssembly (604ms)
		ExecutionOrderSort (0ms)
		DisableScriptedObjects (34ms)
		BackupInstance (0ms)
		ReleaseScriptingObjects (0ms)
		CreateAndSetChildDomain (85ms)
	RebuildCommonClasses (116ms)
	RebuildNativeTypeToScriptingClass (38ms)
	initialDomainReloadingComplete (182ms)
	LoadAllAssembliesAndSetupDomain (2646ms)
		LoadAssemblies (2924ms)
		RebuildTransferFunctionScriptingTraits (0ms)
		AnalyzeDomain (104ms)
			TypeCache.Refresh (31ms)
				TypeCache.ScanAssembly (0ms)
			ScanForSourceGeneratedMonoScriptInfo (1ms)
			ResolveRequiredComponents (66ms)
	FinalizeReload (8626ms)
		ReleaseScriptCaches (0ms)
		RebuildScriptCaches (0ms)
		SetupLoadedEditorAssemblies (2370ms)
			LogAssemblyErrors (0ms)
			InitializePlatformSupportModulesInManaged (181ms)
			SetLoadedEditorAssemblies (15ms)
			RefreshPlugins (0ms)
			BeforeProcessingInitializeOnLoad (431ms)
			ProcessInitializeOnLoadAttributes (1497ms)
			ProcessInitializeOnLoadMethodAttributes (166ms)
			AfterProcessingInitializeOnLoad (79ms)
			EditorAssembliesLoaded (1ms)
		ExecutionOrderSort2 (0ms)
		AwakeInstancesAfterBackupRestoration (56ms)
Refreshing native plugins compatible for Editor in 52.63 ms, found 4 plugins.
Preloading 0 native plugins for Editor in 0.00 ms.
Unloading 4035 Unused Serialized files (Serialized files now loaded: 0)
Unloading 19 unused Assets / (31.2 KB). Loaded Objects now: 4544.
Memory consumption went from 144.4 MB to 144.4 MB.
Total: 26.818300 ms (FindLiveObjects: 3.609700 ms CreateObjectMapping: 3.650800 ms MarkObjects: 19.436200 ms  DeleteObjects: 0.118700 ms)

Prepare: number of updated asset objects reloaded= 0
AssetImportParameters requested are different than current active one (requested -> active):
  custom:container-demuxer-ogg: 62fdf1f143b41e24485cea50d1cbac27 -> 
  custom:video-decoder-ogg-theora: a1e56fd34408186e4bbccfd4996cb3dc -> 
  custom:framework-win-MediaFoundation: 216162199b28c13a410421893ffa2e32 -> 
  custom:CustomObjectIndexerAttribute: 9a22284fe3817be447336de3de66b15e -> 
  custom:container-demuxer-webm: 4f35f7cbe854078d1ac9338744f61a02 -> 
  custom:container-muxer-webm: aa71ff27fc2769a1b78a27578f13a17b -> 
  custom:scripting/monoscript/fileName/Choice.cs: 4bdc8d7b1484d073f03fa9182351b6cf -> 
  custom:scripting/monoscript/fileName/SceneData.cs: 5ed3fba365915d72bd9c60cc866912ef -> 550971d4148451c2b85e6e850c7350e3
  custom:video-decoder-webm-vp8: 9c59270c3fd7afecdb556c50c9e8de78 -> 
  custom:SearchIndexIgnoredProperties: e643bd26f0fe6173181afceb89e7c659 -> 
  custom:AudioImporter_EditorPlatform: d09bf68614088b80899f8185d706f6e7 -> 
  custom:video-encoder-webm-vp8: eb34c28f22e8b96e1ab97ce403110664 -> 
  custom:audio-decoder-ogg-vorbis: bf7c407c2cedff20999df2af8eb42d56 -> 
  custom:scripting/monoscript/fileName/StoryData.cs: 1644ac1a06afbcc6e9a4f64e55a461f8 -> 1636ce31733873dea4092bfffcc34135
  custom:audio-encoder-webm-vorbis: bf7c407c2cedff20999df2af8eb42d56 -> 
========================================================================
Received Prepare
Caller must complete domain reload
Begin MonoManager ReloadAssembly
- Loaded All Assemblies, in  2.791 seconds
Native extension for WindowsStandalone target not found
Native extension for Android target not found
Mono: successfully reloaded assembly
- Finished resetting the current domain, in  6.512 seconds
Domain Reload Profiling: 9264ms
	BeginReloadAssembly (654ms)
		ExecutionOrderSort (0ms)
		DisableScriptedObjects (33ms)
		BackupInstance (0ms)
		ReleaseScriptingObjects (0ms)
		CreateAndSetChildDomain (87ms)
	RebuildCommonClasses (173ms)
	RebuildNativeTypeToScriptingClass (107ms)
	initialDomainReloadingComplete (219ms)
	LoadAllAssembliesAndSetupDomain (1596ms)
		LoadAssemblies (1917ms)
		RebuildTransferFunctionScriptingTraits (0ms)
		AnalyzeDomain (109ms)
			TypeCache.Refresh (34ms)
				TypeCache.ScanAssembly (1ms)
			ScanForSourceGeneratedMonoScriptInfo (48ms)
			ResolveRequiredComponents (20ms)
	FinalizeReload (6514ms)
		ReleaseScriptCaches (0ms)
		RebuildScriptCaches (0ms)
		SetupLoadedEditorAssemblies (2456ms)
			LogAssemblyErrors (0ms)
			InitializePlatformSupportModulesInManaged (132ms)
			SetLoadedEditorAssemblies (10ms)
			RefreshPlugins (0ms)
			BeforeProcessingInitializeOnLoad (401ms)
			ProcessInitializeOnLoadAttributes (1745ms)
			ProcessInitializeOnLoadMethodAttributes (108ms)
			AfterProcessingInitializeOnLoad (59ms)
			EditorAssembliesLoaded (1ms)
		ExecutionOrderSort2 (0ms)
		AwakeInstancesAfterBackupRestoration (88ms)
Refreshing native plugins compatible for Editor in 44.04 ms, found 4 plugins.
Preloading 0 native plugins for Editor in 0.00 ms.
Unloading 4035 Unused Serialized files (Serialized files now loaded: 0)
Unloading 19 unused Assets / (31.2 KB). Loaded Objects now: 4548.
Memory consumption went from 144.4 MB to 144.4 MB.
Total: 12.720300 ms (FindLiveObjects: 0.692000 ms CreateObjectMapping: 0.533900 ms MarkObjects: 11.303300 ms  DeleteObjects: 0.189200 ms)

Prepare: number of updated asset objects reloaded= 0
AssetImportParameters requested are different than current active one (requested -> active):
  custom:container-demuxer-ogg: 62fdf1f143b41e24485cea50d1cbac27 -> 
  custom:video-decoder-ogg-theora: a1e56fd34408186e4bbccfd4996cb3dc -> 
  custom:framework-win-MediaFoundation: 216162199b28c13a410421893ffa2e32 -> 
  custom:CustomObjectIndexerAttribute: 9a22284fe3817be447336de3de66b15e -> 
  custom:container-demuxer-webm: 4f35f7cbe854078d1ac9338744f61a02 -> 
  custom:container-muxer-webm: aa71ff27fc2769a1b78a27578f13a17b -> 
  custom:scripting/monoscript/fileName/Choice.cs: 4bdc8d7b1484d073f03fa9182351b6cf -> 
  custom:scripting/monoscript/fileName/SceneData.cs: 5ed3fba365915d72bd9c60cc866912ef -> 550971d4148451c2b85e6e850c7350e3
  custom:video-decoder-webm-vp8: 9c59270c3fd7afecdb556c50c9e8de78 -> 
  custom:SearchIndexIgnoredProperties: e643bd26f0fe6173181afceb89e7c659 -> 
  custom:AudioImporter_EditorPlatform: d09bf68614088b80899f8185d706f6e7 -> 
  custom:video-encoder-webm-vp8: eb34c28f22e8b96e1ab97ce403110664 -> 
  custom:audio-decoder-ogg-vorbis: bf7c407c2cedff20999df2af8eb42d56 -> 
  custom:scripting/monoscript/fileName/StoryData.cs: 1644ac1a06afbcc6e9a4f64e55a461f8 -> 1636ce31733873dea4092bfffcc34135
  custom:audio-encoder-webm-vorbis: bf7c407c2cedff20999df2af8eb42d56 -> 
========================================================================
Received Prepare
Caller must complete domain reload
Begin MonoManager ReloadAssembly
- Loaded All Assemblies, in  2.854 seconds
Native extension for WindowsStandalone target not found
Native extension for Android target not found
Mono: successfully reloaded assembly
- Finished resetting the current domain, in  7.014 seconds
Domain Reload Profiling: 9832ms
	BeginReloadAssembly (849ms)
		ExecutionOrderSort (0ms)
		DisableScriptedObjects (57ms)
		BackupInstance (0ms)
		ReleaseScriptingObjects (0ms)
		CreateAndSetChildDomain (117ms)
	RebuildCommonClasses (178ms)
	RebuildNativeTypeToScriptingClass (43ms)
	initialDomainReloadingComplete (222ms)
	LoadAllAssembliesAndSetupDomain (1523ms)
		LoadAssemblies (1983ms)
		RebuildTransferFunctionScriptingTraits (0ms)
		AnalyzeDomain (92ms)
			TypeCache.Refresh (23ms)
				TypeCache.ScanAssembly (0ms)
			ScanForSourceGeneratedMonoScriptInfo (1ms)
			ResolveRequiredComponents (65ms)
	FinalizeReload (7016ms)
		ReleaseScriptCaches (0ms)
		RebuildScriptCaches (0ms)
		SetupLoadedEditorAssemblies (2413ms)
			LogAssemblyErrors (0ms)
			InitializePlatformSupportModulesInManaged (143ms)
			SetLoadedEditorAssemblies (15ms)
			RefreshPlugins (0ms)
			BeforeProcessingInitializeOnLoad (451ms)
			ProcessInitializeOnLoadAttributes (1535ms)
			ProcessInitializeOnLoadMethodAttributes (195ms)
			AfterProcessingInitializeOnLoad (74ms)
			EditorAssembliesLoaded (1ms)
		ExecutionOrderSort2 (0ms)
		AwakeInstancesAfterBackupRestoration (54ms)
Refreshing native plugins compatible for Editor in 25.58 ms, found 4 plugins.
Preloading 0 native plugins for Editor in 0.00 ms.
Unloading 4035 Unused Serialized files (Serialized files now loaded: 0)
Unloading 19 unused Assets / (31.2 KB). Loaded Objects now: 4552.
Memory consumption went from 144.4 MB to 144.4 MB.
Total: 6.692500 ms (FindLiveObjects: 0.533900 ms CreateObjectMapping: 0.213600 ms MarkObjects: 5.831700 ms  DeleteObjects: 0.110800 ms)

Prepare: number of updated asset objects reloaded= 0
AssetImportParameters requested are different than current active one (requested -> active):
  custom:container-demuxer-ogg: 62fdf1f143b41e24485cea50d1cbac27 -> 
  custom:video-decoder-ogg-theora: a1e56fd34408186e4bbccfd4996cb3dc -> 
  custom:framework-win-MediaFoundation: 216162199b28c13a410421893ffa2e32 -> 
  custom:CustomObjectIndexerAttribute: 9a22284fe3817be447336de3de66b15e -> 
  custom:container-demuxer-webm: 4f35f7cbe854078d1ac9338744f61a02 -> 
  custom:container-muxer-webm: aa71ff27fc2769a1b78a27578f13a17b -> 
  custom:scripting/monoscript/fileName/Choice.cs: 4bdc8d7b1484d073f03fa9182351b6cf -> 
  custom:scripting/monoscript/fileName/SceneData.cs: 5ed3fba365915d72bd9c60cc866912ef -> 550971d4148451c2b85e6e850c7350e3
  custom:video-decoder-webm-vp8: 9c59270c3fd7afecdb556c50c9e8de78 -> 
  custom:SearchIndexIgnoredProperties: e643bd26f0fe6173181afceb89e7c659 -> 
  custom:AudioImporter_EditorPlatform: d09bf68614088b80899f8185d706f6e7 -> 
  custom:video-encoder-webm-vp8: eb34c28f22e8b96e1ab97ce403110664 -> 
  custom:audio-decoder-ogg-vorbis: bf7c407c2cedff20999df2af8eb42d56 -> 
  custom:scripting/monoscript/fileName/StoryData.cs: 1644ac1a06afbcc6e9a4f64e55a461f8 -> 1636ce31733873dea4092bfffcc34135
  custom:audio-encoder-webm-vorbis: bf7c407c2cedff20999df2af8eb42d56 -> 
========================================================================
Received Prepare
Caller must complete domain reload
Begin MonoManager ReloadAssembly
- Loaded All Assemblies, in  2.042 seconds
Native extension for WindowsStandalone target not found
Native extension for Android target not found
Mono: successfully reloaded assembly
- Finished resetting the current domain, in  4.863 seconds
Domain Reload Profiling: 6867ms
	BeginReloadAssembly (665ms)
		ExecutionOrderSort (0ms)
		DisableScriptedObjects (35ms)
		BackupInstance (0ms)
		ReleaseScriptingObjects (0ms)
		CreateAndSetChildDomain (114ms)
	RebuildCommonClasses (127ms)
	RebuildNativeTypeToScriptingClass (45ms)
	initialDomainReloadingComplete (127ms)
	LoadAllAssembliesAndSetupDomain (1040ms)
		LoadAssemblies (1382ms)
		RebuildTransferFunctionScriptingTraits (0ms)
		AnalyzeDomain (72ms)
			TypeCache.Refresh (22ms)
				TypeCache.ScanAssembly (1ms)
			ScanForSourceGeneratedMonoScriptInfo (31ms)
			ResolveRequiredComponents (17ms)
	FinalizeReload (4864ms)
		ReleaseScriptCaches (0ms)
		RebuildScriptCaches (0ms)
		SetupLoadedEditorAssemblies (1661ms)
			LogAssemblyErrors (0ms)
			InitializePlatformSupportModulesInManaged (95ms)
			SetLoadedEditorAssemblies (15ms)
			RefreshPlugins (0ms)
			BeforeProcessingInitializeOnLoad (296ms)
			ProcessInitializeOnLoadAttributes (1111ms)
			ProcessInitializeOnLoadMethodAttributes (93ms)
			AfterProcessingInitializeOnLoad (50ms)
			EditorAssembliesLoaded (1ms)
		ExecutionOrderSort2 (0ms)
		AwakeInstancesAfterBackupRestoration (38ms)
Refreshing native plugins compatible for Editor in 33.25 ms, found 4 plugins.
Preloading 0 native plugins for Editor in 0.00 ms.
Unloading 4035 Unused Serialized files (Serialized files now loaded: 0)
Unloading 19 unused Assets / (31.2 KB). Loaded Objects now: 4556.
Memory consumption went from 144.4 MB to 144.4 MB.
Total: 7.372000 ms (FindLiveObjects: 0.518100 ms CreateObjectMapping: 0.209200 ms MarkObjects: 6.517700 ms  DeleteObjects: 0.124400 ms)

Prepare: number of updated asset objects reloaded= 0
AssetImportParameters requested are different than current active one (requested -> active):
  custom:container-demuxer-ogg: 62fdf1f143b41e24485cea50d1cbac27 -> 
  custom:video-decoder-ogg-theora: a1e56fd34408186e4bbccfd4996cb3dc -> 
  custom:framework-win-MediaFoundation: 216162199b28c13a410421893ffa2e32 -> 
  custom:CustomObjectIndexerAttribute: 9a22284fe3817be447336de3de66b15e -> 
  custom:container-demuxer-webm: 4f35f7cbe854078d1ac9338744f61a02 -> 
  custom:container-muxer-webm: aa71ff27fc2769a1b78a27578f13a17b -> 
  custom:scripting/monoscript/fileName/Choice.cs: 4bdc8d7b1484d073f03fa9182351b6cf -> 
  custom:scripting/monoscript/fileName/SceneData.cs: 5ed3fba365915d72bd9c60cc866912ef -> 550971d4148451c2b85e6e850c7350e3
  custom:video-decoder-webm-vp8: 9c59270c3fd7afecdb556c50c9e8de78 -> 
  custom:SearchIndexIgnoredProperties: e643bd26f0fe6173181afceb89e7c659 -> 
  custom:AudioImporter_EditorPlatform: d09bf68614088b80899f8185d706f6e7 -> 
  custom:video-encoder-webm-vp8: eb34c28f22e8b96e1ab97ce403110664 -> 
  custom:audio-decoder-ogg-vorbis: bf7c407c2cedff20999df2af8eb42d56 -> 
  custom:scripting/monoscript/fileName/StoryData.cs: 1644ac1a06afbcc6e9a4f64e55a461f8 -> 1636ce31733873dea4092bfffcc34135
  custom:audio-encoder-webm-vorbis: bf7c407c2cedff20999df2af8eb42d56 -> 
========================================================================
Received Prepare
Caller must complete domain reload
Begin MonoManager ReloadAssembly
- Loaded All Assemblies, in  3.463 seconds
Native extension for WindowsStandalone target not found
Native extension for Android target not found
Mono: successfully reloaded assembly
- Finished resetting the current domain, in  7.060 seconds
Domain Reload Profiling: 10492ms
	BeginReloadAssembly (780ms)
		ExecutionOrderSort (0ms)
		DisableScriptedObjects (34ms)
		BackupInstance (0ms)
		ReleaseScriptingObjects (0ms)
		CreateAndSetChildDomain (250ms)
	RebuildCommonClasses (186ms)
	RebuildNativeTypeToScriptingClass (41ms)
	initialDomainReloadingComplete (190ms)
	LoadAllAssembliesAndSetupDomain (2228ms)
		LoadAssemblies (2453ms)
		RebuildTransferFunctionScriptingTraits (0ms)
		AnalyzeDomain (146ms)
			TypeCache.Refresh (91ms)
				TypeCache.ScanAssembly (0ms)
			ScanForSourceGeneratedMonoScriptInfo (1ms)
			ResolveRequiredComponents (49ms)
	FinalizeReload (7068ms)
		ReleaseScriptCaches (0ms)
		RebuildScriptCaches (0ms)
		SetupLoadedEditorAssemblies (2347ms)
			LogAssemblyErrors (0ms)
			InitializePlatformSupportModulesInManaged (135ms)
			SetLoadedEditorAssemblies (18ms)
			RefreshPlugins (0ms)
			BeforeProcessingInitializeOnLoad (452ms)
			ProcessInitializeOnLoadAttributes (1532ms)
			ProcessInitializeOnLoadMethodAttributes (135ms)
			AfterProcessingInitializeOnLoad (74ms)
			EditorAssembliesLoaded (1ms)
		ExecutionOrderSort2 (0ms)
		AwakeInstancesAfterBackupRestoration (57ms)
Refreshing native plugins compatible for Editor in 52.35 ms, found 4 plugins.
Preloading 0 native plugins for Editor in 0.00 ms.
Unloading 4035 Unused Serialized files (Serialized files now loaded: 0)
Unloading 19 unused Assets / (31.2 KB). Loaded Objects now: 4560.
Memory consumption went from 144.4 MB to 144.4 MB.
Total: 35.119000 ms (FindLiveObjects: 18.749200 ms CreateObjectMapping: 5.054700 ms MarkObjects: 11.064500 ms  DeleteObjects: 0.157100 ms)

Prepare: number of updated asset objects reloaded= 0
AssetImportParameters requested are different than current active one (requested -> active):
  custom:container-demuxer-ogg: 62fdf1f143b41e24485cea50d1cbac27 -> 
  custom:video-decoder-ogg-theora: a1e56fd34408186e4bbccfd4996cb3dc -> 
  custom:framework-win-MediaFoundation: 216162199b28c13a410421893ffa2e32 -> 
  custom:CustomObjectIndexerAttribute: 9a22284fe3817be447336de3de66b15e -> 
  custom:container-demuxer-webm: 4f35f7cbe854078d1ac9338744f61a02 -> 
  custom:container-muxer-webm: aa71ff27fc2769a1b78a27578f13a17b -> 
  custom:scripting/monoscript/fileName/Choice.cs: 4bdc8d7b1484d073f03fa9182351b6cf -> 
  custom:scripting/monoscript/fileName/SceneData.cs: 5ed3fba365915d72bd9c60cc866912ef -> 550971d4148451c2b85e6e850c7350e3
  custom:video-decoder-webm-vp8: 9c59270c3fd7afecdb556c50c9e8de78 -> 
  custom:SearchIndexIgnoredProperties: e643bd26f0fe6173181afceb89e7c659 -> 
  custom:AudioImporter_EditorPlatform: d09bf68614088b80899f8185d706f6e7 -> 
  custom:video-encoder-webm-vp8: eb34c28f22e8b96e1ab97ce403110664 -> 
  custom:audio-decoder-ogg-vorbis: bf7c407c2cedff20999df2af8eb42d56 -> 
  custom:scripting/monoscript/fileName/StoryData.cs: 1644ac1a06afbcc6e9a4f64e55a461f8 -> 1636ce31733873dea4092bfffcc34135
  custom:audio-encoder-webm-vorbis: bf7c407c2cedff20999df2af8eb42d56 -> 
========================================================================
Received Prepare
Caller must complete domain reload
Begin MonoManager ReloadAssembly
- Loaded All Assemblies, in  4.619 seconds
Native extension for WindowsStandalone target not found
Native extension for Android target not found
Mono: successfully reloaded assembly
- Finished resetting the current domain, in  9.344 seconds
Domain Reload Profiling: 13890ms
	BeginReloadAssembly (689ms)
		ExecutionOrderSort (0ms)
		DisableScriptedObjects (33ms)
		BackupInstance (0ms)
		ReleaseScriptingObjects (0ms)
		CreateAndSetChildDomain (113ms)
	RebuildCommonClasses (251ms)
	RebuildNativeTypeToScriptingClass (96ms)
	initialDomainReloadingComplete (620ms)
	LoadAllAssembliesAndSetupDomain (2889ms)
		LoadAssemblies (3076ms)
		RebuildTransferFunctionScriptingTraits (0ms)
		AnalyzeDomain (208ms)
			TypeCache.Refresh (58ms)
				TypeCache.ScanAssembly (3ms)
			ScanForSourceGeneratedMonoScriptInfo (126ms)
			ResolveRequiredComponents (21ms)
	FinalizeReload (9345ms)
		ReleaseScriptCaches (0ms)
		RebuildScriptCaches (0ms)
		SetupLoadedEditorAssemblies (2235ms)
			LogAssemblyErrors (0ms)
			InitializePlatformSupportModulesInManaged (139ms)
			SetLoadedEditorAssemblies (12ms)
			RefreshPlugins (0ms)
			BeforeProcessingInitializeOnLoad (476ms)
			ProcessInitializeOnLoadAttributes (1338ms)
			ProcessInitializeOnLoadMethodAttributes (196ms)
			AfterProcessingInitializeOnLoad (72ms)
			EditorAssembliesLoaded (1ms)
		ExecutionOrderSort2 (0ms)
		AwakeInstancesAfterBackupRestoration (54ms)
Refreshing native plugins compatible for Editor in 38.88 ms, found 4 plugins.
Preloading 0 native plugins for Editor in 0.00 ms.
Unloading 4035 Unused Serialized files (Serialized files now loaded: 0)
Unloading 19 unused Assets / (31.2 KB). Loaded Objects now: 4564.
Memory consumption went from 144.4 MB to 144.4 MB.
Total: 9.929500 ms (FindLiveObjects: 0.560700 ms CreateObjectMapping: 0.280500 ms MarkObjects: 8.959200 ms  DeleteObjects: 0.126600 ms)

Prepare: number of updated asset objects reloaded= 0
AssetImportParameters requested are different than current active one (requested -> active):
  custom:container-demuxer-ogg: 62fdf1f143b41e24485cea50d1cbac27 -> 
  custom:video-decoder-ogg-theora: a1e56fd34408186e4bbccfd4996cb3dc -> 
  custom:framework-win-MediaFoundation: 216162199b28c13a410421893ffa2e32 -> 
  custom:CustomObjectIndexerAttribute: 9a22284fe3817be447336de3de66b15e -> 
  custom:container-demuxer-webm: 4f35f7cbe854078d1ac9338744f61a02 -> 
  custom:container-muxer-webm: aa71ff27fc2769a1b78a27578f13a17b -> 
  custom:scripting/monoscript/fileName/Choice.cs: 4bdc8d7b1484d073f03fa9182351b6cf -> 
  custom:scripting/monoscript/fileName/SceneData.cs: 5ed3fba365915d72bd9c60cc866912ef -> 550971d4148451c2b85e6e850c7350e3
  custom:video-decoder-webm-vp8: 9c59270c3fd7afecdb556c50c9e8de78 -> 
  custom:SearchIndexIgnoredProperties: e643bd26f0fe6173181afceb89e7c659 -> 
  custom:AudioImporter_EditorPlatform: d09bf68614088b80899f8185d706f6e7 -> 
  custom:video-encoder-webm-vp8: eb34c28f22e8b96e1ab97ce403110664 -> 
  custom:audio-decoder-ogg-vorbis: bf7c407c2cedff20999df2af8eb42d56 -> 
  custom:scripting/monoscript/fileName/StoryData.cs: 1644ac1a06afbcc6e9a4f64e55a461f8 -> 1636ce31733873dea4092bfffcc34135
  custom:audio-encoder-webm-vorbis: bf7c407c2cedff20999df2af8eb42d56 -> 
========================================================================
Received Prepare
Caller must complete domain reload
Begin MonoManager ReloadAssembly
- Loaded All Assemblies, in  4.172 seconds
Native extension for WindowsStandalone target not found
Native extension for Android target not found
Mono: successfully reloaded assembly
- Finished resetting the current domain, in  7.961 seconds
Domain Reload Profiling: 12096ms
	BeginReloadAssembly (925ms)
		ExecutionOrderSort (0ms)
		DisableScriptedObjects (87ms)
		BackupInstance (0ms)
		ReleaseScriptingObjects (0ms)
		CreateAndSetChildDomain (106ms)
	RebuildCommonClasses (408ms)
	RebuildNativeTypeToScriptingClass (78ms)
	initialDomainReloadingComplete (159ms)
	LoadAllAssembliesAndSetupDomain (2563ms)
		LoadAssemblies (3094ms)
		RebuildTransferFunctionScriptingTraits (0ms)
		AnalyzeDomain (84ms)
			TypeCache.Refresh (35ms)
				TypeCache.ScanAssembly (0ms)
			ScanForSourceGeneratedMonoScriptInfo (1ms)
			ResolveRequiredComponents (43ms)
	FinalizeReload (7963ms)
		ReleaseScriptCaches (0ms)
		RebuildScriptCaches (0ms)
		SetupLoadedEditorAssemblies (2296ms)
			LogAssemblyErrors (0ms)
			InitializePlatformSupportModulesInManaged (134ms)
			SetLoadedEditorAssemblies (13ms)
			RefreshPlugins (0ms)
			BeforeProcessingInitializeOnLoad (406ms)
			ProcessInitializeOnLoadAttributes (1548ms)
			ProcessInitializeOnLoadMethodAttributes (128ms)
			AfterProcessingInitializeOnLoad (68ms)
			EditorAssembliesLoaded (1ms)
		ExecutionOrderSort2 (0ms)
		AwakeInstancesAfterBackupRestoration (54ms)
Refreshing native plugins compatible for Editor in 37.26 ms, found 4 plugins.
Preloading 0 native plugins for Editor in 0.00 ms.
Unloading 4035 Unused Serialized files (Serialized files now loaded: 0)
Unloading 19 unused Assets / (31.2 KB). Loaded Objects now: 4568.
Memory consumption went from 144.4 MB to 144.4 MB.
Total: 12.506900 ms (FindLiveObjects: 1.997200 ms CreateObjectMapping: 1.031600 ms MarkObjects: 9.181100 ms  DeleteObjects: 0.294600 ms)

Prepare: number of updated asset objects reloaded= 0
AssetImportParameters requested are different than current active one (requested -> active):
  custom:container-demuxer-ogg: 62fdf1f143b41e24485cea50d1cbac27 -> 
  custom:video-decoder-ogg-theora: a1e56fd34408186e4bbccfd4996cb3dc -> 
  custom:framework-win-MediaFoundation: 216162199b28c13a410421893ffa2e32 -> 
  custom:CustomObjectIndexerAttribute: 9a22284fe3817be447336de3de66b15e -> 
  custom:container-demuxer-webm: 4f35f7cbe854078d1ac9338744f61a02 -> 
  custom:container-muxer-webm: aa71ff27fc2769a1b78a27578f13a17b -> 
  custom:scripting/monoscript/fileName/Choice.cs: 4bdc8d7b1484d073f03fa9182351b6cf -> 
  custom:scripting/monoscript/fileName/SceneData.cs: 5ed3fba365915d72bd9c60cc866912ef -> 550971d4148451c2b85e6e850c7350e3
  custom:video-decoder-webm-vp8: 9c59270c3fd7afecdb556c50c9e8de78 -> 
  custom:SearchIndexIgnoredProperties: e643bd26f0fe6173181afceb89e7c659 -> 
  custom:AudioImporter_EditorPlatform: d09bf68614088b80899f8185d706f6e7 -> 
  custom:video-encoder-webm-vp8: eb34c28f22e8b96e1ab97ce403110664 -> 
  custom:audio-decoder-ogg-vorbis: bf7c407c2cedff20999df2af8eb42d56 -> 
  custom:scripting/monoscript/fileName/StoryData.cs: 1644ac1a06afbcc6e9a4f64e55a461f8 -> 1636ce31733873dea4092bfffcc34135
  custom:audio-encoder-webm-vorbis: bf7c407c2cedff20999df2af8eb42d56 -> 
========================================================================
Received Prepare
Caller must complete domain reload
Begin MonoManager ReloadAssembly
- Loaded All Assemblies, in  4.587 seconds
Native extension for WindowsStandalone target not found
Native extension for Android target not found
Mono: successfully reloaded assembly
- Finished resetting the current domain, in  8.684 seconds
Domain Reload Profiling: 13204ms
	BeginReloadAssembly (743ms)
		ExecutionOrderSort (0ms)
		DisableScriptedObjects (32ms)
		BackupInstance (0ms)
		ReleaseScriptingObjects (0ms)
		CreateAndSetChildDomain (154ms)
	RebuildCommonClasses (123ms)
	RebuildNativeTypeToScriptingClass (36ms)
	initialDomainReloadingComplete (851ms)
	LoadAllAssembliesAndSetupDomain (2764ms)
		LoadAssemblies (3007ms)
		RebuildTransferFunctionScriptingTraits (0ms)
		AnalyzeDomain (165ms)
			TypeCache.Refresh (38ms)
				TypeCache.ScanAssembly (1ms)
			ScanForSourceGeneratedMonoScriptInfo (81ms)
			ResolveRequiredComponents (41ms)
	FinalizeReload (8686ms)
		ReleaseScriptCaches (0ms)
		RebuildScriptCaches (0ms)
		SetupLoadedEditorAssemblies (2249ms)
			LogAssemblyErrors (0ms)
			InitializePlatformSupportModulesInManaged (135ms)
			SetLoadedEditorAssemblies (12ms)
			RefreshPlugins (0ms)
			BeforeProcessingInitializeOnLoad (423ms)
			ProcessInitializeOnLoadAttributes (1434ms)
			ProcessInitializeOnLoadMethodAttributes (169ms)
			AfterProcessingInitializeOnLoad (75ms)
			EditorAssembliesLoaded (1ms)
		ExecutionOrderSort2 (0ms)
		AwakeInstancesAfterBackupRestoration (56ms)
Refreshing native plugins compatible for Editor in 46.26 ms, found 4 plugins.
Preloading 0 native plugins for Editor in 0.00 ms.
Unloading 4035 Unused Serialized files (Serialized files now loaded: 0)
Unloading 19 unused Assets / (31.2 KB). Loaded Objects now: 4572.
Memory consumption went from 144.4 MB to 144.4 MB.
Total: 13.695100 ms (FindLiveObjects: 1.481600 ms CreateObjectMapping: 1.583600 ms MarkObjects: 10.504900 ms  DeleteObjects: 0.122600 ms)

Prepare: number of updated asset objects reloaded= 0
AssetImportParameters requested are different than current active one (requested -> active):
  custom:container-demuxer-ogg: 62fdf1f143b41e24485cea50d1cbac27 -> 
  custom:video-decoder-ogg-theora: a1e56fd34408186e4bbccfd4996cb3dc -> 
  custom:framework-win-MediaFoundation: 216162199b28c13a410421893ffa2e32 -> 
  custom:CustomObjectIndexerAttribute: 9a22284fe3817be447336de3de66b15e -> 
  custom:container-demuxer-webm: 4f35f7cbe854078d1ac9338744f61a02 -> 
  custom:container-muxer-webm: aa71ff27fc2769a1b78a27578f13a17b -> 
  custom:scripting/monoscript/fileName/Choice.cs: 4bdc8d7b1484d073f03fa9182351b6cf -> 
  custom:scripting/monoscript/fileName/SceneData.cs: 5ed3fba365915d72bd9c60cc866912ef -> 550971d4148451c2b85e6e850c7350e3
  custom:video-decoder-webm-vp8: 9c59270c3fd7afecdb556c50c9e8de78 -> 
  custom:SearchIndexIgnoredProperties: e643bd26f0fe6173181afceb89e7c659 -> 
  custom:AudioImporter_EditorPlatform: d09bf68614088b80899f8185d706f6e7 -> 
  custom:video-encoder-webm-vp8: eb34c28f22e8b96e1ab97ce403110664 -> 
  custom:audio-decoder-ogg-vorbis: bf7c407c2cedff20999df2af8eb42d56 -> 
  custom:scripting/monoscript/fileName/StoryData.cs: 1644ac1a06afbcc6e9a4f64e55a461f8 -> 1636ce31733873dea4092bfffcc34135
  custom:audio-encoder-webm-vorbis: bf7c407c2cedff20999df2af8eb42d56 -> 
========================================================================
Received Prepare
Caller must complete domain reload
Begin MonoManager ReloadAssembly
- Loaded All Assemblies, in  2.359 seconds
Native extension for WindowsStandalone target not found
Native extension for Android target not found
Mono: successfully reloaded assembly
- Finished resetting the current domain, in  6.412 seconds
Domain Reload Profiling: 8741ms
	BeginReloadAssembly (756ms)
		ExecutionOrderSort (0ms)
		DisableScriptedObjects (34ms)
		BackupInstance (0ms)
		ReleaseScriptingObjects (0ms)
		CreateAndSetChildDomain (119ms)
	RebuildCommonClasses (123ms)
	RebuildNativeTypeToScriptingClass (36ms)
	initialDomainReloadingComplete (295ms)
	LoadAllAssembliesAndSetupDomain (1119ms)
		LoadAssemblies (1489ms)
		RebuildTransferFunctionScriptingTraits (0ms)
		AnalyzeDomain (90ms)
			TypeCache.Refresh (25ms)
				TypeCache.ScanAssembly (1ms)
			ScanForSourceGeneratedMonoScriptInfo (42ms)
			ResolveRequiredComponents (20ms)
	FinalizeReload (6413ms)
		ReleaseScriptCaches (0ms)
		RebuildScriptCaches (0ms)
		SetupLoadedEditorAssemblies (1875ms)
			LogAssemblyErrors (0ms)
			InitializePlatformSupportModulesInManaged (104ms)
			SetLoadedEditorAssemblies (9ms)
			RefreshPlugins (0ms)
			BeforeProcessingInitializeOnLoad (305ms)
			ProcessInitializeOnLoadAttributes (1296ms)
			ProcessInitializeOnLoadMethodAttributes (91ms)
			AfterProcessingInitializeOnLoad (71ms)
			EditorAssembliesLoaded (1ms)
		ExecutionOrderSort2 (0ms)
		AwakeInstancesAfterBackupRestoration (38ms)
Refreshing native plugins compatible for Editor in 53.41 ms, found 4 plugins.
Preloading 0 native plugins for Editor in 0.00 ms.
Unloading 4035 Unused Serialized files (Serialized files now loaded: 0)
Unloading 19 unused Assets / (31.2 KB). Loaded Objects now: 4576.
Memory consumption went from 144.4 MB to 144.4 MB.
Total: 95.420000 ms (FindLiveObjects: 0.540600 ms CreateObjectMapping: 0.285600 ms MarkObjects: 94.113500 ms  DeleteObjects: 0.477800 ms)

Prepare: number of updated asset objects reloaded= 0
AssetImportParameters requested are different than current active one (requested -> active):
  custom:container-demuxer-ogg: 62fdf1f143b41e24485cea50d1cbac27 -> 
  custom:video-decoder-ogg-theora: a1e56fd34408186e4bbccfd4996cb3dc -> 
  custom:framework-win-MediaFoundation: 216162199b28c13a410421893ffa2e32 -> 
  custom:CustomObjectIndexerAttribute: 9a22284fe3817be447336de3de66b15e -> 
  custom:container-demuxer-webm: 4f35f7cbe854078d1ac9338744f61a02 -> 
  custom:container-muxer-webm: aa71ff27fc2769a1b78a27578f13a17b -> 
  custom:scripting/monoscript/fileName/Choice.cs: 4bdc8d7b1484d073f03fa9182351b6cf -> 
  custom:scripting/monoscript/fileName/SceneData.cs: 5ed3fba365915d72bd9c60cc866912ef -> 550971d4148451c2b85e6e850c7350e3
  custom:video-decoder-webm-vp8: 9c59270c3fd7afecdb556c50c9e8de78 -> 
  custom:SearchIndexIgnoredProperties: e643bd26f0fe6173181afceb89e7c659 -> 
  custom:AudioImporter_EditorPlatform: d09bf68614088b80899f8185d706f6e7 -> 
  custom:video-encoder-webm-vp8: eb34c28f22e8b96e1ab97ce403110664 -> 
  custom:audio-decoder-ogg-vorbis: bf7c407c2cedff20999df2af8eb42d56 -> 
  custom:scripting/monoscript/fileName/StoryData.cs: 1644ac1a06afbcc6e9a4f64e55a461f8 -> 1636ce31733873dea4092bfffcc34135
  custom:audio-encoder-webm-vorbis: bf7c407c2cedff20999df2af8eb42d56 -> 
========================================================================
Received Prepare
Caller must complete domain reload
Begin MonoManager ReloadAssembly
- Loaded All Assemblies, in  4.807 seconds
Native extension for WindowsStandalone target not found
Native extension for Android target not found
Mono: successfully reloaded assembly
- Finished resetting the current domain, in 10.080 seconds
Domain Reload Profiling: 14804ms
	BeginReloadAssembly (1618ms)
		ExecutionOrderSort (0ms)
		DisableScriptedObjects (82ms)
		BackupInstance (0ms)
		ReleaseScriptingObjects (0ms)
		CreateAndSetChildDomain (177ms)
	RebuildCommonClasses (538ms)
	RebuildNativeTypeToScriptingClass (53ms)
	initialDomainReloadingComplete (278ms)
	LoadAllAssembliesAndSetupDomain (2235ms)
		LoadAssemblies (3293ms)
		RebuildTransferFunctionScriptingTraits (0ms)
		AnalyzeDomain (75ms)
			TypeCache.Refresh (30ms)
				TypeCache.ScanAssembly (0ms)
			ScanForSourceGeneratedMonoScriptInfo (1ms)
			ResolveRequiredComponents (38ms)
	FinalizeReload (10082ms)
		ReleaseScriptCaches (0ms)
		RebuildScriptCaches (0ms)
		SetupLoadedEditorAssemblies (2860ms)
			LogAssemblyErrors (0ms)
			InitializePlatformSupportModulesInManaged (365ms)
			SetLoadedEditorAssemblies (34ms)
			RefreshPlugins (0ms)
			BeforeProcessingInitializeOnLoad (528ms)
			ProcessInitializeOnLoadAttributes (1738ms)
			ProcessInitializeOnLoadMethodAttributes (123ms)
			AfterProcessingInitializeOnLoad (70ms)
			EditorAssembliesLoaded (1ms)
		ExecutionOrderSort2 (0ms)
		AwakeInstancesAfterBackupRestoration (52ms)
Refreshing native plugins compatible for Editor in 50.11 ms, found 4 plugins.
Preloading 0 native plugins for Editor in 0.00 ms.
Unloading 4035 Unused Serialized files (Serialized files now loaded: 0)
Unloading 19 unused Assets / (31.3 KB). Loaded Objects now: 4580.
Memory consumption went from 144.4 MB to 144.4 MB.
Total: 8.944600 ms (FindLiveObjects: 0.556100 ms CreateObjectMapping: 0.364500 ms MarkObjects: 7.856500 ms  DeleteObjects: 0.164900 ms)

Prepare: number of updated asset objects reloaded= 0
AssetImportParameters requested are different than current active one (requested -> active):
  custom:container-demuxer-ogg: 62fdf1f143b41e24485cea50d1cbac27 -> 
  custom:video-decoder-ogg-theora: a1e56fd34408186e4bbccfd4996cb3dc -> 
  custom:framework-win-MediaFoundation: 216162199b28c13a410421893ffa2e32 -> 
  custom:CustomObjectIndexerAttribute: 9a22284fe3817be447336de3de66b15e -> 
  custom:container-demuxer-webm: 4f35f7cbe854078d1ac9338744f61a02 -> 
  custom:container-muxer-webm: aa71ff27fc2769a1b78a27578f13a17b -> 
  custom:scripting/monoscript/fileName/Choice.cs: 4bdc8d7b1484d073f03fa9182351b6cf -> 
  custom:scripting/monoscript/fileName/SceneData.cs: 5ed3fba365915d72bd9c60cc866912ef -> 550971d4148451c2b85e6e850c7350e3
  custom:video-decoder-webm-vp8: 9c59270c3fd7afecdb556c50c9e8de78 -> 
  custom:SearchIndexIgnoredProperties: e643bd26f0fe6173181afceb89e7c659 -> 
  custom:AudioImporter_EditorPlatform: d09bf68614088b80899f8185d706f6e7 -> 
  custom:video-encoder-webm-vp8: eb34c28f22e8b96e1ab97ce403110664 -> 
  custom:audio-decoder-ogg-vorbis: bf7c407c2cedff20999df2af8eb42d56 -> 
  custom:scripting/monoscript/fileName/StoryData.cs: 1644ac1a06afbcc6e9a4f64e55a461f8 -> 1636ce31733873dea4092bfffcc34135
  custom:audio-encoder-webm-vorbis: bf7c407c2cedff20999df2af8eb42d56 -> 
========================================================================
Received Prepare
Caller must complete domain reload
Begin MonoManager ReloadAssembly
- Loaded All Assemblies, in  2.440 seconds
Native extension for WindowsStandalone target not found
Native extension for Android target not found
Mono: successfully reloaded assembly
- Finished resetting the current domain, in  5.150 seconds
Domain Reload Profiling: 7555ms
	BeginReloadAssembly (618ms)
		ExecutionOrderSort (0ms)
		DisableScriptedObjects (48ms)
		BackupInstance (0ms)
		ReleaseScriptingObjects (0ms)
		CreateAndSetChildDomain (82ms)
	RebuildCommonClasses (172ms)
	RebuildNativeTypeToScriptingClass (35ms)
	initialDomainReloadingComplete (183ms)
	LoadAllAssembliesAndSetupDomain (1395ms)
		LoadAssemblies (1699ms)
		RebuildTransferFunctionScriptingTraits (0ms)
		AnalyzeDomain (86ms)
			TypeCache.Refresh (28ms)
				TypeCache.ScanAssembly (1ms)
			ScanForSourceGeneratedMonoScriptInfo (33ms)
			ResolveRequiredComponents (21ms)
	FinalizeReload (5151ms)
		ReleaseScriptCaches (0ms)
		RebuildScriptCaches (0ms)
		SetupLoadedEditorAssemblies (1866ms)
			LogAssemblyErrors (0ms)
			InitializePlatformSupportModulesInManaged (184ms)
			SetLoadedEditorAssemblies (53ms)
			RefreshPlugins (0ms)
			BeforeProcessingInitializeOnLoad (324ms)
			ProcessInitializeOnLoadAttributes (1117ms)
			ProcessInitializeOnLoadMethodAttributes (123ms)
			AfterProcessingInitializeOnLoad (65ms)
			EditorAssembliesLoaded (1ms)
		ExecutionOrderSort2 (0ms)
		AwakeInstancesAfterBackupRestoration (46ms)
Refreshing native plugins compatible for Editor in 33.77 ms, found 4 plugins.
Preloading 0 native plugins for Editor in 0.00 ms.
Unloading 4035 Unused Serialized files (Serialized files now loaded: 0)
Unloading 19 unused Assets / (31.3 KB). Loaded Objects now: 4584.
Memory consumption went from 144.5 MB to 144.4 MB.
Total: 7.642400 ms (FindLiveObjects: 0.510400 ms CreateObjectMapping: 0.204300 ms MarkObjects: 6.807500 ms  DeleteObjects: 0.117700 ms)

Prepare: number of updated asset objects reloaded= 0
AssetImportParameters requested are different than current active one (requested -> active):
  custom:container-demuxer-ogg: 62fdf1f143b41e24485cea50d1cbac27 -> 
  custom:video-decoder-ogg-theora: a1e56fd34408186e4bbccfd4996cb3dc -> 
  custom:framework-win-MediaFoundation: 216162199b28c13a410421893ffa2e32 -> 
  custom:CustomObjectIndexerAttribute: 9a22284fe3817be447336de3de66b15e -> 
  custom:container-demuxer-webm: 4f35f7cbe854078d1ac9338744f61a02 -> 
  custom:container-muxer-webm: aa71ff27fc2769a1b78a27578f13a17b -> 
  custom:scripting/monoscript/fileName/Choice.cs: 4bdc8d7b1484d073f03fa9182351b6cf -> 
  custom:scripting/monoscript/fileName/SceneData.cs: 5ed3fba365915d72bd9c60cc866912ef -> 550971d4148451c2b85e6e850c7350e3
  custom:video-decoder-webm-vp8: 9c59270c3fd7afecdb556c50c9e8de78 -> 
  custom:SearchIndexIgnoredProperties: e643bd26f0fe6173181afceb89e7c659 -> 
  custom:AudioImporter_EditorPlatform: d09bf68614088b80899f8185d706f6e7 -> 
  custom:video-encoder-webm-vp8: eb34c28f22e8b96e1ab97ce403110664 -> 
  custom:audio-decoder-ogg-vorbis: bf7c407c2cedff20999df2af8eb42d56 -> 
  custom:scripting/monoscript/fileName/StoryData.cs: 1644ac1a06afbcc6e9a4f64e55a461f8 -> 1636ce31733873dea4092bfffcc34135
  custom:audio-encoder-webm-vorbis: bf7c407c2cedff20999df2af8eb42d56 -> 
========================================================================
Received Prepare
Caller must complete domain reload
Begin MonoManager ReloadAssembly
- Loaded All Assemblies, in  3.874 seconds
Native extension for WindowsStandalone target not found
Native extension for Android target not found
Mono: successfully reloaded assembly
- Finished resetting the current domain, in 14.321 seconds
Domain Reload Profiling: 18142ms
	BeginReloadAssembly (994ms)
		ExecutionOrderSort (0ms)
		DisableScriptedObjects (33ms)
		BackupInstance (0ms)
		ReleaseScriptingObjects (0ms)
		CreateAndSetChildDomain (165ms)
	RebuildCommonClasses (134ms)
	RebuildNativeTypeToScriptingClass (40ms)
	initialDomainReloadingComplete (142ms)
	LoadAllAssembliesAndSetupDomain (2508ms)
		LoadAssemblies (3126ms)
		RebuildTransferFunctionScriptingTraits (0ms)
		AnalyzeDomain (94ms)
			TypeCache.Refresh (39ms)
				TypeCache.ScanAssembly (0ms)
			ScanForSourceGeneratedMonoScriptInfo (2ms)
			ResolveRequiredComponents (48ms)
	FinalizeReload (14323ms)
		ReleaseScriptCaches (0ms)
		RebuildScriptCaches (0ms)
		SetupLoadedEditorAssemblies (3518ms)
			LogAssemblyErrors (0ms)
			InitializePlatformSupportModulesInManaged (245ms)
			SetLoadedEditorAssemblies (19ms)
			RefreshPlugins (0ms)
			BeforeProcessingInitializeOnLoad (806ms)
			ProcessInitializeOnLoadAttributes (2195ms)
			ProcessInitializeOnLoadMethodAttributes (178ms)
			AfterProcessingInitializeOnLoad (75ms)
			EditorAssembliesLoaded (1ms)
		ExecutionOrderSort2 (0ms)
		AwakeInstancesAfterBackupRestoration (53ms)
Refreshing native plugins compatible for Editor in 99.51 ms, found 4 plugins.
Preloading 0 native plugins for Editor in 0.00 ms.
Unloading 4035 Unused Serialized files (Serialized files now loaded: 0)
Unloading 19 unused Assets / (31.3 KB). Loaded Objects now: 4588.
Memory consumption went from 144.5 MB to 144.4 MB.
Total: 10.480500 ms (FindLiveObjects: 0.694000 ms CreateObjectMapping: 0.386800 ms MarkObjects: 9.264000 ms  DeleteObjects: 0.133300 ms)

Prepare: number of updated asset objects reloaded= 0
AssetImportParameters requested are different than current active one (requested -> active):
  custom:container-demuxer-ogg: 62fdf1f143b41e24485cea50d1cbac27 -> 
  custom:video-decoder-ogg-theora: a1e56fd34408186e4bbccfd4996cb3dc -> 
  custom:framework-win-MediaFoundation: 216162199b28c13a410421893ffa2e32 -> 
  custom:CustomObjectIndexerAttribute: 9a22284fe3817be447336de3de66b15e -> 
  custom:container-demuxer-webm: 4f35f7cbe854078d1ac9338744f61a02 -> 
  custom:container-muxer-webm: aa71ff27fc2769a1b78a27578f13a17b -> 
  custom:scripting/monoscript/fileName/Choice.cs: 4bdc8d7b1484d073f03fa9182351b6cf -> 
  custom:scripting/monoscript/fileName/SceneData.cs: 5ed3fba365915d72bd9c60cc866912ef -> 550971d4148451c2b85e6e850c7350e3
  custom:video-decoder-webm-vp8: 9c59270c3fd7afecdb556c50c9e8de78 -> 
  custom:SearchIndexIgnoredProperties: e643bd26f0fe6173181afceb89e7c659 -> 
  custom:AudioImporter_EditorPlatform: d09bf68614088b80899f8185d706f6e7 -> 
  custom:video-encoder-webm-vp8: eb34c28f22e8b96e1ab97ce403110664 -> 
  custom:audio-decoder-ogg-vorbis: bf7c407c2cedff20999df2af8eb42d56 -> 
  custom:scripting/monoscript/fileName/StoryData.cs: 1644ac1a06afbcc6e9a4f64e55a461f8 -> 1636ce31733873dea4092bfffcc34135
  custom:audio-encoder-webm-vorbis: bf7c407c2cedff20999df2af8eb42d56 -> 
========================================================================
Received Prepare
Caller must complete domain reload
Begin MonoManager ReloadAssembly
- Loaded All Assemblies, in  2.962 seconds
Native extension for WindowsStandalone target not found
Native extension for Android target not found
Mono: successfully reloaded assembly
- Finished resetting the current domain, in  5.657 seconds
Domain Reload Profiling: 8588ms
	BeginReloadAssembly (1114ms)
		ExecutionOrderSort (0ms)
		DisableScriptedObjects (115ms)
		BackupInstance (0ms)
		ReleaseScriptingObjects (0ms)
		CreateAndSetChildDomain (98ms)
	RebuildCommonClasses (127ms)
	RebuildNativeTypeToScriptingClass (33ms)
	initialDomainReloadingComplete (146ms)
	LoadAllAssembliesAndSetupDomain (1512ms)
		LoadAssemblies (2244ms)
		RebuildTransferFunctionScriptingTraits (0ms)
		AnalyzeDomain (84ms)
			TypeCache.Refresh (27ms)
				TypeCache.ScanAssembly (1ms)
			ScanForSourceGeneratedMonoScriptInfo (32ms)
			ResolveRequiredComponents (22ms)
	FinalizeReload (5658ms)
		ReleaseScriptCaches (0ms)
		RebuildScriptCaches (0ms)
		SetupLoadedEditorAssemblies (2264ms)
			LogAssemblyErrors (0ms)
			InitializePlatformSupportModulesInManaged (95ms)
			SetLoadedEditorAssemblies (10ms)
			RefreshPlugins (0ms)
			BeforeProcessingInitializeOnLoad (344ms)
			ProcessInitializeOnLoadAttributes (1669ms)
			ProcessInitializeOnLoadMethodAttributes (87ms)
			AfterProcessingInitializeOnLoad (59ms)
			EditorAssembliesLoaded (1ms)
		ExecutionOrderSort2 (0ms)
		AwakeInstancesAfterBackupRestoration (40ms)
Refreshing native plugins compatible for Editor in 184.97 ms, found 4 plugins.
Preloading 0 native plugins for Editor in 0.00 ms.
Unloading 4035 Unused Serialized files (Serialized files now loaded: 0)
Unloading 19 unused Assets / (31.2 KB). Loaded Objects now: 4592.
Memory consumption went from 144.5 MB to 144.4 MB.
Total: 19.993500 ms (FindLiveObjects: 0.995300 ms CreateObjectMapping: 0.376900 ms MarkObjects: 18.491300 ms  DeleteObjects: 0.127300 ms)

Prepare: number of updated asset objects reloaded= 0
AssetImportParameters requested are different than current active one (requested -> active):
  custom:container-demuxer-ogg: 62fdf1f143b41e24485cea50d1cbac27 -> 
  custom:video-decoder-ogg-theora: a1e56fd34408186e4bbccfd4996cb3dc -> 
  custom:framework-win-MediaFoundation: 216162199b28c13a410421893ffa2e32 -> 
  custom:CustomObjectIndexerAttribute: 9a22284fe3817be447336de3de66b15e -> 
  custom:container-demuxer-webm: 4f35f7cbe854078d1ac9338744f61a02 -> 
  custom:container-muxer-webm: aa71ff27fc2769a1b78a27578f13a17b -> 
  custom:scripting/monoscript/fileName/Choice.cs: 4bdc8d7b1484d073f03fa9182351b6cf -> 
  custom:scripting/monoscript/fileName/SceneData.cs: 5ed3fba365915d72bd9c60cc866912ef -> 550971d4148451c2b85e6e850c7350e3
  custom:video-decoder-webm-vp8: 9c59270c3fd7afecdb556c50c9e8de78 -> 
  custom:SearchIndexIgnoredProperties: e643bd26f0fe6173181afceb89e7c659 -> 
  custom:AudioImporter_EditorPlatform: d09bf68614088b80899f8185d706f6e7 -> 
  custom:video-encoder-webm-vp8: eb34c28f22e8b96e1ab97ce403110664 -> 
  custom:audio-decoder-ogg-vorbis: bf7c407c2cedff20999df2af8eb42d56 -> 
  custom:scripting/monoscript/fileName/StoryData.cs: 1644ac1a06afbcc6e9a4f64e55a461f8 -> 1636ce31733873dea4092bfffcc34135
  custom:audio-encoder-webm-vorbis: bf7c407c2cedff20999df2af8eb42d56 -> 
========================================================================
Received Prepare
Caller must complete domain reload
Begin MonoManager ReloadAssembly
- Loaded All Assemblies, in  4.192 seconds
Native extension for WindowsStandalone target not found
Native extension for Android target not found
Mono: successfully reloaded assembly
- Finished resetting the current domain, in  4.168 seconds
Domain Reload Profiling: 8294ms
	BeginReloadAssembly (1690ms)
		ExecutionOrderSort (0ms)
		DisableScriptedObjects (108ms)
		BackupInstance (0ms)
		ReleaseScriptingObjects (0ms)
		CreateAndSetChildDomain (328ms)
	RebuildCommonClasses (413ms)
	RebuildNativeTypeToScriptingClass (94ms)
	initialDomainReloadingComplete (471ms)
	LoadAllAssembliesAndSetupDomain (1456ms)
		LoadAssemblies (2470ms)
		RebuildTransferFunctionScriptingTraits (0ms)
		AnalyzeDomain (34ms)
			TypeCache.Refresh (13ms)
				TypeCache.ScanAssembly (0ms)
			ScanForSourceGeneratedMonoScriptInfo (0ms)
			ResolveRequiredComponents (16ms)
	FinalizeReload (4169ms)
		ReleaseScriptCaches (0ms)
		RebuildScriptCaches (0ms)
		SetupLoadedEditorAssemblies (1196ms)
			LogAssemblyErrors (0ms)
			InitializePlatformSupportModulesInManaged (74ms)
			SetLoadedEditorAssemblies (9ms)
			RefreshPlugins (0ms)
			BeforeProcessingInitializeOnLoad (221ms)
			ProcessInitializeOnLoadAttributes (780ms)
			ProcessInitializeOnLoadMethodAttributes (68ms)
			AfterProcessingInitializeOnLoad (43ms)
			EditorAssembliesLoaded (1ms)
		ExecutionOrderSort2 (0ms)
		AwakeInstancesAfterBackupRestoration (29ms)
Refreshing native plugins compatible for Editor in 21.26 ms, found 4 plugins.
Preloading 0 native plugins for Editor in 0.00 ms.
Unloading 4035 Unused Serialized files (Serialized files now loaded: 0)
Unloading 19 unused Assets / (31.2 KB). Loaded Objects now: 4596.
Memory consumption went from 144.5 MB to 144.4 MB.
Total: 6.032200 ms (FindLiveObjects: 0.518900 ms CreateObjectMapping: 0.229000 ms MarkObjects: 5.179100 ms  DeleteObjects: 0.103200 ms)

Prepare: number of updated asset objects reloaded= 0
AssetImportParameters requested are different than current active one (requested -> active):
  custom:container-demuxer-ogg: 62fdf1f143b41e24485cea50d1cbac27 -> 
  custom:video-decoder-ogg-theora: a1e56fd34408186e4bbccfd4996cb3dc -> 
  custom:framework-win-MediaFoundation: 216162199b28c13a410421893ffa2e32 -> 
  custom:CustomObjectIndexerAttribute: 9a22284fe3817be447336de3de66b15e -> 
  custom:container-demuxer-webm: 4f35f7cbe854078d1ac9338744f61a02 -> 
  custom:container-muxer-webm: aa71ff27fc2769a1b78a27578f13a17b -> 
  custom:scripting/monoscript/fileName/Choice.cs: 4bdc8d7b1484d073f03fa9182351b6cf -> 
  custom:scripting/monoscript/fileName/SceneData.cs: 5ed3fba365915d72bd9c60cc866912ef -> 550971d4148451c2b85e6e850c7350e3
  custom:video-decoder-webm-vp8: 9c59270c3fd7afecdb556c50c9e8de78 -> 
  custom:SearchIndexIgnoredProperties: e643bd26f0fe6173181afceb89e7c659 -> 
  custom:AudioImporter_EditorPlatform: d09bf68614088b80899f8185d706f6e7 -> 
  custom:video-encoder-webm-vp8: eb34c28f22e8b96e1ab97ce403110664 -> 
  custom:audio-decoder-ogg-vorbis: bf7c407c2cedff20999df2af8eb42d56 -> 
  custom:scripting/monoscript/fileName/StoryData.cs: 1644ac1a06afbcc6e9a4f64e55a461f8 -> 1636ce31733873dea4092bfffcc34135
  custom:audio-encoder-webm-vorbis: bf7c407c2cedff20999df2af8eb42d56 -> 
========================================================================
Received Prepare
Caller must complete domain reload
Begin MonoManager ReloadAssembly
- Loaded All Assemblies, in  2.266 seconds
Native extension for WindowsStandalone target not found
Native extension for Android target not found
Mono: successfully reloaded assembly
- Finished resetting the current domain, in  5.161 seconds
Domain Reload Profiling: 7388ms
	BeginReloadAssembly (628ms)
		ExecutionOrderSort (0ms)
		DisableScriptedObjects (48ms)
		BackupInstance (0ms)
		ReleaseScriptingObjects (0ms)
		CreateAndSetChildDomain (94ms)
	RebuildCommonClasses (119ms)
	RebuildNativeTypeToScriptingClass (33ms)
	initialDomainReloadingComplete (215ms)
	LoadAllAssembliesAndSetupDomain (1231ms)
		LoadAssemblies (1544ms)
		RebuildTransferFunctionScriptingTraits (0ms)
		AnalyzeDomain (72ms)
			TypeCache.Refresh (22ms)
				TypeCache.ScanAssembly (1ms)
			ScanForSourceGeneratedMonoScriptInfo (29ms)
			ResolveRequiredComponents (18ms)
	FinalizeReload (5162ms)
		ReleaseScriptCaches (0ms)
		RebuildScriptCaches (0ms)
		SetupLoadedEditorAssemblies (1806ms)
			LogAssemblyErrors (0ms)
			InitializePlatformSupportModulesInManaged (89ms)
			SetLoadedEditorAssemblies (9ms)
			RefreshPlugins (0ms)
			BeforeProcessingInitializeOnLoad (280ms)
			ProcessInitializeOnLoadAttributes (1267ms)
			ProcessInitializeOnLoadMethodAttributes (106ms)
			AfterProcessingInitializeOnLoad (55ms)
			EditorAssembliesLoaded (1ms)
		ExecutionOrderSort2 (0ms)
		AwakeInstancesAfterBackupRestoration (39ms)
Refreshing native plugins compatible for Editor in 39.99 ms, found 4 plugins.
Preloading 0 native plugins for Editor in 0.00 ms.
Unloading 4035 Unused Serialized files (Serialized files now loaded: 0)
Unloading 19 unused Assets / (31.3 KB). Loaded Objects now: 4600.
Memory consumption went from 144.5 MB to 144.4 MB.
Total: 58.359600 ms (FindLiveObjects: 0.608500 ms CreateObjectMapping: 0.896400 ms MarkObjects: 55.330400 ms  DeleteObjects: 1.521200 ms)

Prepare: number of updated asset objects reloaded= 0
AssetImportParameters requested are different than current active one (requested -> active):
  custom:container-demuxer-ogg: 62fdf1f143b41e24485cea50d1cbac27 -> 
  custom:video-decoder-ogg-theora: a1e56fd34408186e4bbccfd4996cb3dc -> 
  custom:framework-win-MediaFoundation: 216162199b28c13a410421893ffa2e32 -> 
  custom:CustomObjectIndexerAttribute: 9a22284fe3817be447336de3de66b15e -> 
  custom:container-demuxer-webm: 4f35f7cbe854078d1ac9338744f61a02 -> 
  custom:container-muxer-webm: aa71ff27fc2769a1b78a27578f13a17b -> 
  custom:scripting/monoscript/fileName/Choice.cs: 4bdc8d7b1484d073f03fa9182351b6cf -> 
  custom:scripting/monoscript/fileName/SceneData.cs: 5ed3fba365915d72bd9c60cc866912ef -> 550971d4148451c2b85e6e850c7350e3
  custom:video-decoder-webm-vp8: 9c59270c3fd7afecdb556c50c9e8de78 -> 
  custom:SearchIndexIgnoredProperties: e643bd26f0fe6173181afceb89e7c659 -> 
  custom:AudioImporter_EditorPlatform: d09bf68614088b80899f8185d706f6e7 -> 
  custom:video-encoder-webm-vp8: eb34c28f22e8b96e1ab97ce403110664 -> 
  custom:audio-decoder-ogg-vorbis: bf7c407c2cedff20999df2af8eb42d56 -> 
  custom:scripting/monoscript/fileName/StoryData.cs: 1644ac1a06afbcc6e9a4f64e55a461f8 -> 1636ce31733873dea4092bfffcc34135
  custom:audio-encoder-webm-vorbis: bf7c407c2cedff20999df2af8eb42d56 -> 
========================================================================
Received Prepare
Caller must complete domain reload
Begin MonoManager ReloadAssembly
- Loaded All Assemblies, in  2.395 seconds
Native extension for WindowsStandalone target not found
Native extension for Android target not found
Mono: successfully reloaded assembly
- Finished resetting the current domain, in 11.282 seconds
Domain Reload Profiling: 13650ms
	BeginReloadAssembly (730ms)
		ExecutionOrderSort (0ms)
		DisableScriptedObjects (40ms)
		BackupInstance (0ms)
		ReleaseScriptingObjects (0ms)
		CreateAndSetChildDomain (179ms)
	RebuildCommonClasses (133ms)
	RebuildNativeTypeToScriptingClass (35ms)
	initialDomainReloadingComplete (167ms)
	LoadAllAssembliesAndSetupDomain (1301ms)
		LoadAssemblies (1632ms)
		RebuildTransferFunctionScriptingTraits (0ms)
		AnalyzeDomain (87ms)
			TypeCache.Refresh (25ms)
				TypeCache.ScanAssembly (0ms)
			ScanForSourceGeneratedMonoScriptInfo (1ms)
			ResolveRequiredComponents (57ms)
	FinalizeReload (11284ms)
		ReleaseScriptCaches (0ms)
		RebuildScriptCaches (0ms)
		SetupLoadedEditorAssemblies (4000ms)
			LogAssemblyErrors (0ms)
			InitializePlatformSupportModulesInManaged (300ms)
			SetLoadedEditorAssemblies (25ms)
			RefreshPlugins (0ms)
			BeforeProcessingInitializeOnLoad (734ms)
			ProcessInitializeOnLoadAttributes (2529ms)
			ProcessInitializeOnLoadMethodAttributes (227ms)
			AfterProcessingInitializeOnLoad (184ms)
			EditorAssembliesLoaded (1ms)
		ExecutionOrderSort2 (1ms)
		AwakeInstancesAfterBackupRestoration (79ms)
Refreshing native plugins compatible for Editor in 48.59 ms, found 4 plugins.
Preloading 0 native plugins for Editor in 0.00 ms.
Unloading 4035 Unused Serialized files (Serialized files now loaded: 0)
Unloading 19 unused Assets / (31.3 KB). Loaded Objects now: 4604.
Memory consumption went from 144.5 MB to 144.4 MB.
Total: 9.398500 ms (FindLiveObjects: 0.563500 ms CreateObjectMapping: 0.902700 ms MarkObjects: 7.776900 ms  DeleteObjects: 0.153000 ms)

Prepare: number of updated asset objects reloaded= 0
AssetImportParameters requested are different than current active one (requested -> active):
  custom:container-demuxer-ogg: 62fdf1f143b41e24485cea50d1cbac27 -> 
  custom:video-decoder-ogg-theora: a1e56fd34408186e4bbccfd4996cb3dc -> 
  custom:framework-win-MediaFoundation: 216162199b28c13a410421893ffa2e32 -> 
  custom:CustomObjectIndexerAttribute: 9a22284fe3817be447336de3de66b15e -> 
  custom:container-demuxer-webm: 4f35f7cbe854078d1ac9338744f61a02 -> 
  custom:container-muxer-webm: aa71ff27fc2769a1b78a27578f13a17b -> 
  custom:scripting/monoscript/fileName/Choice.cs: 4bdc8d7b1484d073f03fa9182351b6cf -> 
  custom:scripting/monoscript/fileName/SceneData.cs: 5ed3fba365915d72bd9c60cc866912ef -> 550971d4148451c2b85e6e850c7350e3
  custom:video-decoder-webm-vp8: 9c59270c3fd7afecdb556c50c9e8de78 -> 
  custom:SearchIndexIgnoredProperties: e643bd26f0fe6173181afceb89e7c659 -> 
  custom:AudioImporter_EditorPlatform: d09bf68614088b80899f8185d706f6e7 -> 
  custom:video-encoder-webm-vp8: eb34c28f22e8b96e1ab97ce403110664 -> 
  custom:audio-decoder-ogg-vorbis: bf7c407c2cedff20999df2af8eb42d56 -> 
  custom:scripting/monoscript/fileName/StoryData.cs: 1644ac1a06afbcc6e9a4f64e55a461f8 -> 1636ce31733873dea4092bfffcc34135
  custom:audio-encoder-webm-vorbis: bf7c407c2cedff20999df2af8eb42d56 -> 
========================================================================
Received Prepare
Caller must complete domain reload
Begin MonoManager ReloadAssembly
- Loaded All Assemblies, in  4.890 seconds
Native extension for WindowsStandalone target not found
Native extension for Android target not found
Mono: successfully reloaded assembly
- Finished resetting the current domain, in  9.045 seconds
Domain Reload Profiling: 13886ms
	BeginReloadAssembly (854ms)
		ExecutionOrderSort (0ms)
		DisableScriptedObjects (38ms)
		BackupInstance (0ms)
		ReleaseScriptingObjects (0ms)
		CreateAndSetChildDomain (124ms)
	RebuildCommonClasses (335ms)
	RebuildNativeTypeToScriptingClass (226ms)
	initialDomainReloadingComplete (426ms)
	LoadAllAssembliesAndSetupDomain (2990ms)
		LoadAssemblies (3486ms)
		RebuildTransferFunctionScriptingTraits (0ms)
		AnalyzeDomain (86ms)
			TypeCache.Refresh (29ms)
				TypeCache.ScanAssembly (0ms)
			ScanForSourceGeneratedMonoScriptInfo (1ms)
			ResolveRequiredComponents (48ms)
	FinalizeReload (9054ms)
		ReleaseScriptCaches (0ms)
		RebuildScriptCaches (0ms)
		SetupLoadedEditorAssemblies (1887ms)
			LogAssemblyErrors (0ms)
			InitializePlatformSupportModulesInManaged (126ms)
			SetLoadedEditorAssemblies (14ms)
			RefreshPlugins (0ms)
			BeforeProcessingInitializeOnLoad (339ms)
			ProcessInitializeOnLoadAttributes (968ms)
			ProcessInitializeOnLoadMethodAttributes (79ms)
			AfterProcessingInitializeOnLoad (360ms)
			EditorAssembliesLoaded (1ms)
		ExecutionOrderSort2 (0ms)
		AwakeInstancesAfterBackupRestoration (53ms)
Refreshing native plugins compatible for Editor in 30.01 ms, found 4 plugins.
Preloading 0 native plugins for Editor in 0.00 ms.
Unloading 4035 Unused Serialized files (Serialized files now loaded: 0)
Unloading 19 unused Assets / (31.2 KB). Loaded Objects now: 4608.
Memory consumption went from 144.5 MB to 144.4 MB.
Total: 7.610800 ms (FindLiveObjects: 0.520100 ms CreateObjectMapping: 0.234100 ms MarkObjects: 6.725500 ms  DeleteObjects: 0.127900 ms)

Prepare: number of updated asset objects reloaded= 0
AssetImportParameters requested are different than current active one (requested -> active):
  custom:container-demuxer-ogg: 62fdf1f143b41e24485cea50d1cbac27 -> 
  custom:video-decoder-ogg-theora: a1e56fd34408186e4bbccfd4996cb3dc -> 
  custom:framework-win-MediaFoundation: 216162199b28c13a410421893ffa2e32 -> 
  custom:CustomObjectIndexerAttribute: 9a22284fe3817be447336de3de66b15e -> 
  custom:container-demuxer-webm: 4f35f7cbe854078d1ac9338744f61a02 -> 
  custom:container-muxer-webm: aa71ff27fc2769a1b78a27578f13a17b -> 
  custom:scripting/monoscript/fileName/Choice.cs: 4bdc8d7b1484d073f03fa9182351b6cf -> 
  custom:scripting/monoscript/fileName/SceneData.cs: 5ed3fba365915d72bd9c60cc866912ef -> 550971d4148451c2b85e6e850c7350e3
  custom:video-decoder-webm-vp8: 9c59270c3fd7afecdb556c50c9e8de78 -> 
  custom:SearchIndexIgnoredProperties: e643bd26f0fe6173181afceb89e7c659 -> 
  custom:AudioImporter_EditorPlatform: d09bf68614088b80899f8185d706f6e7 -> 
  custom:video-encoder-webm-vp8: eb34c28f22e8b96e1ab97ce403110664 -> 
  custom:audio-decoder-ogg-vorbis: bf7c407c2cedff20999df2af8eb42d56 -> 
  custom:scripting/monoscript/fileName/StoryData.cs: 1644ac1a06afbcc6e9a4f64e55a461f8 -> 1636ce31733873dea4092bfffcc34135
  custom:audio-encoder-webm-vorbis: bf7c407c2cedff20999df2af8eb42d56 -> 
========================================================================
Received Prepare
Caller must complete domain reload
Begin MonoManager ReloadAssembly
- Loaded All Assemblies, in  2.415 seconds
Native extension for WindowsStandalone target not found
Native extension for Android target not found
Mono: successfully reloaded assembly
- Finished resetting the current domain, in 10.697 seconds
Domain Reload Profiling: 13075ms
	BeginReloadAssembly (642ms)
		ExecutionOrderSort (0ms)
		DisableScriptedObjects (64ms)
		BackupInstance (0ms)
		ReleaseScriptingObjects (0ms)
		CreateAndSetChildDomain (93ms)
	RebuildCommonClasses (147ms)
	RebuildNativeTypeToScriptingClass (43ms)
	initialDomainReloadingComplete (383ms)
	LoadAllAssembliesAndSetupDomain (1162ms)
		LoadAssemblies (1465ms)
		RebuildTransferFunctionScriptingTraits (0ms)
		AnalyzeDomain (91ms)
			TypeCache.Refresh (27ms)
				TypeCache.ScanAssembly (1ms)
			ScanForSourceGeneratedMonoScriptInfo (38ms)
			ResolveRequiredComponents (23ms)
	FinalizeReload (10698ms)
		ReleaseScriptCaches (0ms)
		RebuildScriptCaches (0ms)
		SetupLoadedEditorAssemblies (4110ms)
			LogAssemblyErrors (0ms)
			InitializePlatformSupportModulesInManaged (153ms)
			SetLoadedEditorAssemblies (26ms)
			RefreshPlugins (0ms)
			BeforeProcessingInitializeOnLoad (2288ms)
			ProcessInitializeOnLoadAttributes (1425ms)
			ProcessInitializeOnLoadMethodAttributes (86ms)
			AfterProcessingInitializeOnLoad (131ms)
			EditorAssembliesLoaded (1ms)
		ExecutionOrderSort2 (0ms)
		AwakeInstancesAfterBackupRestoration (51ms)
Refreshing native plugins compatible for Editor in 47.91 ms, found 4 plugins.
Preloading 0 native plugins for Editor in 0.00 ms.
Unloading 4035 Unused Serialized files (Serialized files now loaded: 0)
Unloading 19 unused Assets / (31.3 KB). Loaded Objects now: 4612.
Memory consumption went from 144.5 MB to 144.5 MB.
Total: 8.497900 ms (FindLiveObjects: 0.962600 ms CreateObjectMapping: 0.487400 ms MarkObjects: 6.933600 ms  DeleteObjects: 0.112000 ms)

Prepare: number of updated asset objects reloaded= 0
AssetImportParameters requested are different than current active one (requested -> active):
  custom:container-demuxer-ogg: 62fdf1f143b41e24485cea50d1cbac27 -> 
  custom:video-decoder-ogg-theora: a1e56fd34408186e4bbccfd4996cb3dc -> 
  custom:framework-win-MediaFoundation: 216162199b28c13a410421893ffa2e32 -> 
  custom:CustomObjectIndexerAttribute: 9a22284fe3817be447336de3de66b15e -> 
  custom:container-demuxer-webm: 4f35f7cbe854078d1ac9338744f61a02 -> 
  custom:container-muxer-webm: aa71ff27fc2769a1b78a27578f13a17b -> 
  custom:scripting/monoscript/fileName/Choice.cs: 4bdc8d7b1484d073f03fa9182351b6cf -> 
  custom:scripting/monoscript/fileName/SceneData.cs: 5ed3fba365915d72bd9c60cc866912ef -> 550971d4148451c2b85e6e850c7350e3
  custom:video-decoder-webm-vp8: 9c59270c3fd7afecdb556c50c9e8de78 -> 
  custom:SearchIndexIgnoredProperties: e643bd26f0fe6173181afceb89e7c659 -> 
  custom:AudioImporter_EditorPlatform: d09bf68614088b80899f8185d706f6e7 -> 
  custom:video-encoder-webm-vp8: eb34c28f22e8b96e1ab97ce403110664 -> 
  custom:audio-decoder-ogg-vorbis: bf7c407c2cedff20999df2af8eb42d56 -> 
  custom:scripting/monoscript/fileName/StoryData.cs: 1644ac1a06afbcc6e9a4f64e55a461f8 -> 1636ce31733873dea4092bfffcc34135
  custom:audio-encoder-webm-vorbis: bf7c407c2cedff20999df2af8eb42d56 -> 
========================================================================
Received Prepare
Caller must complete domain reload
Begin MonoManager ReloadAssembly
- Loaded All Assemblies, in  3.361 seconds
Native extension for WindowsStandalone target not found
Native extension for Android target not found
Mono: successfully reloaded assembly
- Finished resetting the current domain, in  8.106 seconds
Domain Reload Profiling: 11437ms
	BeginReloadAssembly (715ms)
		ExecutionOrderSort (0ms)
		DisableScriptedObjects (35ms)
		BackupInstance (0ms)
		ReleaseScriptingObjects (0ms)
		CreateAndSetChildDomain (81ms)
	RebuildCommonClasses (157ms)
	RebuildNativeTypeToScriptingClass (45ms)
	initialDomainReloadingComplete (158ms)
	LoadAllAssembliesAndSetupDomain (2253ms)
		LoadAssemblies (2705ms)
		RebuildTransferFunctionScriptingTraits (0ms)
		AnalyzeDomain (57ms)
			TypeCache.Refresh (22ms)
				TypeCache.ScanAssembly (0ms)
			ScanForSourceGeneratedMonoScriptInfo (0ms)
			ResolveRequiredComponents (31ms)
	FinalizeReload (8108ms)
		ReleaseScriptCaches (0ms)
		RebuildScriptCaches (0ms)
		SetupLoadedEditorAssemblies (3673ms)
			LogAssemblyErrors (0ms)
			InitializePlatformSupportModulesInManaged (192ms)
			SetLoadedEditorAssemblies (45ms)
			RefreshPlugins (0ms)
			BeforeProcessingInitializeOnLoad (696ms)
			ProcessInitializeOnLoadAttributes (2361ms)
			ProcessInitializeOnLoadMethodAttributes (198ms)
			AfterProcessingInitializeOnLoad (180ms)
			EditorAssembliesLoaded (1ms)
		ExecutionOrderSort2 (0ms)
		AwakeInstancesAfterBackupRestoration (58ms)
Refreshing native plugins compatible for Editor in 51.39 ms, found 4 plugins.
Preloading 0 native plugins for Editor in 0.00 ms.
Unloading 4035 Unused Serialized files (Serialized files now loaded: 0)
Unloading 19 unused Assets / (31.3 KB). Loaded Objects now: 4616.
Memory consumption went from 144.5 MB to 144.5 MB.
Total: 8.380000 ms (FindLiveObjects: 0.553200 ms CreateObjectMapping: 0.357500 ms MarkObjects: 7.347400 ms  DeleteObjects: 0.119300 ms)

Prepare: number of updated asset objects reloaded= 0
AssetImportParameters requested are different than current active one (requested -> active):
  custom:container-demuxer-ogg: 62fdf1f143b41e24485cea50d1cbac27 -> 
  custom:video-decoder-ogg-theora: a1e56fd34408186e4bbccfd4996cb3dc -> 
  custom:framework-win-MediaFoundation: 216162199b28c13a410421893ffa2e32 -> 
  custom:CustomObjectIndexerAttribute: 9a22284fe3817be447336de3de66b15e -> 
  custom:container-demuxer-webm: 4f35f7cbe854078d1ac9338744f61a02 -> 
  custom:container-muxer-webm: aa71ff27fc2769a1b78a27578f13a17b -> 
  custom:scripting/monoscript/fileName/Choice.cs: 4bdc8d7b1484d073f03fa9182351b6cf -> 
  custom:scripting/monoscript/fileName/SceneData.cs: 5ed3fba365915d72bd9c60cc866912ef -> 550971d4148451c2b85e6e850c7350e3
  custom:video-decoder-webm-vp8: 9c59270c3fd7afecdb556c50c9e8de78 -> 
  custom:SearchIndexIgnoredProperties: e643bd26f0fe6173181afceb89e7c659 -> 
  custom:AudioImporter_EditorPlatform: d09bf68614088b80899f8185d706f6e7 -> 
  custom:video-encoder-webm-vp8: eb34c28f22e8b96e1ab97ce403110664 -> 
  custom:audio-decoder-ogg-vorbis: bf7c407c2cedff20999df2af8eb42d56 -> 
  custom:scripting/monoscript/fileName/StoryData.cs: 1644ac1a06afbcc6e9a4f64e55a461f8 -> 1636ce31733873dea4092bfffcc34135
  custom:audio-encoder-webm-vorbis: bf7c407c2cedff20999df2af8eb42d56 -> 
========================================================================
Received Prepare
Caller must complete domain reload
Begin MonoManager ReloadAssembly
- Loaded All Assemblies, in  3.236 seconds
Native extension for WindowsStandalone target not found
Native extension for Android target not found
Mono: successfully reloaded assembly
- Finished resetting the current domain, in  6.001 seconds
Domain Reload Profiling: 9204ms
	BeginReloadAssembly (876ms)
		ExecutionOrderSort (0ms)
		DisableScriptedObjects (34ms)
		BackupInstance (0ms)
		ReleaseScriptingObjects (0ms)
		CreateAndSetChildDomain (150ms)
	RebuildCommonClasses (859ms)
	RebuildNativeTypeToScriptingClass (69ms)
	initialDomainReloadingComplete (348ms)
	LoadAllAssembliesAndSetupDomain (1051ms)
		LoadAssemblies (1539ms)
		RebuildTransferFunctionScriptingTraits (0ms)
		AnalyzeDomain (90ms)
			TypeCache.Refresh (29ms)
				TypeCache.ScanAssembly (1ms)
			ScanForSourceGeneratedMonoScriptInfo (35ms)
			ResolveRequiredComponents (22ms)
	FinalizeReload (6002ms)
		ReleaseScriptCaches (0ms)
		RebuildScriptCaches (0ms)
		SetupLoadedEditorAssemblies (1974ms)
			LogAssemblyErrors (0ms)
			InitializePlatformSupportModulesInManaged (99ms)
			SetLoadedEditorAssemblies (9ms)
			RefreshPlugins (0ms)
			BeforeProcessingInitializeOnLoad (339ms)
			ProcessInitializeOnLoadAttributes (1379ms)
			ProcessInitializeOnLoadMethodAttributes (97ms)
			AfterProcessingInitializeOnLoad (50ms)
			EditorAssembliesLoaded (1ms)
		ExecutionOrderSort2 (0ms)
		AwakeInstancesAfterBackupRestoration (44ms)
Refreshing native plugins compatible for Editor in 32.90 ms, found 4 plugins.
Preloading 0 native plugins for Editor in 0.00 ms.
Unloading 4035 Unused Serialized files (Serialized files now loaded: 0)
Unloading 19 unused Assets / (31.2 KB). Loaded Objects now: 4620.
Memory consumption went from 144.5 MB to 144.5 MB.
Total: 7.234100 ms (FindLiveObjects: 0.563100 ms CreateObjectMapping: 0.322200 ms MarkObjects: 6.233400 ms  DeleteObjects: 0.112800 ms)

Prepare: number of updated asset objects reloaded= 0
AssetImportParameters requested are different than current active one (requested -> active):
  custom:container-demuxer-ogg: 62fdf1f143b41e24485cea50d1cbac27 -> 
  custom:video-decoder-ogg-theora: a1e56fd34408186e4bbccfd4996cb3dc -> 
  custom:framework-win-MediaFoundation: 216162199b28c13a410421893ffa2e32 -> 
  custom:CustomObjectIndexerAttribute: 9a22284fe3817be447336de3de66b15e -> 
  custom:container-demuxer-webm: 4f35f7cbe854078d1ac9338744f61a02 -> 
  custom:container-muxer-webm: aa71ff27fc2769a1b78a27578f13a17b -> 
  custom:scripting/monoscript/fileName/Choice.cs: 4bdc8d7b1484d073f03fa9182351b6cf -> 
  custom:scripting/monoscript/fileName/SceneData.cs: 5ed3fba365915d72bd9c60cc866912ef -> 550971d4148451c2b85e6e850c7350e3
  custom:video-decoder-webm-vp8: 9c59270c3fd7afecdb556c50c9e8de78 -> 
  custom:SearchIndexIgnoredProperties: e643bd26f0fe6173181afceb89e7c659 -> 
  custom:AudioImporter_EditorPlatform: d09bf68614088b80899f8185d706f6e7 -> 
  custom:video-encoder-webm-vp8: eb34c28f22e8b96e1ab97ce403110664 -> 
  custom:audio-decoder-ogg-vorbis: bf7c407c2cedff20999df2af8eb42d56 -> 
  custom:scripting/monoscript/fileName/StoryData.cs: 1644ac1a06afbcc6e9a4f64e55a461f8 -> 1636ce31733873dea4092bfffcc34135
  custom:audio-encoder-webm-vorbis: bf7c407c2cedff20999df2af8eb42d56 -> 
========================================================================
Received Prepare
Caller must complete domain reload
Begin MonoManager ReloadAssembly
- Loaded All Assemblies, in  2.382 seconds
Native extension for WindowsStandalone target not found
Native extension for Android target not found
Mono: successfully reloaded assembly
- Finished resetting the current domain, in  4.916 seconds
Domain Reload Profiling: 7261ms
	BeginReloadAssembly (651ms)
		ExecutionOrderSort (0ms)
		DisableScriptedObjects (31ms)
		BackupInstance (0ms)
		ReleaseScriptingObjects (0ms)
		CreateAndSetChildDomain (128ms)
	RebuildCommonClasses (120ms)
	RebuildNativeTypeToScriptingClass (35ms)
	initialDomainReloadingComplete (135ms)
	LoadAllAssembliesAndSetupDomain (1403ms)
		LoadAssemblies (1726ms)
		RebuildTransferFunctionScriptingTraits (0ms)
		AnalyzeDomain (80ms)
			TypeCache.Refresh (23ms)
				TypeCache.ScanAssembly (1ms)
			ScanForSourceGeneratedMonoScriptInfo (32ms)
			ResolveRequiredComponents (21ms)
	FinalizeReload (4917ms)
		ReleaseScriptCaches (0ms)
		RebuildScriptCaches (0ms)
		SetupLoadedEditorAssemblies (1970ms)
			LogAssemblyErrors (0ms)
			InitializePlatformSupportModulesInManaged (235ms)
			SetLoadedEditorAssemblies (19ms)
			RefreshPlugins (0ms)
			BeforeProcessingInitializeOnLoad (391ms)
			ProcessInitializeOnLoadAttributes (1168ms)
			ProcessInitializeOnLoadMethodAttributes (101ms)
			AfterProcessingInitializeOnLoad (55ms)
			EditorAssembliesLoaded (2ms)
		ExecutionOrderSort2 (0ms)
		AwakeInstancesAfterBackupRestoration (52ms)
Refreshing native plugins compatible for Editor in 32.47 ms, found 4 plugins.
Preloading 0 native plugins for Editor in 0.00 ms.
Unloading 4035 Unused Serialized files (Serialized files now loaded: 0)
Unloading 19 unused Assets / (31.3 KB). Loaded Objects now: 4624.
Memory consumption went from 144.5 MB to 144.5 MB.
Total: 9.638800 ms (FindLiveObjects: 0.542000 ms CreateObjectMapping: 0.226200 ms MarkObjects: 8.646100 ms  DeleteObjects: 0.222500 ms)

Prepare: number of updated asset objects reloaded= 0
AssetImportParameters requested are different than current active one (requested -> active):
  custom:container-demuxer-ogg: 62fdf1f143b41e24485cea50d1cbac27 -> 
  custom:video-decoder-ogg-theora: a1e56fd34408186e4bbccfd4996cb3dc -> 
  custom:framework-win-MediaFoundation: 216162199b28c13a410421893ffa2e32 -> 
  custom:CustomObjectIndexerAttribute: 9a22284fe3817be447336de3de66b15e -> 
  custom:container-demuxer-webm: 4f35f7cbe854078d1ac9338744f61a02 -> 
  custom:container-muxer-webm: aa71ff27fc2769a1b78a27578f13a17b -> 
  custom:scripting/monoscript/fileName/Choice.cs: 4bdc8d7b1484d073f03fa9182351b6cf -> 
  custom:scripting/monoscript/fileName/SceneData.cs: 5ed3fba365915d72bd9c60cc866912ef -> 550971d4148451c2b85e6e850c7350e3
  custom:video-decoder-webm-vp8: 9c59270c3fd7afecdb556c50c9e8de78 -> 
  custom:SearchIndexIgnoredProperties: e643bd26f0fe6173181afceb89e7c659 -> 
  custom:AudioImporter_EditorPlatform: d09bf68614088b80899f8185d706f6e7 -> 
  custom:video-encoder-webm-vp8: eb34c28f22e8b96e1ab97ce403110664 -> 
  custom:audio-decoder-ogg-vorbis: bf7c407c2cedff20999df2af8eb42d56 -> 
  custom:scripting/monoscript/fileName/StoryData.cs: 1644ac1a06afbcc6e9a4f64e55a461f8 -> 1636ce31733873dea4092bfffcc34135
  custom:audio-encoder-webm-vorbis: bf7c407c2cedff20999df2af8eb42d56 -> 
========================================================================
Received Prepare
Caller must complete domain reload
Begin MonoManager ReloadAssembly
- Loaded All Assemblies, in  2.428 seconds
Native extension for WindowsStandalone target not found
Native extension for Android target not found
Mono: successfully reloaded assembly
- Finished resetting the current domain, in  7.651 seconds
Domain Reload Profiling: 10053ms
	BeginReloadAssembly (645ms)
		ExecutionOrderSort (0ms)
		DisableScriptedObjects (33ms)
		BackupInstance (0ms)
		ReleaseScriptingObjects (0ms)
		CreateAndSetChildDomain (82ms)
	RebuildCommonClasses (239ms)
	RebuildNativeTypeToScriptingClass (51ms)
	initialDomainReloadingComplete (151ms)
	LoadAllAssembliesAndSetupDomain (1314ms)
		LoadAssemblies (1644ms)
		RebuildTransferFunctionScriptingTraits (0ms)
		AnalyzeDomain (64ms)
			TypeCache.Refresh (16ms)
				TypeCache.ScanAssembly (0ms)
			ScanForSourceGeneratedMonoScriptInfo (2ms)
			ResolveRequiredComponents (41ms)
	FinalizeReload (7653ms)
		ReleaseScriptCaches (0ms)
		RebuildScriptCaches (0ms)
		SetupLoadedEditorAssemblies (1645ms)
			LogAssemblyErrors (0ms)
			InitializePlatformSupportModulesInManaged (138ms)
			SetLoadedEditorAssemblies (11ms)
			RefreshPlugins (0ms)
			BeforeProcessingInitializeOnLoad (339ms)
			ProcessInitializeOnLoadAttributes (1010ms)
			ProcessInitializeOnLoadMethodAttributes (96ms)
			AfterProcessingInitializeOnLoad (50ms)
			EditorAssembliesLoaded (1ms)
		ExecutionOrderSort2 (0ms)
		AwakeInstancesAfterBackupRestoration (35ms)
Refreshing native plugins compatible for Editor in 26.80 ms, found 4 plugins.
Preloading 0 native plugins for Editor in 0.00 ms.
Unloading 4035 Unused Serialized files (Serialized files now loaded: 0)
Unloading 19 unused Assets / (31.2 KB). Loaded Objects now: 4628.
Memory consumption went from 144.5 MB to 144.5 MB.
Total: 6.885600 ms (FindLiveObjects: 0.531800 ms CreateObjectMapping: 0.222900 ms MarkObjects: 6.019000 ms  DeleteObjects: 0.109000 ms)

Prepare: number of updated asset objects reloaded= 0
AssetImportParameters requested are different than current active one (requested -> active):
  custom:container-demuxer-ogg: 62fdf1f143b41e24485cea50d1cbac27 -> 
  custom:video-decoder-ogg-theora: a1e56fd34408186e4bbccfd4996cb3dc -> 
  custom:framework-win-MediaFoundation: 216162199b28c13a410421893ffa2e32 -> 
  custom:CustomObjectIndexerAttribute: 9a22284fe3817be447336de3de66b15e -> 
  custom:container-demuxer-webm: 4f35f7cbe854078d1ac9338744f61a02 -> 
  custom:container-muxer-webm: aa71ff27fc2769a1b78a27578f13a17b -> 
  custom:scripting/monoscript/fileName/Choice.cs: 4bdc8d7b1484d073f03fa9182351b6cf -> 
  custom:scripting/monoscript/fileName/SceneData.cs: 5ed3fba365915d72bd9c60cc866912ef -> 550971d4148451c2b85e6e850c7350e3
  custom:video-decoder-webm-vp8: 9c59270c3fd7afecdb556c50c9e8de78 -> 
  custom:SearchIndexIgnoredProperties: e643bd26f0fe6173181afceb89e7c659 -> 
  custom:AudioImporter_EditorPlatform: d09bf68614088b80899f8185d706f6e7 -> 
  custom:video-encoder-webm-vp8: eb34c28f22e8b96e1ab97ce403110664 -> 
  custom:audio-decoder-ogg-vorbis: bf7c407c2cedff20999df2af8eb42d56 -> 
  custom:scripting/monoscript/fileName/StoryData.cs: 1644ac1a06afbcc6e9a4f64e55a461f8 -> 1636ce31733873dea4092bfffcc34135
  custom:audio-encoder-webm-vorbis: bf7c407c2cedff20999df2af8eb42d56 -> 
========================================================================
Received Prepare
Caller must complete domain reload
Begin MonoManager ReloadAssembly
- Loaded All Assemblies, in  2.446 seconds
Native extension for WindowsStandalone target not found
Native extension for Android target not found
Mono: successfully reloaded assembly
- Finished resetting the current domain, in  6.210 seconds
Domain Reload Profiling: 8547ms
	BeginReloadAssembly (641ms)
		ExecutionOrderSort (0ms)
		DisableScriptedObjects (32ms)
		BackupInstance (0ms)
		ReleaseScriptingObjects (0ms)
		CreateAndSetChildDomain (83ms)
	RebuildCommonClasses (124ms)
	RebuildNativeTypeToScriptingClass (37ms)
	initialDomainReloadingComplete (154ms)
	LoadAllAssembliesAndSetupDomain (1381ms)
		LoadAssemblies (1679ms)
		RebuildTransferFunctionScriptingTraits (0ms)
		AnalyzeDomain (86ms)
			TypeCache.Refresh (29ms)
				TypeCache.ScanAssembly (1ms)
			ScanForSourceGeneratedMonoScriptInfo (34ms)
			ResolveRequiredComponents (19ms)
	FinalizeReload (6211ms)
		ReleaseScriptCaches (0ms)
		RebuildScriptCaches (0ms)
		SetupLoadedEditorAssemblies (1706ms)
			LogAssemblyErrors (0ms)
			InitializePlatformSupportModulesInManaged (103ms)
			SetLoadedEditorAssemblies (10ms)
			RefreshPlugins (0ms)
			BeforeProcessingInitializeOnLoad (307ms)
			ProcessInitializeOnLoadAttributes (1081ms)
			ProcessInitializeOnLoadMethodAttributes (112ms)
			AfterProcessingInitializeOnLoad (93ms)
			EditorAssembliesLoaded (1ms)
		ExecutionOrderSort2 (0ms)
		AwakeInstancesAfterBackupRestoration (39ms)
Refreshing native plugins compatible for Editor in 71.38 ms, found 4 plugins.
Preloading 0 native plugins for Editor in 0.00 ms.
Unloading 4035 Unused Serialized files (Serialized files now loaded: 0)
Unloading 19 unused Assets / (31.3 KB). Loaded Objects now: 4632.
Memory consumption went from 144.5 MB to 144.5 MB.
Total: 9.335400 ms (FindLiveObjects: 0.560000 ms CreateObjectMapping: 0.304600 ms MarkObjects: 8.359300 ms  DeleteObjects: 0.109000 ms)

Prepare: number of updated asset objects reloaded= 0
AssetImportParameters requested are different than current active one (requested -> active):
  custom:container-demuxer-ogg: 62fdf1f143b41e24485cea50d1cbac27 -> 
  custom:video-decoder-ogg-theora: a1e56fd34408186e4bbccfd4996cb3dc -> 
  custom:framework-win-MediaFoundation: 216162199b28c13a410421893ffa2e32 -> 
  custom:CustomObjectIndexerAttribute: 9a22284fe3817be447336de3de66b15e -> 
  custom:container-demuxer-webm: 4f35f7cbe854078d1ac9338744f61a02 -> 
  custom:container-muxer-webm: aa71ff27fc2769a1b78a27578f13a17b -> 
  custom:scripting/monoscript/fileName/Choice.cs: 4bdc8d7b1484d073f03fa9182351b6cf -> 
  custom:scripting/monoscript/fileName/SceneData.cs: 5ed3fba365915d72bd9c60cc866912ef -> 550971d4148451c2b85e6e850c7350e3
  custom:video-decoder-webm-vp8: 9c59270c3fd7afecdb556c50c9e8de78 -> 
  custom:SearchIndexIgnoredProperties: e643bd26f0fe6173181afceb89e7c659 -> 
  custom:AudioImporter_EditorPlatform: d09bf68614088b80899f8185d706f6e7 -> 
  custom:video-encoder-webm-vp8: eb34c28f22e8b96e1ab97ce403110664 -> 
  custom:audio-decoder-ogg-vorbis: bf7c407c2cedff20999df2af8eb42d56 -> 
  custom:scripting/monoscript/fileName/StoryData.cs: 1644ac1a06afbcc6e9a4f64e55a461f8 -> 1636ce31733873dea4092bfffcc34135
  custom:audio-encoder-webm-vorbis: bf7c407c2cedff20999df2af8eb42d56 -> 
========================================================================
Received Prepare
Caller must complete domain reload
Begin MonoManager ReloadAssembly
- Loaded All Assemblies, in  5.832 seconds
Native extension for WindowsStandalone target not found
Native extension for Android target not found
Mono: successfully reloaded assembly
- Finished resetting the current domain, in  8.435 seconds
Domain Reload Profiling: 14191ms
	BeginReloadAssembly (2108ms)
		ExecutionOrderSort (0ms)
		DisableScriptedObjects (83ms)
		BackupInstance (0ms)
		ReleaseScriptingObjects (0ms)
		CreateAndSetChildDomain (363ms)
	RebuildCommonClasses (355ms)
	RebuildNativeTypeToScriptingClass (91ms)
	initialDomainReloadingComplete (318ms)
	LoadAllAssembliesAndSetupDomain (2882ms)
		LoadAssemblies (4198ms)
		RebuildTransferFunctionScriptingTraits (0ms)
		AnalyzeDomain (80ms)
			TypeCache.Refresh (22ms)
				TypeCache.ScanAssembly (0ms)
			ScanForSourceGeneratedMonoScriptInfo (1ms)
			ResolveRequiredComponents (49ms)
	FinalizeReload (8436ms)
		ReleaseScriptCaches (0ms)
		RebuildScriptCaches (0ms)
		SetupLoadedEditorAssemblies (2230ms)
			LogAssemblyErrors (0ms)
			InitializePlatformSupportModulesInManaged (202ms)
			SetLoadedEditorAssemblies (13ms)
			RefreshPlugins (0ms)
			BeforeProcessingInitializeOnLoad (391ms)
			ProcessInitializeOnLoadAttributes (1441ms)
			ProcessInitializeOnLoadMethodAttributes (113ms)
			AfterProcessingInitializeOnLoad (69ms)
			EditorAssembliesLoaded (1ms)
		ExecutionOrderSort2 (0ms)
		AwakeInstancesAfterBackupRestoration (47ms)
Refreshing native plugins compatible for Editor in 483.27 ms, found 4 plugins.
Preloading 0 native plugins for Editor in 0.00 ms.
Unloading 4035 Unused Serialized files (Serialized files now loaded: 0)
Unloading 19 unused Assets / (31.3 KB). Loaded Objects now: 4636.
Memory consumption went from 144.5 MB to 144.5 MB.
Total: 9.281200 ms (FindLiveObjects: 0.736000 ms CreateObjectMapping: 0.338700 ms MarkObjects: 8.077200 ms  DeleteObjects: 0.126200 ms)

Prepare: number of updated asset objects reloaded= 0
AssetImportParameters requested are different than current active one (requested -> active):
  custom:container-demuxer-ogg: 62fdf1f143b41e24485cea50d1cbac27 -> 
  custom:video-decoder-ogg-theora: a1e56fd34408186e4bbccfd4996cb3dc -> 
  custom:framework-win-MediaFoundation: 216162199b28c13a410421893ffa2e32 -> 
  custom:CustomObjectIndexerAttribute: 9a22284fe3817be447336de3de66b15e -> 
  custom:container-demuxer-webm: 4f35f7cbe854078d1ac9338744f61a02 -> 
  custom:container-muxer-webm: aa71ff27fc2769a1b78a27578f13a17b -> 
  custom:scripting/monoscript/fileName/Choice.cs: 4bdc8d7b1484d073f03fa9182351b6cf -> 
  custom:scripting/monoscript/fileName/SceneData.cs: 5ed3fba365915d72bd9c60cc866912ef -> 550971d4148451c2b85e6e850c7350e3
  custom:video-decoder-webm-vp8: 9c59270c3fd7afecdb556c50c9e8de78 -> 
  custom:SearchIndexIgnoredProperties: e643bd26f0fe6173181afceb89e7c659 -> 
  custom:AudioImporter_EditorPlatform: d09bf68614088b80899f8185d706f6e7 -> 
  custom:video-encoder-webm-vp8: eb34c28f22e8b96e1ab97ce403110664 -> 
  custom:audio-decoder-ogg-vorbis: bf7c407c2cedff20999df2af8eb42d56 -> 
  custom:scripting/monoscript/fileName/StoryData.cs: 1644ac1a06afbcc6e9a4f64e55a461f8 -> 1636ce31733873dea4092bfffcc34135
  custom:audio-encoder-webm-vorbis: bf7c407c2cedff20999df2af8eb42d56 -> 
========================================================================
Received Prepare
Caller must complete domain reload
Begin MonoManager ReloadAssembly
- Loaded All Assemblies, in  2.564 seconds
Native extension for WindowsStandalone target not found
Native extension for Android target not found
Mono: successfully reloaded assembly
- Finished resetting the current domain, in  4.878 seconds
Domain Reload Profiling: 7394ms
	BeginReloadAssembly (660ms)
		ExecutionOrderSort (0ms)
		DisableScriptedObjects (35ms)
		BackupInstance (0ms)
		ReleaseScriptingObjects (0ms)
		CreateAndSetChildDomain (90ms)
	RebuildCommonClasses (186ms)
	RebuildNativeTypeToScriptingClass (48ms)
	initialDomainReloadingComplete (319ms)
	LoadAllAssembliesAndSetupDomain (1302ms)
		LoadAssemblies (1662ms)
		RebuildTransferFunctionScriptingTraits (0ms)
		AnalyzeDomain (77ms)
			TypeCache.Refresh (21ms)
				TypeCache.ScanAssembly (0ms)
			ScanForSourceGeneratedMonoScriptInfo (33ms)
			ResolveRequiredComponents (19ms)
	FinalizeReload (4879ms)
		ReleaseScriptCaches (0ms)
		RebuildScriptCaches (0ms)
		SetupLoadedEditorAssemblies (1744ms)
			LogAssemblyErrors (0ms)
			InitializePlatformSupportModulesInManaged (93ms)
			SetLoadedEditorAssemblies (11ms)
			RefreshPlugins (0ms)
			BeforeProcessingInitializeOnLoad (277ms)
			ProcessInitializeOnLoadAttributes (1177ms)
			ProcessInitializeOnLoadMethodAttributes (90ms)
			AfterProcessingInitializeOnLoad (95ms)
			EditorAssembliesLoaded (1ms)
		ExecutionOrderSort2 (0ms)
		AwakeInstancesAfterBackupRestoration (34ms)
Refreshing native plugins compatible for Editor in 28.51 ms, found 4 plugins.
Preloading 0 native plugins for Editor in 0.00 ms.
Unloading 4035 Unused Serialized files (Serialized files now loaded: 0)
Unloading 19 unused Assets / (31.3 KB). Loaded Objects now: 4640.
Memory consumption went from 144.5 MB to 144.5 MB.
Total: 8.479900 ms (FindLiveObjects: 0.545800 ms CreateObjectMapping: 0.270400 ms MarkObjects: 7.539400 ms  DeleteObjects: 0.121700 ms)

Prepare: number of updated asset objects reloaded= 0
AssetImportParameters requested are different than current active one (requested -> active):
  custom:container-demuxer-ogg: 62fdf1f143b41e24485cea50d1cbac27 -> 
  custom:video-decoder-ogg-theora: a1e56fd34408186e4bbccfd4996cb3dc -> 
  custom:framework-win-MediaFoundation: 216162199b28c13a410421893ffa2e32 -> 
  custom:CustomObjectIndexerAttribute: 9a22284fe3817be447336de3de66b15e -> 
  custom:container-demuxer-webm: 4f35f7cbe854078d1ac9338744f61a02 -> 
  custom:container-muxer-webm: aa71ff27fc2769a1b78a27578f13a17b -> 
  custom:scripting/monoscript/fileName/Choice.cs: 4bdc8d7b1484d073f03fa9182351b6cf -> 
  custom:scripting/monoscript/fileName/SceneData.cs: 5ed3fba365915d72bd9c60cc866912ef -> 550971d4148451c2b85e6e850c7350e3
  custom:video-decoder-webm-vp8: 9c59270c3fd7afecdb556c50c9e8de78 -> 
  custom:SearchIndexIgnoredProperties: e643bd26f0fe6173181afceb89e7c659 -> 
  custom:AudioImporter_EditorPlatform: d09bf68614088b80899f8185d706f6e7 -> 
  custom:video-encoder-webm-vp8: eb34c28f22e8b96e1ab97ce403110664 -> 
  custom:audio-decoder-ogg-vorbis: bf7c407c2cedff20999df2af8eb42d56 -> 
  custom:scripting/monoscript/fileName/StoryData.cs: 1644ac1a06afbcc6e9a4f64e55a461f8 -> 1636ce31733873dea4092bfffcc34135
  custom:audio-encoder-webm-vorbis: bf7c407c2cedff20999df2af8eb42d56 -> 
========================================================================
Received Prepare
Caller must complete domain reload
Begin MonoManager ReloadAssembly
- Loaded All Assemblies, in  3.737 seconds
Native extension for WindowsStandalone target not found
Native extension for Android target not found
Mono: successfully reloaded assembly
- Finished resetting the current domain, in  9.946 seconds
Domain Reload Profiling: 13642ms
	BeginReloadAssembly (646ms)
		ExecutionOrderSort (0ms)
		DisableScriptedObjects (36ms)
		BackupInstance (0ms)
		ReleaseScriptingObjects (0ms)
		CreateAndSetChildDomain (94ms)
	RebuildCommonClasses (125ms)
	RebuildNativeTypeToScriptingClass (37ms)
	initialDomainReloadingComplete (175ms)
	LoadAllAssembliesAndSetupDomain (2711ms)
		LoadAssemblies (3046ms)
		RebuildTransferFunctionScriptingTraits (0ms)
		AnalyzeDomain (89ms)
			TypeCache.Refresh (37ms)
				TypeCache.ScanAssembly (0ms)
			ScanForSourceGeneratedMonoScriptInfo (1ms)
			ResolveRequiredComponents (46ms)
	FinalizeReload (9948ms)
		ReleaseScriptCaches (0ms)
		RebuildScriptCaches (0ms)
		SetupLoadedEditorAssemblies (2212ms)
			LogAssemblyErrors (0ms)
			InitializePlatformSupportModulesInManaged (139ms)
			SetLoadedEditorAssemblies (12ms)
			RefreshPlugins (0ms)
			BeforeProcessingInitializeOnLoad (456ms)
			ProcessInitializeOnLoadAttributes (1400ms)
			ProcessInitializeOnLoadMethodAttributes (143ms)
			AfterProcessingInitializeOnLoad (61ms)
			EditorAssembliesLoaded (1ms)
		ExecutionOrderSort2 (0ms)
		AwakeInstancesAfterBackupRestoration (42ms)
Refreshing native plugins compatible for Editor in 23.58 ms, found 4 plugins.
Preloading 0 native plugins for Editor in 0.00 ms.
Unloading 4035 Unused Serialized files (Serialized files now loaded: 0)
Unloading 19 unused Assets / (31.3 KB). Loaded Objects now: 4644.
Memory consumption went from 144.5 MB to 144.5 MB.
Total: 8.037400 ms (FindLiveObjects: 0.518000 ms CreateObjectMapping: 0.203700 ms MarkObjects: 7.207700 ms  DeleteObjects: 0.106000 ms)

Prepare: number of updated asset objects reloaded= 0
AssetImportParameters requested are different than current active one (requested -> active):
  custom:container-demuxer-ogg: 62fdf1f143b41e24485cea50d1cbac27 -> 
  custom:video-decoder-ogg-theora: a1e56fd34408186e4bbccfd4996cb3dc -> 
  custom:framework-win-MediaFoundation: 216162199b28c13a410421893ffa2e32 -> 
  custom:CustomObjectIndexerAttribute: 9a22284fe3817be447336de3de66b15e -> 
  custom:container-demuxer-webm: 4f35f7cbe854078d1ac9338744f61a02 -> 
  custom:container-muxer-webm: aa71ff27fc2769a1b78a27578f13a17b -> 
  custom:scripting/monoscript/fileName/Choice.cs: 4bdc8d7b1484d073f03fa9182351b6cf -> 
  custom:scripting/monoscript/fileName/SceneData.cs: 5ed3fba365915d72bd9c60cc866912ef -> 550971d4148451c2b85e6e850c7350e3
  custom:video-decoder-webm-vp8: 9c59270c3fd7afecdb556c50c9e8de78 -> 
  custom:SearchIndexIgnoredProperties: e643bd26f0fe6173181afceb89e7c659 -> 
  custom:AudioImporter_EditorPlatform: d09bf68614088b80899f8185d706f6e7 -> 
  custom:video-encoder-webm-vp8: eb34c28f22e8b96e1ab97ce403110664 -> 
  custom:audio-decoder-ogg-vorbis: bf7c407c2cedff20999df2af8eb42d56 -> 
  custom:scripting/monoscript/fileName/StoryData.cs: 1644ac1a06afbcc6e9a4f64e55a461f8 -> 1636ce31733873dea4092bfffcc34135
  custom:audio-encoder-webm-vorbis: bf7c407c2cedff20999df2af8eb42d56 -> 
========================================================================
Received Prepare
Caller must complete domain reload
Begin MonoManager ReloadAssembly
- Loaded All Assemblies, in  2.789 seconds
Native extension for WindowsStandalone target not found
Native extension for Android target not found
Mono: successfully reloaded assembly
- Finished resetting the current domain, in  5.105 seconds
Domain Reload Profiling: 7869ms
	BeginReloadAssembly (1192ms)
		ExecutionOrderSort (0ms)
		DisableScriptedObjects (43ms)
		BackupInstance (0ms)
		ReleaseScriptingObjects (0ms)
		CreateAndSetChildDomain (530ms)
	RebuildCommonClasses (104ms)
	RebuildNativeTypeToScriptingClass (34ms)
	initialDomainReloadingComplete (144ms)
	LoadAllAssembliesAndSetupDomain (1288ms)
		LoadAssemblies (1604ms)
		RebuildTransferFunctionScriptingTraits (0ms)
		AnalyzeDomain (84ms)
			TypeCache.Refresh (26ms)
				TypeCache.ScanAssembly (1ms)
			ScanForSourceGeneratedMonoScriptInfo (36ms)
			ResolveRequiredComponents (20ms)
	FinalizeReload (5106ms)
		ReleaseScriptCaches (0ms)
		RebuildScriptCaches (0ms)
		SetupLoadedEditorAssemblies (2062ms)
			LogAssemblyErrors (0ms)
			InitializePlatformSupportModulesInManaged (126ms)
			SetLoadedEditorAssemblies (10ms)
			RefreshPlugins (0ms)
			BeforeProcessingInitializeOnLoad (310ms)
			ProcessInitializeOnLoadAttributes (1464ms)
			ProcessInitializeOnLoadMethodAttributes (89ms)
			AfterProcessingInitializeOnLoad (63ms)
			EditorAssembliesLoaded (1ms)
		ExecutionOrderSort2 (0ms)
		AwakeInstancesAfterBackupRestoration (43ms)
Refreshing native plugins compatible for Editor in 159.11 ms, found 4 plugins.
Preloading 0 native plugins for Editor in 0.00 ms.
Unloading 4035 Unused Serialized files (Serialized files now loaded: 0)
Unloading 19 unused Assets / (31.2 KB). Loaded Objects now: 4648.
Memory consumption went from 144.5 MB to 144.5 MB.
Total: 9.763900 ms (FindLiveObjects: 0.594600 ms CreateObjectMapping: 0.296900 ms MarkObjects: 8.748500 ms  DeleteObjects: 0.121200 ms)

Prepare: number of updated asset objects reloaded= 0
AssetImportParameters requested are different than current active one (requested -> active):
  custom:container-demuxer-ogg: 62fdf1f143b41e24485cea50d1cbac27 -> 
  custom:video-decoder-ogg-theora: a1e56fd34408186e4bbccfd4996cb3dc -> 
  custom:framework-win-MediaFoundation: 216162199b28c13a410421893ffa2e32 -> 
  custom:CustomObjectIndexerAttribute: 9a22284fe3817be447336de3de66b15e -> 
  custom:container-demuxer-webm: 4f35f7cbe854078d1ac9338744f61a02 -> 
  custom:container-muxer-webm: aa71ff27fc2769a1b78a27578f13a17b -> 
  custom:scripting/monoscript/fileName/Choice.cs: 4bdc8d7b1484d073f03fa9182351b6cf -> 
  custom:scripting/monoscript/fileName/SceneData.cs: 5ed3fba365915d72bd9c60cc866912ef -> 550971d4148451c2b85e6e850c7350e3
  custom:video-decoder-webm-vp8: 9c59270c3fd7afecdb556c50c9e8de78 -> 
  custom:SearchIndexIgnoredProperties: e643bd26f0fe6173181afceb89e7c659 -> 
  custom:AudioImporter_EditorPlatform: d09bf68614088b80899f8185d706f6e7 -> 
  custom:video-encoder-webm-vp8: eb34c28f22e8b96e1ab97ce403110664 -> 
  custom:audio-decoder-ogg-vorbis: bf7c407c2cedff20999df2af8eb42d56 -> 
  custom:scripting/monoscript/fileName/StoryData.cs: 1644ac1a06afbcc6e9a4f64e55a461f8 -> 1636ce31733873dea4092bfffcc34135
  custom:audio-encoder-webm-vorbis: bf7c407c2cedff20999df2af8eb42d56 -> 
========================================================================
Received Prepare
Caller must complete domain reload
Begin MonoManager ReloadAssembly
- Loaded All Assemblies, in  6.888 seconds
Native extension for WindowsStandalone target not found
Native extension for Android target not found
Mono: successfully reloaded assembly
- Finished resetting the current domain, in  7.836 seconds
Domain Reload Profiling: 14651ms
	BeginReloadAssembly (1019ms)
		ExecutionOrderSort (0ms)
		DisableScriptedObjects (38ms)
		BackupInstance (0ms)
		ReleaseScriptingObjects (0ms)
		CreateAndSetChildDomain (79ms)
	RebuildCommonClasses (321ms)
	RebuildNativeTypeToScriptingClass (97ms)
	initialDomainReloadingComplete (306ms)
	LoadAllAssembliesAndSetupDomain (5070ms)
		LoadAssemblies (5547ms)
		RebuildTransferFunctionScriptingTraits (0ms)
		AnalyzeDomain (298ms)
			TypeCache.Refresh (37ms)
				TypeCache.ScanAssembly (0ms)
			ScanForSourceGeneratedMonoScriptInfo (1ms)
			ResolveRequiredComponents (254ms)
	FinalizeReload (7838ms)
		ReleaseScriptCaches (0ms)
		RebuildScriptCaches (0ms)
		SetupLoadedEditorAssemblies (2273ms)
			LogAssemblyErrors (0ms)
			InitializePlatformSupportModulesInManaged (128ms)
			SetLoadedEditorAssemblies (17ms)
			RefreshPlugins (0ms)
			BeforeProcessingInitializeOnLoad (438ms)
			ProcessInitializeOnLoadAttributes (1424ms)
			ProcessInitializeOnLoadMethodAttributes (176ms)
			AfterProcessingInitializeOnLoad (88ms)
			EditorAssembliesLoaded (1ms)
		ExecutionOrderSort2 (0ms)
		AwakeInstancesAfterBackupRestoration (52ms)
Refreshing native plugins compatible for Editor in 32.65 ms, found 4 plugins.
Preloading 0 native plugins for Editor in 0.00 ms.
Unloading 4035 Unused Serialized files (Serialized files now loaded: 0)
Unloading 19 unused Assets / (31.2 KB). Loaded Objects now: 4652.
Memory consumption went from 144.5 MB to 144.5 MB.
Total: 8.029900 ms (FindLiveObjects: 1.179700 ms CreateObjectMapping: 0.750000 ms MarkObjects: 5.979100 ms  DeleteObjects: 0.119000 ms)

Prepare: number of updated asset objects reloaded= 0
AssetImportParameters requested are different than current active one (requested -> active):
  custom:container-demuxer-ogg: 62fdf1f143b41e24485cea50d1cbac27 -> 
  custom:video-decoder-ogg-theora: a1e56fd34408186e4bbccfd4996cb3dc -> 
  custom:framework-win-MediaFoundation: 216162199b28c13a410421893ffa2e32 -> 
  custom:CustomObjectIndexerAttribute: 9a22284fe3817be447336de3de66b15e -> 
  custom:container-demuxer-webm: 4f35f7cbe854078d1ac9338744f61a02 -> 
  custom:container-muxer-webm: aa71ff27fc2769a1b78a27578f13a17b -> 
  custom:scripting/monoscript/fileName/Choice.cs: 4bdc8d7b1484d073f03fa9182351b6cf -> 
  custom:scripting/monoscript/fileName/SceneData.cs: 5ed3fba365915d72bd9c60cc866912ef -> 550971d4148451c2b85e6e850c7350e3
  custom:video-decoder-webm-vp8: 9c59270c3fd7afecdb556c50c9e8de78 -> 
  custom:SearchIndexIgnoredProperties: e643bd26f0fe6173181afceb89e7c659 -> 
  custom:AudioImporter_EditorPlatform: d09bf68614088b80899f8185d706f6e7 -> 
  custom:video-encoder-webm-vp8: eb34c28f22e8b96e1ab97ce403110664 -> 
  custom:audio-decoder-ogg-vorbis: bf7c407c2cedff20999df2af8eb42d56 -> 
  custom:scripting/monoscript/fileName/StoryData.cs: 1644ac1a06afbcc6e9a4f64e55a461f8 -> 1636ce31733873dea4092bfffcc34135
  custom:audio-encoder-webm-vorbis: bf7c407c2cedff20999df2af8eb42d56 -> 
========================================================================
Received Prepare
Caller must complete domain reload
Begin MonoManager ReloadAssembly
- Loaded All Assemblies, in  2.668 seconds
Native extension for WindowsStandalone target not found
Native extension for Android target not found
Mono: successfully reloaded assembly
- Finished resetting the current domain, in  5.166 seconds
Domain Reload Profiling: 7688ms
	BeginReloadAssembly (571ms)
		ExecutionOrderSort (0ms)
		DisableScriptedObjects (33ms)
		BackupInstance (0ms)
		ReleaseScriptingObjects (0ms)
		CreateAndSetChildDomain (98ms)
	RebuildCommonClasses (169ms)
	RebuildNativeTypeToScriptingClass (40ms)
	initialDomainReloadingComplete (145ms)
	LoadAllAssembliesAndSetupDomain (1595ms)
		LoadAssemblies (1864ms)
		RebuildTransferFunctionScriptingTraits (0ms)
		AnalyzeDomain (89ms)
			TypeCache.Refresh (30ms)
				TypeCache.ScanAssembly (1ms)
			ScanForSourceGeneratedMonoScriptInfo (36ms)
			ResolveRequiredComponents (19ms)
	FinalizeReload (5167ms)
		ReleaseScriptCaches (0ms)
		RebuildScriptCaches (0ms)
		SetupLoadedEditorAssemblies (1684ms)
			LogAssemblyErrors (0ms)
			InitializePlatformSupportModulesInManaged (94ms)
			SetLoadedEditorAssemblies (9ms)
			RefreshPlugins (0ms)
			BeforeProcessingInitializeOnLoad (360ms)
			ProcessInitializeOnLoadAttributes (1071ms)
			ProcessInitializeOnLoadMethodAttributes (92ms)
			AfterProcessingInitializeOnLoad (56ms)
			EditorAssembliesLoaded (0ms)
		ExecutionOrderSort2 (0ms)
		AwakeInstancesAfterBackupRestoration (41ms)
Refreshing native plugins compatible for Editor in 38.47 ms, found 4 plugins.
Preloading 0 native plugins for Editor in 0.00 ms.
Unloading 4035 Unused Serialized files (Serialized files now loaded: 0)
Unloading 19 unused Assets / (31.3 KB). Loaded Objects now: 4656.
Memory consumption went from 144.5 MB to 144.5 MB.
Total: 8.996100 ms (FindLiveObjects: 0.594400 ms CreateObjectMapping: 0.525300 ms MarkObjects: 7.766800 ms  DeleteObjects: 0.107500 ms)

Prepare: number of updated asset objects reloaded= 0
AssetImportParameters requested are different than current active one (requested -> active):
  custom:container-demuxer-ogg: 62fdf1f143b41e24485cea50d1cbac27 -> 
  custom:video-decoder-ogg-theora: a1e56fd34408186e4bbccfd4996cb3dc -> 
  custom:framework-win-MediaFoundation: 216162199b28c13a410421893ffa2e32 -> 
  custom:CustomObjectIndexerAttribute: 9a22284fe3817be447336de3de66b15e -> 
  custom:container-demuxer-webm: 4f35f7cbe854078d1ac9338744f61a02 -> 
  custom:container-muxer-webm: aa71ff27fc2769a1b78a27578f13a17b -> 
  custom:scripting/monoscript/fileName/Choice.cs: 4bdc8d7b1484d073f03fa9182351b6cf -> 
  custom:scripting/monoscript/fileName/SceneData.cs: 5ed3fba365915d72bd9c60cc866912ef -> 550971d4148451c2b85e6e850c7350e3
  custom:video-decoder-webm-vp8: 9c59270c3fd7afecdb556c50c9e8de78 -> 
  custom:SearchIndexIgnoredProperties: e643bd26f0fe6173181afceb89e7c659 -> 
  custom:AudioImporter_EditorPlatform: d09bf68614088b80899f8185d706f6e7 -> 
  custom:video-encoder-webm-vp8: eb34c28f22e8b96e1ab97ce403110664 -> 
  custom:audio-decoder-ogg-vorbis: bf7c407c2cedff20999df2af8eb42d56 -> 
  custom:scripting/monoscript/fileName/StoryData.cs: 1644ac1a06afbcc6e9a4f64e55a461f8 -> 1636ce31733873dea4092bfffcc34135
  custom:audio-encoder-webm-vorbis: bf7c407c2cedff20999df2af8eb42d56 -> 
========================================================================
Received Prepare
Caller must complete domain reload
Begin MonoManager ReloadAssembly
- Loaded All Assemblies, in  5.204 seconds
Native extension for WindowsStandalone target not found
Native extension for Android target not found
Mono: successfully reloaded assembly
- Finished resetting the current domain, in  8.633 seconds
Domain Reload Profiling: 13776ms
	BeginReloadAssembly (1290ms)
		ExecutionOrderSort (0ms)
		DisableScriptedObjects (90ms)
		BackupInstance (0ms)
		ReleaseScriptingObjects (0ms)
		CreateAndSetChildDomain (122ms)
	RebuildCommonClasses (401ms)
	RebuildNativeTypeToScriptingClass (181ms)
	initialDomainReloadingComplete (342ms)
	LoadAllAssembliesAndSetupDomain (2926ms)
		LoadAssemblies (3608ms)
		RebuildTransferFunctionScriptingTraits (0ms)
		AnalyzeDomain (145ms)
			TypeCache.Refresh (85ms)
				TypeCache.ScanAssembly (0ms)
			ScanForSourceGeneratedMonoScriptInfo (1ms)
			ResolveRequiredComponents (50ms)
	FinalizeReload (8635ms)
		ReleaseScriptCaches (0ms)
		RebuildScriptCaches (0ms)
		SetupLoadedEditorAssemblies (2158ms)
			LogAssemblyErrors (0ms)
			InitializePlatformSupportModulesInManaged (138ms)
			SetLoadedEditorAssemblies (16ms)
			RefreshPlugins (0ms)
			BeforeProcessingInitializeOnLoad (357ms)
			ProcessInitializeOnLoadAttributes (1447ms)
			ProcessInitializeOnLoadMethodAttributes (122ms)
			AfterProcessingInitializeOnLoad (76ms)
			EditorAssembliesLoaded (1ms)
		ExecutionOrderSort2 (0ms)
		AwakeInstancesAfterBackupRestoration (68ms)
Refreshing native plugins compatible for Editor in 30.28 ms, found 4 plugins.
Preloading 0 native plugins for Editor in 0.00 ms.
Unloading 4035 Unused Serialized files (Serialized files now loaded: 0)
Unloading 19 unused Assets / (31.3 KB). Loaded Objects now: 4660.
Memory consumption went from 144.5 MB to 144.5 MB.
Total: 6.189200 ms (FindLiveObjects: 0.502400 ms CreateObjectMapping: 0.187100 ms MarkObjects: 5.396100 ms  DeleteObjects: 0.101200 ms)

Prepare: number of updated asset objects reloaded= 0
AssetImportParameters requested are different than current active one (requested -> active):
  custom:container-demuxer-ogg: 62fdf1f143b41e24485cea50d1cbac27 -> 
  custom:video-decoder-ogg-theora: a1e56fd34408186e4bbccfd4996cb3dc -> 
  custom:framework-win-MediaFoundation: 216162199b28c13a410421893ffa2e32 -> 
  custom:CustomObjectIndexerAttribute: 9a22284fe3817be447336de3de66b15e -> 
  custom:container-demuxer-webm: 4f35f7cbe854078d1ac9338744f61a02 -> 
  custom:container-muxer-webm: aa71ff27fc2769a1b78a27578f13a17b -> 
  custom:scripting/monoscript/fileName/Choice.cs: 4bdc8d7b1484d073f03fa9182351b6cf -> 
  custom:scripting/monoscript/fileName/SceneData.cs: 5ed3fba365915d72bd9c60cc866912ef -> 550971d4148451c2b85e6e850c7350e3
  custom:video-decoder-webm-vp8: 9c59270c3fd7afecdb556c50c9e8de78 -> 
  custom:SearchIndexIgnoredProperties: e643bd26f0fe6173181afceb89e7c659 -> 
  custom:AudioImporter_EditorPlatform: d09bf68614088b80899f8185d706f6e7 -> 
  custom:video-encoder-webm-vp8: eb34c28f22e8b96e1ab97ce403110664 -> 
  custom:audio-decoder-ogg-vorbis: bf7c407c2cedff20999df2af8eb42d56 -> 
  custom:scripting/monoscript/fileName/StoryData.cs: 1644ac1a06afbcc6e9a4f64e55a461f8 -> 1636ce31733873dea4092bfffcc34135
  custom:audio-encoder-webm-vorbis: bf7c407c2cedff20999df2af8eb42d56 -> 
========================================================================
Received Prepare
Caller must complete domain reload
Begin MonoManager ReloadAssembly
- Loaded All Assemblies, in  2.274 seconds
Native extension for WindowsStandalone target not found
Native extension for Android target not found
Mono: successfully reloaded assembly
- Finished resetting the current domain, in  5.447 seconds
Domain Reload Profiling: 7691ms
	BeginReloadAssembly (722ms)
		ExecutionOrderSort (0ms)
		DisableScriptedObjects (33ms)
		BackupInstance (0ms)
		ReleaseScriptingObjects (0ms)
		CreateAndSetChildDomain (80ms)
	RebuildCommonClasses (135ms)
	RebuildNativeTypeToScriptingClass (89ms)
	initialDomainReloadingComplete (181ms)
	LoadAllAssembliesAndSetupDomain (1116ms)
		LoadAssemblies (1557ms)
		RebuildTransferFunctionScriptingTraits (0ms)
		AnalyzeDomain (80ms)
			TypeCache.Refresh (26ms)
				TypeCache.ScanAssembly (1ms)
			ScanForSourceGeneratedMonoScriptInfo (31ms)
			ResolveRequiredComponents (19ms)
	FinalizeReload (5448ms)
		ReleaseScriptCaches (0ms)
		RebuildScriptCaches (0ms)
		SetupLoadedEditorAssemblies (1557ms)
			LogAssemblyErrors (0ms)
			InitializePlatformSupportModulesInManaged (96ms)
			SetLoadedEditorAssemblies (9ms)
			RefreshPlugins (0ms)
			BeforeProcessingInitializeOnLoad (281ms)
			ProcessInitializeOnLoadAttributes (1032ms)
			ProcessInitializeOnLoadMethodAttributes (86ms)
			AfterProcessingInitializeOnLoad (53ms)
			EditorAssembliesLoaded (1ms)
		ExecutionOrderSort2 (0ms)
		AwakeInstancesAfterBackupRestoration (38ms)
Refreshing native plugins compatible for Editor in 34.02 ms, found 4 plugins.
Preloading 0 native plugins for Editor in 0.00 ms.
Unloading 4035 Unused Serialized files (Serialized files now loaded: 0)
Unloading 19 unused Assets / (31.3 KB). Loaded Objects now: 4664.
Memory consumption went from 144.5 MB to 144.5 MB.
Total: 8.228500 ms (FindLiveObjects: 0.585600 ms CreateObjectMapping: 0.439000 ms MarkObjects: 7.089600 ms  DeleteObjects: 0.111600 ms)

Prepare: number of updated asset objects reloaded= 0
AssetImportParameters requested are different than current active one (requested -> active):
  custom:container-demuxer-ogg: 62fdf1f143b41e24485cea50d1cbac27 -> 
  custom:video-decoder-ogg-theora: a1e56fd34408186e4bbccfd4996cb3dc -> 
  custom:framework-win-MediaFoundation: 216162199b28c13a410421893ffa2e32 -> 
  custom:CustomObjectIndexerAttribute: 9a22284fe3817be447336de3de66b15e -> 
  custom:container-demuxer-webm: 4f35f7cbe854078d1ac9338744f61a02 -> 
  custom:container-muxer-webm: aa71ff27fc2769a1b78a27578f13a17b -> 
  custom:scripting/monoscript/fileName/Choice.cs: 4bdc8d7b1484d073f03fa9182351b6cf -> 
  custom:scripting/monoscript/fileName/SceneData.cs: 5ed3fba365915d72bd9c60cc866912ef -> 550971d4148451c2b85e6e850c7350e3
  custom:video-decoder-webm-vp8: 9c59270c3fd7afecdb556c50c9e8de78 -> 
  custom:SearchIndexIgnoredProperties: e643bd26f0fe6173181afceb89e7c659 -> 
  custom:AudioImporter_EditorPlatform: d09bf68614088b80899f8185d706f6e7 -> 
  custom:video-encoder-webm-vp8: eb34c28f22e8b96e1ab97ce403110664 -> 
  custom:audio-decoder-ogg-vorbis: bf7c407c2cedff20999df2af8eb42d56 -> 
  custom:scripting/monoscript/fileName/StoryData.cs: 1644ac1a06afbcc6e9a4f64e55a461f8 -> 1636ce31733873dea4092bfffcc34135
  custom:audio-encoder-webm-vorbis: bf7c407c2cedff20999df2af8eb42d56 -> 
========================================================================
Received Prepare
Caller must complete domain reload
Begin MonoManager ReloadAssembly
- Loaded All Assemblies, in  4.586 seconds
Native extension for WindowsStandalone target not found
Native extension for Android target not found
Mono: successfully reloaded assembly
- Finished resetting the current domain, in  7.770 seconds
Domain Reload Profiling: 12304ms
	BeginReloadAssembly (819ms)
		ExecutionOrderSort (0ms)
		DisableScriptedObjects (41ms)
		BackupInstance (0ms)
		ReleaseScriptingObjects (0ms)
		CreateAndSetChildDomain (162ms)
	RebuildCommonClasses (133ms)
	RebuildNativeTypeToScriptingClass (1265ms)
	initialDomainReloadingComplete (901ms)
	LoadAllAssembliesAndSetupDomain (1412ms)
		LoadAssemblies (1768ms)
		RebuildTransferFunctionScriptingTraits (0ms)
		AnalyzeDomain (42ms)
			TypeCache.Refresh (16ms)
				TypeCache.ScanAssembly (0ms)
			ScanForSourceGeneratedMonoScriptInfo (1ms)
			ResolveRequiredComponents (21ms)
	FinalizeReload (7774ms)
		ReleaseScriptCaches (0ms)
		RebuildScriptCaches (0ms)
		SetupLoadedEditorAssemblies (4400ms)
			LogAssemblyErrors (0ms)
			InitializePlatformSupportModulesInManaged (273ms)
			SetLoadedEditorAssemblies (23ms)
			RefreshPlugins (0ms)
			BeforeProcessingInitializeOnLoad (734ms)
			ProcessInitializeOnLoadAttributes (2930ms)
			ProcessInitializeOnLoadMethodAttributes (304ms)
			AfterProcessingInitializeOnLoad (136ms)
			EditorAssembliesLoaded (1ms)
		ExecutionOrderSort2 (0ms)
		AwakeInstancesAfterBackupRestoration (96ms)
Refreshing native plugins compatible for Editor in 75.97 ms, found 4 plugins.
Preloading 0 native plugins for Editor in 0.00 ms.
Unloading 4035 Unused Serialized files (Serialized files now loaded: 0)
Unloading 19 unused Assets / (31.3 KB). Loaded Objects now: 4668.
Memory consumption went from 144.5 MB to 144.5 MB.
Total: 56.986400 ms (FindLiveObjects: 29.049700 ms CreateObjectMapping: 0.502400 ms MarkObjects: 26.013500 ms  DeleteObjects: 1.418200 ms)

Prepare: number of updated asset objects reloaded= 0
AssetImportParameters requested are different than current active one (requested -> active):
  custom:container-demuxer-ogg: 62fdf1f143b41e24485cea50d1cbac27 -> 
  custom:video-decoder-ogg-theora: a1e56fd34408186e4bbccfd4996cb3dc -> 
  custom:framework-win-MediaFoundation: 216162199b28c13a410421893ffa2e32 -> 
  custom:CustomObjectIndexerAttribute: 9a22284fe3817be447336de3de66b15e -> 
  custom:container-demuxer-webm: 4f35f7cbe854078d1ac9338744f61a02 -> 
  custom:container-muxer-webm: aa71ff27fc2769a1b78a27578f13a17b -> 
  custom:scripting/monoscript/fileName/Choice.cs: 4bdc8d7b1484d073f03fa9182351b6cf -> 
  custom:scripting/monoscript/fileName/SceneData.cs: 5ed3fba365915d72bd9c60cc866912ef -> 550971d4148451c2b85e6e850c7350e3
  custom:video-decoder-webm-vp8: 9c59270c3fd7afecdb556c50c9e8de78 -> 
  custom:SearchIndexIgnoredProperties: e643bd26f0fe6173181afceb89e7c659 -> 
  custom:AudioImporter_EditorPlatform: d09bf68614088b80899f8185d706f6e7 -> 
  custom:video-encoder-webm-vp8: eb34c28f22e8b96e1ab97ce403110664 -> 
  custom:audio-decoder-ogg-vorbis: bf7c407c2cedff20999df2af8eb42d56 -> 
  custom:scripting/monoscript/fileName/StoryData.cs: 1644ac1a06afbcc6e9a4f64e55a461f8 -> 1636ce31733873dea4092bfffcc34135
  custom:audio-encoder-webm-vorbis: bf7c407c2cedff20999df2af8eb42d56 -> 
========================================================================
Received Prepare
Caller must complete domain reload
Begin MonoManager ReloadAssembly
- Loaded All Assemblies, in  2.622 seconds
Native extension for WindowsStandalone target not found
Native extension for Android target not found
Mono: successfully reloaded assembly
- Finished resetting the current domain, in  5.119 seconds
Domain Reload Profiling: 7709ms
	BeginReloadAssembly (585ms)
		ExecutionOrderSort (0ms)
		DisableScriptedObjects (47ms)
		BackupInstance (0ms)
		ReleaseScriptingObjects (0ms)
		CreateAndSetChildDomain (91ms)
	RebuildCommonClasses (128ms)
	RebuildNativeTypeToScriptingClass (43ms)
	initialDomainReloadingComplete (179ms)
	LoadAllAssembliesAndSetupDomain (1654ms)
		LoadAssemblies (1839ms)
		RebuildTransferFunctionScriptingTraits (0ms)
		AnalyzeDomain (171ms)
			TypeCache.Refresh (63ms)
				TypeCache.ScanAssembly (1ms)
			ScanForSourceGeneratedMonoScriptInfo (81ms)
			ResolveRequiredComponents (23ms)
	FinalizeReload (5120ms)
		ReleaseScriptCaches (0ms)
		RebuildScriptCaches (0ms)
		SetupLoadedEditorAssemblies (1892ms)
			LogAssemblyErrors (0ms)
			InitializePlatformSupportModulesInManaged (101ms)
			SetLoadedEditorAssemblies (34ms)
			RefreshPlugins (0ms)
			BeforeProcessingInitializeOnLoad (422ms)
			ProcessInitializeOnLoadAttributes (1191ms)
			ProcessInitializeOnLoadMethodAttributes (87ms)
			AfterProcessingInitializeOnLoad (57ms)
			EditorAssembliesLoaded (1ms)
		ExecutionOrderSort2 (0ms)
		AwakeInstancesAfterBackupRestoration (44ms)
Refreshing native plugins compatible for Editor in 44.03 ms, found 4 plugins.
Preloading 0 native plugins for Editor in 0.00 ms.
Unloading 4035 Unused Serialized files (Serialized files now loaded: 0)
Unloading 19 unused Assets / (31.3 KB). Loaded Objects now: 4672.
Memory consumption went from 144.5 MB to 144.5 MB.
Total: 7.470000 ms (FindLiveObjects: 0.525300 ms CreateObjectMapping: 0.206300 ms MarkObjects: 6.618700 ms  DeleteObjects: 0.117400 ms)

Prepare: number of updated asset objects reloaded= 0
AssetImportParameters requested are different than current active one (requested -> active):
  custom:container-demuxer-ogg: 62fdf1f143b41e24485cea50d1cbac27 -> 
  custom:video-decoder-ogg-theora: a1e56fd34408186e4bbccfd4996cb3dc -> 
  custom:framework-win-MediaFoundation: 216162199b28c13a410421893ffa2e32 -> 
  custom:CustomObjectIndexerAttribute: 9a22284fe3817be447336de3de66b15e -> 
  custom:container-demuxer-webm: 4f35f7cbe854078d1ac9338744f61a02 -> 
  custom:container-muxer-webm: aa71ff27fc2769a1b78a27578f13a17b -> 
  custom:scripting/monoscript/fileName/Choice.cs: 4bdc8d7b1484d073f03fa9182351b6cf -> 
  custom:scripting/monoscript/fileName/SceneData.cs: 5ed3fba365915d72bd9c60cc866912ef -> 550971d4148451c2b85e6e850c7350e3
  custom:video-decoder-webm-vp8: 9c59270c3fd7afecdb556c50c9e8de78 -> 
  custom:SearchIndexIgnoredProperties: e643bd26f0fe6173181afceb89e7c659 -> 
  custom:AudioImporter_EditorPlatform: d09bf68614088b80899f8185d706f6e7 -> 
  custom:video-encoder-webm-vp8: eb34c28f22e8b96e1ab97ce403110664 -> 
  custom:audio-decoder-ogg-vorbis: bf7c407c2cedff20999df2af8eb42d56 -> 
  custom:scripting/monoscript/fileName/StoryData.cs: 1644ac1a06afbcc6e9a4f64e55a461f8 -> 1636ce31733873dea4092bfffcc34135
  custom:audio-encoder-webm-vorbis: bf7c407c2cedff20999df2af8eb42d56 -> 
========================================================================
Received Prepare
Caller must complete domain reload
Begin MonoManager ReloadAssembly
- Loaded All Assemblies, in  4.205 seconds
Native extension for WindowsStandalone target not found
Native extension for Android target not found
Mono: successfully reloaded assembly
- Finished resetting the current domain, in  9.682 seconds
Domain Reload Profiling: 13848ms
	BeginReloadAssembly (720ms)
		ExecutionOrderSort (0ms)
		DisableScriptedObjects (35ms)
		BackupInstance (0ms)
		ReleaseScriptingObjects (0ms)
		CreateAndSetChildDomain (85ms)
	RebuildCommonClasses (118ms)
	RebuildNativeTypeToScriptingClass (35ms)
	initialDomainReloadingComplete (150ms)
	LoadAllAssembliesAndSetupDomain (3142ms)
		LoadAssemblies (3500ms)
		RebuildTransferFunctionScriptingTraits (0ms)
		AnalyzeDomain (93ms)
			TypeCache.Refresh (30ms)
				TypeCache.ScanAssembly (0ms)
			ScanForSourceGeneratedMonoScriptInfo (0ms)
			ResolveRequiredComponents (53ms)
	FinalizeReload (9683ms)
		ReleaseScriptCaches (0ms)
		RebuildScriptCaches (0ms)
		SetupLoadedEditorAssemblies (2437ms)
			LogAssemblyErrors (0ms)
			InitializePlatformSupportModulesInManaged (122ms)
			SetLoadedEditorAssemblies (12ms)
			RefreshPlugins (0ms)
			BeforeProcessingInitializeOnLoad (568ms)
			ProcessInitializeOnLoadAttributes (1478ms)
			ProcessInitializeOnLoadMethodAttributes (188ms)
			AfterProcessingInitializeOnLoad (67ms)
			EditorAssembliesLoaded (2ms)
		ExecutionOrderSort2 (0ms)
		AwakeInstancesAfterBackupRestoration (52ms)
Refreshing native plugins compatible for Editor in 32.76 ms, found 4 plugins.
Preloading 0 native plugins for Editor in 0.00 ms.
Unloading 4035 Unused Serialized files (Serialized files now loaded: 0)
Unloading 19 unused Assets / (31.3 KB). Loaded Objects now: 4676.
Memory consumption went from 144.6 MB to 144.5 MB.
Total: 8.218600 ms (FindLiveObjects: 0.562800 ms CreateObjectMapping: 0.558000 ms MarkObjects: 6.974200 ms  DeleteObjects: 0.121100 ms)

Prepare: number of updated asset objects reloaded= 0
AssetImportParameters requested are different than current active one (requested -> active):
  custom:container-demuxer-ogg: 62fdf1f143b41e24485cea50d1cbac27 -> 
  custom:video-decoder-ogg-theora: a1e56fd34408186e4bbccfd4996cb3dc -> 
  custom:framework-win-MediaFoundation: 216162199b28c13a410421893ffa2e32 -> 
  custom:CustomObjectIndexerAttribute: 9a22284fe3817be447336de3de66b15e -> 
  custom:container-demuxer-webm: 4f35f7cbe854078d1ac9338744f61a02 -> 
  custom:container-muxer-webm: aa71ff27fc2769a1b78a27578f13a17b -> 
  custom:scripting/monoscript/fileName/Choice.cs: 4bdc8d7b1484d073f03fa9182351b6cf -> 
  custom:scripting/monoscript/fileName/SceneData.cs: 5ed3fba365915d72bd9c60cc866912ef -> 550971d4148451c2b85e6e850c7350e3
  custom:video-decoder-webm-vp8: 9c59270c3fd7afecdb556c50c9e8de78 -> 
  custom:SearchIndexIgnoredProperties: e643bd26f0fe6173181afceb89e7c659 -> 
  custom:AudioImporter_EditorPlatform: d09bf68614088b80899f8185d706f6e7 -> 
  custom:video-encoder-webm-vp8: eb34c28f22e8b96e1ab97ce403110664 -> 
  custom:audio-decoder-ogg-vorbis: bf7c407c2cedff20999df2af8eb42d56 -> 
  custom:scripting/monoscript/fileName/StoryData.cs: 1644ac1a06afbcc6e9a4f64e55a461f8 -> 1636ce31733873dea4092bfffcc34135
  custom:audio-encoder-webm-vorbis: bf7c407c2cedff20999df2af8eb42d56 -> 
========================================================================
Received Prepare
Caller must complete domain reload
Begin MonoManager ReloadAssembly
- Loaded All Assemblies, in  2.705 seconds
Native extension for WindowsStandalone target not found
Native extension for Android target not found
Mono: successfully reloaded assembly
- Finished resetting the current domain, in  6.874 seconds
Domain Reload Profiling: 9548ms
	BeginReloadAssembly (726ms)
		ExecutionOrderSort (0ms)
		DisableScriptedObjects (40ms)
		BackupInstance (0ms)
		ReleaseScriptingObjects (0ms)
		CreateAndSetChildDomain (79ms)
	RebuildCommonClasses (236ms)
	RebuildNativeTypeToScriptingClass (37ms)
	initialDomainReloadingComplete (181ms)
	LoadAllAssembliesAndSetupDomain (1494ms)
		LoadAssemblies (1708ms)
		RebuildTransferFunctionScriptingTraits (0ms)
		AnalyzeDomain (304ms)
			TypeCache.Refresh (98ms)
				TypeCache.ScanAssembly (1ms)
			ScanForSourceGeneratedMonoScriptInfo (166ms)
			ResolveRequiredComponents (35ms)
	FinalizeReload (6875ms)
		ReleaseScriptCaches (0ms)
		RebuildScriptCaches (0ms)
		SetupLoadedEditorAssemblies (2254ms)
			LogAssemblyErrors (0ms)
			InitializePlatformSupportModulesInManaged (93ms)
			SetLoadedEditorAssemblies (9ms)
			RefreshPlugins (0ms)
			BeforeProcessingInitializeOnLoad (277ms)
			ProcessInitializeOnLoadAttributes (1697ms)
			ProcessInitializeOnLoadMethodAttributes (124ms)
			AfterProcessingInitializeOnLoad (53ms)
			EditorAssembliesLoaded (1ms)
		ExecutionOrderSort2 (0ms)
		AwakeInstancesAfterBackupRestoration (41ms)
Refreshing native plugins compatible for Editor in 25.99 ms, found 4 plugins.
Preloading 0 native plugins for Editor in 0.00 ms.
Unloading 4035 Unused Serialized files (Serialized files now loaded: 0)
Unloading 19 unused Assets / (31.3 KB). Loaded Objects now: 4680.
Memory consumption went from 144.6 MB to 144.5 MB.
Total: 8.292700 ms (FindLiveObjects: 0.701200 ms CreateObjectMapping: 0.371700 ms MarkObjects: 7.087600 ms  DeleteObjects: 0.129400 ms)

Prepare: number of updated asset objects reloaded= 0
AssetImportParameters requested are different than current active one (requested -> active):
  custom:container-demuxer-ogg: 62fdf1f143b41e24485cea50d1cbac27 -> 
  custom:video-decoder-ogg-theora: a1e56fd34408186e4bbccfd4996cb3dc -> 
  custom:framework-win-MediaFoundation: 216162199b28c13a410421893ffa2e32 -> 
  custom:CustomObjectIndexerAttribute: 9a22284fe3817be447336de3de66b15e -> 
  custom:container-demuxer-webm: 4f35f7cbe854078d1ac9338744f61a02 -> 
  custom:container-muxer-webm: aa71ff27fc2769a1b78a27578f13a17b -> 
  custom:scripting/monoscript/fileName/Choice.cs: 4bdc8d7b1484d073f03fa9182351b6cf -> 
  custom:scripting/monoscript/fileName/SceneData.cs: 5ed3fba365915d72bd9c60cc866912ef -> 550971d4148451c2b85e6e850c7350e3
  custom:video-decoder-webm-vp8: 9c59270c3fd7afecdb556c50c9e8de78 -> 
  custom:SearchIndexIgnoredProperties: e643bd26f0fe6173181afceb89e7c659 -> 
  custom:AudioImporter_EditorPlatform: d09bf68614088b80899f8185d706f6e7 -> 
  custom:video-encoder-webm-vp8: eb34c28f22e8b96e1ab97ce403110664 -> 
  custom:audio-decoder-ogg-vorbis: bf7c407c2cedff20999df2af8eb42d56 -> 
  custom:scripting/monoscript/fileName/StoryData.cs: 1644ac1a06afbcc6e9a4f64e55a461f8 -> 1636ce31733873dea4092bfffcc34135
  custom:audio-encoder-webm-vorbis: bf7c407c2cedff20999df2af8eb42d56 -> 
========================================================================
Received Prepare
Caller must complete domain reload
Begin MonoManager ReloadAssembly
- Loaded All Assemblies, in  2.098 seconds
Native extension for WindowsStandalone target not found
Native extension for Android target not found
Mono: successfully reloaded assembly
- Finished resetting the current domain, in  7.344 seconds
Domain Reload Profiling: 9408ms
	BeginReloadAssembly (721ms)
		ExecutionOrderSort (0ms)
		DisableScriptedObjects (31ms)
		BackupInstance (0ms)
		ReleaseScriptingObjects (0ms)
		CreateAndSetChildDomain (86ms)
	RebuildCommonClasses (115ms)
	RebuildNativeTypeToScriptingClass (35ms)
	initialDomainReloadingComplete (187ms)
	LoadAllAssembliesAndSetupDomain (1004ms)
		LoadAssemblies (1488ms)
		RebuildTransferFunctionScriptingTraits (0ms)
		AnalyzeDomain (34ms)
			TypeCache.Refresh (14ms)
				TypeCache.ScanAssembly (0ms)
			ScanForSourceGeneratedMonoScriptInfo (0ms)
			ResolveRequiredComponents (16ms)
	FinalizeReload (7346ms)
		ReleaseScriptCaches (0ms)
		RebuildScriptCaches (0ms)
		SetupLoadedEditorAssemblies (2530ms)
			LogAssemblyErrors (0ms)
			InitializePlatformSupportModulesInManaged (147ms)
			SetLoadedEditorAssemblies (16ms)
			RefreshPlugins (0ms)
			BeforeProcessingInitializeOnLoad (466ms)
			ProcessInitializeOnLoadAttributes (1473ms)
			ProcessInitializeOnLoadMethodAttributes (366ms)
			AfterProcessingInitializeOnLoad (62ms)
			EditorAssembliesLoaded (1ms)
		ExecutionOrderSort2 (0ms)
		AwakeInstancesAfterBackupRestoration (50ms)
Refreshing native plugins compatible for Editor in 25.98 ms, found 4 plugins.
Preloading 0 native plugins for Editor in 0.00 ms.
Unloading 4035 Unused Serialized files (Serialized files now loaded: 0)
Unloading 19 unused Assets / (31.3 KB). Loaded Objects now: 4684.
Memory consumption went from 144.6 MB to 144.5 MB.
Total: 6.483900 ms (FindLiveObjects: 0.560900 ms CreateObjectMapping: 0.233800 ms MarkObjects: 5.581000 ms  DeleteObjects: 0.105800 ms)

Prepare: number of updated asset objects reloaded= 0
AssetImportParameters requested are different than current active one (requested -> active):
  custom:container-demuxer-ogg: 62fdf1f143b41e24485cea50d1cbac27 -> 
  custom:video-decoder-ogg-theora: a1e56fd34408186e4bbccfd4996cb3dc -> 
  custom:framework-win-MediaFoundation: 216162199b28c13a410421893ffa2e32 -> 
  custom:CustomObjectIndexerAttribute: 9a22284fe3817be447336de3de66b15e -> 
  custom:container-demuxer-webm: 4f35f7cbe854078d1ac9338744f61a02 -> 
  custom:container-muxer-webm: aa71ff27fc2769a1b78a27578f13a17b -> 
  custom:scripting/monoscript/fileName/Choice.cs: 4bdc8d7b1484d073f03fa9182351b6cf -> 
  custom:scripting/monoscript/fileName/SceneData.cs: 5ed3fba365915d72bd9c60cc866912ef -> 550971d4148451c2b85e6e850c7350e3
  custom:video-decoder-webm-vp8: 9c59270c3fd7afecdb556c50c9e8de78 -> 
  custom:SearchIndexIgnoredProperties: e643bd26f0fe6173181afceb89e7c659 -> 
  custom:AudioImporter_EditorPlatform: d09bf68614088b80899f8185d706f6e7 -> 
  custom:video-encoder-webm-vp8: eb34c28f22e8b96e1ab97ce403110664 -> 
  custom:audio-decoder-ogg-vorbis: bf7c407c2cedff20999df2af8eb42d56 -> 
  custom:scripting/monoscript/fileName/StoryData.cs: 1644ac1a06afbcc6e9a4f64e55a461f8 -> 1636ce31733873dea4092bfffcc34135
  custom:audio-encoder-webm-vorbis: bf7c407c2cedff20999df2af8eb42d56 -> 
========================================================================
Received Prepare
Caller must complete domain reload
Begin MonoManager ReloadAssembly
- Loaded All Assemblies, in  2.550 seconds
Native extension for WindowsStandalone target not found
Native extension for Android target not found
Mono: successfully reloaded assembly
- Finished resetting the current domain, in  5.615 seconds
Domain Reload Profiling: 8132ms
	BeginReloadAssembly (671ms)
		ExecutionOrderSort (0ms)
		DisableScriptedObjects (96ms)
		BackupInstance (0ms)
		ReleaseScriptingObjects (0ms)
		CreateAndSetChildDomain (79ms)
	RebuildCommonClasses (122ms)
	RebuildNativeTypeToScriptingClass (36ms)
	initialDomainReloadingComplete (226ms)
	LoadAllAssembliesAndSetupDomain (1461ms)
		LoadAssemblies (1769ms)
		RebuildTransferFunctionScriptingTraits (0ms)
		AnalyzeDomain (95ms)
			TypeCache.Refresh (27ms)
				TypeCache.ScanAssembly (1ms)
			ScanForSourceGeneratedMonoScriptInfo (38ms)
			ResolveRequiredComponents (24ms)
	FinalizeReload (5616ms)
		ReleaseScriptCaches (0ms)
		RebuildScriptCaches (0ms)
		SetupLoadedEditorAssemblies (1691ms)
			LogAssemblyErrors (0ms)
			InitializePlatformSupportModulesInManaged (138ms)
			SetLoadedEditorAssemblies (9ms)
			RefreshPlugins (0ms)
			BeforeProcessingInitializeOnLoad (317ms)
			ProcessInitializeOnLoadAttributes (1050ms)
			ProcessInitializeOnLoadMethodAttributes (117ms)
			AfterProcessingInitializeOnLoad (60ms)
			EditorAssembliesLoaded (1ms)
		ExecutionOrderSort2 (0ms)
		AwakeInstancesAfterBackupRestoration (38ms)
Refreshing native plugins compatible for Editor in 42.30 ms, found 4 plugins.
Preloading 0 native plugins for Editor in 0.00 ms.
Unloading 4035 Unused Serialized files (Serialized files now loaded: 0)
Unloading 19 unused Assets / (31.4 KB). Loaded Objects now: 4688.
Memory consumption went from 144.6 MB to 144.5 MB.
Total: 10.109400 ms (FindLiveObjects: 0.609400 ms CreateObjectMapping: 0.282100 ms MarkObjects: 9.100500 ms  DeleteObjects: 0.115000 ms)

Prepare: number of updated asset objects reloaded= 0
AssetImportParameters requested are different than current active one (requested -> active):
  custom:container-demuxer-ogg: 62fdf1f143b41e24485cea50d1cbac27 -> 
  custom:video-decoder-ogg-theora: a1e56fd34408186e4bbccfd4996cb3dc -> 
  custom:framework-win-MediaFoundation: 216162199b28c13a410421893ffa2e32 -> 
  custom:CustomObjectIndexerAttribute: 9a22284fe3817be447336de3de66b15e -> 
  custom:container-demuxer-webm: 4f35f7cbe854078d1ac9338744f61a02 -> 
  custom:container-muxer-webm: aa71ff27fc2769a1b78a27578f13a17b -> 
  custom:scripting/monoscript/fileName/Choice.cs: 4bdc8d7b1484d073f03fa9182351b6cf -> 
  custom:scripting/monoscript/fileName/SceneData.cs: 5ed3fba365915d72bd9c60cc866912ef -> 550971d4148451c2b85e6e850c7350e3
  custom:video-decoder-webm-vp8: 9c59270c3fd7afecdb556c50c9e8de78 -> 
  custom:SearchIndexIgnoredProperties: e643bd26f0fe6173181afceb89e7c659 -> 
  custom:AudioImporter_EditorPlatform: d09bf68614088b80899f8185d706f6e7 -> 
  custom:video-encoder-webm-vp8: eb34c28f22e8b96e1ab97ce403110664 -> 
  custom:audio-decoder-ogg-vorbis: bf7c407c2cedff20999df2af8eb42d56 -> 
  custom:scripting/monoscript/fileName/StoryData.cs: 1644ac1a06afbcc6e9a4f64e55a461f8 -> 1636ce31733873dea4092bfffcc34135
  custom:audio-encoder-webm-vorbis: bf7c407c2cedff20999df2af8eb42d56 -> 
========================================================================
Received Prepare
Caller must complete domain reload
Begin MonoManager ReloadAssembly
- Loaded All Assemblies, in  2.535 seconds
Native extension for WindowsStandalone target not found
Native extension for Android target not found
Mono: successfully reloaded assembly
- Finished resetting the current domain, in  9.972 seconds
Domain Reload Profiling: 12472ms
	BeginReloadAssembly (637ms)
		ExecutionOrderSort (0ms)
		DisableScriptedObjects (33ms)
		BackupInstance (0ms)
		ReleaseScriptingObjects (0ms)
		CreateAndSetChildDomain (110ms)
	RebuildCommonClasses (255ms)
	RebuildNativeTypeToScriptingClass (35ms)
	initialDomainReloadingComplete (194ms)
	LoadAllAssembliesAndSetupDomain (1377ms)
		LoadAssemblies (1692ms)
		RebuildTransferFunctionScriptingTraits (0ms)
		AnalyzeDomain (67ms)
			TypeCache.Refresh (23ms)
				TypeCache.ScanAssembly (0ms)
			ScanForSourceGeneratedMonoScriptInfo (2ms)
			ResolveRequiredComponents (34ms)
	FinalizeReload (9974ms)
		ReleaseScriptCaches (0ms)
		RebuildScriptCaches (0ms)
		SetupLoadedEditorAssemblies (2404ms)
			LogAssemblyErrors (0ms)
			InitializePlatformSupportModulesInManaged (186ms)
			SetLoadedEditorAssemblies (15ms)
			RefreshPlugins (0ms)
			BeforeProcessingInitializeOnLoad (407ms)
			ProcessInitializeOnLoadAttributes (1605ms)
			ProcessInitializeOnLoadMethodAttributes (120ms)
			AfterProcessingInitializeOnLoad (71ms)
			EditorAssembliesLoaded (1ms)
		ExecutionOrderSort2 (1ms)
		AwakeInstancesAfterBackupRestoration (52ms)
Refreshing native plugins compatible for Editor in 22.57 ms, found 4 plugins.
Preloading 0 native plugins for Editor in 0.00 ms.
Unloading 4035 Unused Serialized files (Serialized files now loaded: 0)
Unloading 19 unused Assets / (31.3 KB). Loaded Objects now: 4692.
Memory consumption went from 144.6 MB to 144.5 MB.
Total: 6.720800 ms (FindLiveObjects: 0.571900 ms CreateObjectMapping: 0.213900 ms MarkObjects: 5.824000 ms  DeleteObjects: 0.108800 ms)

Prepare: number of updated asset objects reloaded= 0
AssetImportParameters requested are different than current active one (requested -> active):
  custom:container-demuxer-ogg: 62fdf1f143b41e24485cea50d1cbac27 -> 
  custom:video-decoder-ogg-theora: a1e56fd34408186e4bbccfd4996cb3dc -> 
  custom:framework-win-MediaFoundation: 216162199b28c13a410421893ffa2e32 -> 
  custom:CustomObjectIndexerAttribute: 9a22284fe3817be447336de3de66b15e -> 
  custom:container-demuxer-webm: 4f35f7cbe854078d1ac9338744f61a02 -> 
  custom:container-muxer-webm: aa71ff27fc2769a1b78a27578f13a17b -> 
  custom:scripting/monoscript/fileName/Choice.cs: 4bdc8d7b1484d073f03fa9182351b6cf -> 
  custom:scripting/monoscript/fileName/SceneData.cs: 5ed3fba365915d72bd9c60cc866912ef -> 550971d4148451c2b85e6e850c7350e3
  custom:video-decoder-webm-vp8: 9c59270c3fd7afecdb556c50c9e8de78 -> 
  custom:SearchIndexIgnoredProperties: e643bd26f0fe6173181afceb89e7c659 -> 
  custom:AudioImporter_EditorPlatform: d09bf68614088b80899f8185d706f6e7 -> 
  custom:video-encoder-webm-vp8: eb34c28f22e8b96e1ab97ce403110664 -> 
  custom:audio-decoder-ogg-vorbis: bf7c407c2cedff20999df2af8eb42d56 -> 
  custom:scripting/monoscript/fileName/StoryData.cs: 1644ac1a06afbcc6e9a4f64e55a461f8 -> 1636ce31733873dea4092bfffcc34135
  custom:audio-encoder-webm-vorbis: bf7c407c2cedff20999df2af8eb42d56 -> 
========================================================================
Received Prepare
Caller must complete domain reload
Begin MonoManager ReloadAssembly
- Loaded All Assemblies, in  3.490 seconds
Native extension for WindowsStandalone target not found
Native extension for Android target not found
Mono: successfully reloaded assembly
- Finished resetting the current domain, in  5.503 seconds
Domain Reload Profiling: 8950ms
	BeginReloadAssembly (1507ms)
		ExecutionOrderSort (0ms)
		DisableScriptedObjects (70ms)
		BackupInstance (0ms)
		ReleaseScriptingObjects (0ms)
		CreateAndSetChildDomain (755ms)
	RebuildCommonClasses (396ms)
	RebuildNativeTypeToScriptingClass (55ms)
	initialDomainReloadingComplete (175ms)
	LoadAllAssembliesAndSetupDomain (1313ms)
		LoadAssemblies (1769ms)
		RebuildTransferFunctionScriptingTraits (0ms)
		AnalyzeDomain (70ms)
			TypeCache.Refresh (17ms)
				TypeCache.ScanAssembly (0ms)
			ScanForSourceGeneratedMonoScriptInfo (0ms)
			ResolveRequiredComponents (48ms)
	FinalizeReload (5504ms)
		ReleaseScriptCaches (0ms)
		RebuildScriptCaches (0ms)
		SetupLoadedEditorAssemblies (2031ms)
			LogAssemblyErrors (0ms)
			InitializePlatformSupportModulesInManaged (122ms)
			SetLoadedEditorAssemblies (11ms)
			RefreshPlugins (0ms)
			BeforeProcessingInitializeOnLoad (338ms)
			ProcessInitializeOnLoadAttributes (1336ms)
			ProcessInitializeOnLoadMethodAttributes (154ms)
			AfterProcessingInitializeOnLoad (69ms)
			EditorAssembliesLoaded (1ms)
		ExecutionOrderSort2 (0ms)
		AwakeInstancesAfterBackupRestoration (63ms)
Refreshing native plugins compatible for Editor in 26.09 ms, found 4 plugins.
Preloading 0 native plugins for Editor in 0.00 ms.
Unloading 4035 Unused Serialized files (Serialized files now loaded: 0)
Unloading 19 unused Assets / (31.3 KB). Loaded Objects now: 4696.
Memory consumption went from 144.6 MB to 144.5 MB.
Total: 7.651200 ms (FindLiveObjects: 0.528800 ms CreateObjectMapping: 0.553000 ms MarkObjects: 6.453600 ms  DeleteObjects: 0.113300 ms)

Prepare: number of updated asset objects reloaded= 0
AssetImportParameters requested are different than current active one (requested -> active):
  custom:container-demuxer-ogg: 62fdf1f143b41e24485cea50d1cbac27 -> 
  custom:video-decoder-ogg-theora: a1e56fd34408186e4bbccfd4996cb3dc -> 
  custom:framework-win-MediaFoundation: 216162199b28c13a410421893ffa2e32 -> 
  custom:CustomObjectIndexerAttribute: 9a22284fe3817be447336de3de66b15e -> 
  custom:container-demuxer-webm: 4f35f7cbe854078d1ac9338744f61a02 -> 
  custom:container-muxer-webm: aa71ff27fc2769a1b78a27578f13a17b -> 
  custom:scripting/monoscript/fileName/Choice.cs: 4bdc8d7b1484d073f03fa9182351b6cf -> 
  custom:scripting/monoscript/fileName/SceneData.cs: 5ed3fba365915d72bd9c60cc866912ef -> 550971d4148451c2b85e6e850c7350e3
  custom:video-decoder-webm-vp8: 9c59270c3fd7afecdb556c50c9e8de78 -> 
  custom:SearchIndexIgnoredProperties: e643bd26f0fe6173181afceb89e7c659 -> 
  custom:AudioImporter_EditorPlatform: d09bf68614088b80899f8185d706f6e7 -> 
  custom:video-encoder-webm-vp8: eb34c28f22e8b96e1ab97ce403110664 -> 
  custom:audio-decoder-ogg-vorbis: bf7c407c2cedff20999df2af8eb42d56 -> 
  custom:scripting/monoscript/fileName/StoryData.cs: 1644ac1a06afbcc6e9a4f64e55a461f8 -> 1636ce31733873dea4092bfffcc34135
  custom:audio-encoder-webm-vorbis: bf7c407c2cedff20999df2af8eb42d56 -> 
========================================================================
Received Prepare
Caller must complete domain reload
Begin MonoManager ReloadAssembly
- Loaded All Assemblies, in  2.400 seconds
Native extension for WindowsStandalone target not found
Native extension for Android target not found
Mono: successfully reloaded assembly
- Finished resetting the current domain, in  9.960 seconds
Domain Reload Profiling: 12333ms
	BeginReloadAssembly (700ms)
		ExecutionOrderSort (0ms)
		DisableScriptedObjects (32ms)
		BackupInstance (0ms)
		ReleaseScriptingObjects (0ms)
		CreateAndSetChildDomain (86ms)
	RebuildCommonClasses (125ms)
	RebuildNativeTypeToScriptingClass (38ms)
	initialDomainReloadingComplete (173ms)
	LoadAllAssembliesAndSetupDomain (1336ms)
		LoadAssemblies (1721ms)
		RebuildTransferFunctionScriptingTraits (0ms)
		AnalyzeDomain (96ms)
			TypeCache.Refresh (25ms)
				TypeCache.ScanAssembly (0ms)
			ScanForSourceGeneratedMonoScriptInfo (1ms)
			ResolveRequiredComponents (42ms)
	FinalizeReload (9961ms)
		ReleaseScriptCaches (0ms)
		RebuildScriptCaches (0ms)
		SetupLoadedEditorAssemblies (2196ms)
			LogAssemblyErrors (0ms)
			InitializePlatformSupportModulesInManaged (155ms)
			SetLoadedEditorAssemblies (16ms)
			RefreshPlugins (0ms)
			BeforeProcessingInitializeOnLoad (368ms)
			ProcessInitializeOnLoadAttributes (1347ms)
			ProcessInitializeOnLoadMethodAttributes (190ms)
			AfterProcessingInitializeOnLoad (118ms)
			EditorAssembliesLoaded (1ms)
		ExecutionOrderSort2 (0ms)
		AwakeInstancesAfterBackupRestoration (58ms)
Refreshing native plugins compatible for Editor in 44.47 ms, found 4 plugins.
Preloading 0 native plugins for Editor in 0.00 ms.
Unloading 4035 Unused Serialized files (Serialized files now loaded: 0)
Unloading 19 unused Assets / (31.3 KB). Loaded Objects now: 4700.
Memory consumption went from 144.6 MB to 144.6 MB.
Total: 50.255900 ms (FindLiveObjects: 0.592200 ms CreateObjectMapping: 0.521000 ms MarkObjects: 49.021000 ms  DeleteObjects: 0.119300 ms)

Prepare: number of updated asset objects reloaded= 0
AssetImportParameters requested are different than current active one (requested -> active):
  custom:container-demuxer-ogg: 62fdf1f143b41e24485cea50d1cbac27 -> 
  custom:video-decoder-ogg-theora: a1e56fd34408186e4bbccfd4996cb3dc -> 
  custom:framework-win-MediaFoundation: 216162199b28c13a410421893ffa2e32 -> 
  custom:CustomObjectIndexerAttribute: 9a22284fe3817be447336de3de66b15e -> 
  custom:container-demuxer-webm: 4f35f7cbe854078d1ac9338744f61a02 -> 
  custom:container-muxer-webm: aa71ff27fc2769a1b78a27578f13a17b -> 
  custom:scripting/monoscript/fileName/Choice.cs: 4bdc8d7b1484d073f03fa9182351b6cf -> 
  custom:scripting/monoscript/fileName/SceneData.cs: 5ed3fba365915d72bd9c60cc866912ef -> 550971d4148451c2b85e6e850c7350e3
  custom:video-decoder-webm-vp8: 9c59270c3fd7afecdb556c50c9e8de78 -> 
  custom:SearchIndexIgnoredProperties: e643bd26f0fe6173181afceb89e7c659 -> 
  custom:AudioImporter_EditorPlatform: d09bf68614088b80899f8185d706f6e7 -> 
  custom:video-encoder-webm-vp8: eb34c28f22e8b96e1ab97ce403110664 -> 
  custom:audio-decoder-ogg-vorbis: bf7c407c2cedff20999df2af8eb42d56 -> 
  custom:scripting/monoscript/fileName/StoryData.cs: 1644ac1a06afbcc6e9a4f64e55a461f8 -> 1636ce31733873dea4092bfffcc34135
  custom:audio-encoder-webm-vorbis: bf7c407c2cedff20999df2af8eb42d56 -> 
========================================================================
Received Prepare
Caller must complete domain reload
Begin MonoManager ReloadAssembly
- Loaded All Assemblies, in  2.316 seconds
Native extension for WindowsStandalone target not found
Native extension for Android target not found
Mono: successfully reloaded assembly
- Finished resetting the current domain, in  4.603 seconds
Domain Reload Profiling: 6882ms
	BeginReloadAssembly (666ms)
		ExecutionOrderSort (0ms)
		DisableScriptedObjects (32ms)
		BackupInstance (0ms)
		ReleaseScriptingObjects (0ms)
		CreateAndSetChildDomain (96ms)
	RebuildCommonClasses (126ms)
	RebuildNativeTypeToScriptingClass (60ms)
	initialDomainReloadingComplete (262ms)
	LoadAllAssembliesAndSetupDomain (1164ms)
		LoadAssemblies (1530ms)
		RebuildTransferFunctionScriptingTraits (0ms)
		AnalyzeDomain (72ms)
			TypeCache.Refresh (24ms)
				TypeCache.ScanAssembly (1ms)
			ScanForSourceGeneratedMonoScriptInfo (28ms)
			ResolveRequiredComponents (17ms)
	FinalizeReload (4604ms)
		ReleaseScriptCaches (0ms)
		RebuildScriptCaches (0ms)
		SetupLoadedEditorAssemblies (1480ms)
			LogAssemblyErrors (0ms)
			InitializePlatformSupportModulesInManaged (133ms)
			SetLoadedEditorAssemblies (10ms)
			RefreshPlugins (0ms)
			BeforeProcessingInitializeOnLoad (261ms)
			ProcessInitializeOnLoadAttributes (942ms)
			ProcessInitializeOnLoadMethodAttributes (85ms)
			AfterProcessingInitializeOnLoad (49ms)
			EditorAssembliesLoaded (1ms)
		ExecutionOrderSort2 (0ms)
		AwakeInstancesAfterBackupRestoration (36ms)
