Using pre-set license
Built from '2022.3/staging' branch; Version is '2022.3.42f1 (2dcb6a0abc42) revision 3001194'; Using compiler version '192829333'; Build Type 'Release'
OS: 'Windows 10  (10.0.19045) 64bit Professional' Language: 'en' Physical Memory: 16344 MB
BatchMode: 1, IsHumanControllingUs: 0, StartBugReporterOnCrash: 0, Is64bit: 1, IsPro: 1

COMMAND LINE ARGUMENTS:
D:\User\Program files\Tools\Unity\2022.3.42f1\Editor\Unity.exe
-adb2
-batchMode
-noUpm
-name
AssetImportWorker4
-projectPath
D:/Unity Projects/OneButtonGameFinals
-logFile
Logs/AssetImportWorker4.log
-srvPort
56610
Successfully changed project path to: D:/Unity Projects/OneButtonGameFinals
D:/Unity Projects/OneButtonGameFinals
[UnityMemory] Configuration Parameters - Can be set up in boot.config
    "memorysetup-bucket-allocator-granularity=16"
    "memorysetup-bucket-allocator-bucket-count=8"
    "memorysetup-bucket-allocator-block-size=33554432"
    "memorysetup-bucket-allocator-block-count=8"
    "memorysetup-main-allocator-block-size=16777216"
    "memorysetup-thread-allocator-block-size=16777216"
    "memorysetup-gfx-main-allocator-block-size=16777216"
    "memorysetup-gfx-thread-allocator-block-size=16777216"
    "memorysetup-cache-allocator-block-size=4194304"
    "memorysetup-typetree-allocator-block-size=2097152"
    "memorysetup-profiler-bucket-allocator-granularity=16"
    "memorysetup-profiler-bucket-allocator-bucket-count=8"
    "memorysetup-profiler-bucket-allocator-block-size=33554432"
    "memorysetup-profiler-bucket-allocator-block-count=8"
    "memorysetup-profiler-allocator-block-size=16777216"
    "memorysetup-profiler-editor-allocator-block-size=1048576"
    "memorysetup-temp-allocator-size-main=16777216"
    "memorysetup-job-temp-allocator-block-size=2097152"
    "memorysetup-job-temp-allocator-block-size-background=1048576"
    "memorysetup-job-temp-allocator-reduction-small-platforms=262144"
    "memorysetup-allocator-temp-initial-block-size-main=262144"
    "memorysetup-allocator-temp-initial-block-size-worker=262144"
    "memorysetup-temp-allocator-size-background-worker=32768"
    "memorysetup-temp-allocator-size-job-worker=262144"
    "memorysetup-temp-allocator-size-preload-manager=33554432"
    "memorysetup-temp-allocator-size-nav-mesh-worker=65536"
    "memorysetup-temp-allocator-size-audio-worker=65536"
    "memorysetup-temp-allocator-size-cloud-worker=32768"
    "memorysetup-temp-allocator-size-gi-baking-worker=262144"
    "memorysetup-temp-allocator-size-gfx=262144"
Player connection [11092]  Target information:

Player connection [11092]  * "[IP] 192.168.100.13 [Port] 0 [Flags] 2 [Guid] 2727694314 [EditorId] 2727694314 [Version] 1048832 [Id] WindowsEditor(7,--) [Debug] 1 [PackageName] WindowsEditor [ProjectName] Editor" 

Player connection [11092] Host joined multi-casting on [225.0.0.222:54997]...
Player connection [11092] Host joined alternative multi-casting on [225.0.0.222:34997]...
[PhysX] Initialized MultithreadedTaskDispatcher with 4 workers.
Refreshing native plugins compatible for Editor in 48.42 ms, found 4 plugins.
Preloading 0 native plugins for Editor in 0.00 ms.
Initialize engine version: 2022.3.42f1 (2dcb6a0abc42)
[Subsystems] Discovering subsystems at path D:/User/Program files/Tools/Unity/2022.3.42f1/Editor/Data/Resources/UnitySubsystems
[Subsystems] Discovering subsystems at path D:/Unity Projects/OneButtonGameFinals/Assets
GfxDevice: creating device client; threaded=0; jobified=0
Direct3D:
    Version:  Direct3D 11.0 [level 11.1]
    Renderer: AMD Radeon RX 580 2048SP (ID=0x6fdf)
    Vendor:   ATI
    VRAM:     8135 MB
    Driver:   31.0.21912.14
Initialize mono
Mono path[0] = 'D:/User/Program files/Tools/Unity/2022.3.42f1/Editor/Data/Managed'
Mono path[1] = 'D:/User/Program files/Tools/Unity/2022.3.42f1/Editor/Data/MonoBleedingEdge/lib/mono/unityjit-win32'
Mono config path = 'D:/User/Program files/Tools/Unity/2022.3.42f1/Editor/Data/MonoBleedingEdge/etc'
Using monoOptions --debugger-agent=transport=dt_socket,embedding=1,server=y,suspend=n,address=127.0.0.1:56488
Begin MonoManager ReloadAssembly
Registering precompiled unity dll's ...
Register platform support module: D:/User/Program files/Tools/Unity/2022.3.42f1/Editor/Data/PlaybackEngines/AndroidPlayer/UnityEditor.Android.Extensions.dll
Register platform support module: D:/User/Program files/Tools/Unity/2022.3.42f1/Editor/Data/PlaybackEngines/WindowsStandaloneSupport/UnityEditor.WindowsStandalone.Extensions.dll
Registered in 0.053043 seconds.
- Loaded All Assemblies, in  0.986 seconds
Native extension for WindowsStandalone target not found
Native extension for Android target not found
Android Extension - Scanning For ADB Devices 590 ms
Mono: successfully reloaded assembly
- Finished resetting the current domain, in  1.291 seconds
Domain Reload Profiling: 2268ms
	BeginReloadAssembly (307ms)
		ExecutionOrderSort (0ms)
		DisableScriptedObjects (0ms)
		BackupInstance (0ms)
		ReleaseScriptingObjects (0ms)
		CreateAndSetChildDomain (1ms)
	RebuildCommonClasses (92ms)
	RebuildNativeTypeToScriptingClass (26ms)
	initialDomainReloadingComplete (181ms)
	LoadAllAssembliesAndSetupDomain (371ms)
		LoadAssemblies (300ms)
		RebuildTransferFunctionScriptingTraits (0ms)
		AnalyzeDomain (364ms)
			TypeCache.Refresh (361ms)
				TypeCache.ScanAssembly (330ms)
			ScanForSourceGeneratedMonoScriptInfo (1ms)
			ResolveRequiredComponents (1ms)
	FinalizeReload (1291ms)
		ReleaseScriptCaches (0ms)
		RebuildScriptCaches (0ms)
		SetupLoadedEditorAssemblies (1194ms)
			LogAssemblyErrors (0ms)
			InitializePlatformSupportModulesInManaged (843ms)
			SetLoadedEditorAssemblies (7ms)
			RefreshPlugins (0ms)
			BeforeProcessingInitializeOnLoad (6ms)
			ProcessInitializeOnLoadAttributes (240ms)
			ProcessInitializeOnLoadMethodAttributes (97ms)
			AfterProcessingInitializeOnLoad (0ms)
			EditorAssembliesLoaded (0ms)
		ExecutionOrderSort2 (0ms)
		AwakeInstancesAfterBackupRestoration (0ms)
========================================================================
Worker process is ready to serve import requests
Caller must complete domain reload
Begin MonoManager ReloadAssembly
- Loaded All Assemblies, in  1.786 seconds
Native extension for WindowsStandalone target not found
Native extension for Android target not found
Mono: successfully reloaded assembly
- Finished resetting the current domain, in  1.532 seconds
Domain Reload Profiling: 3298ms
	BeginReloadAssembly (382ms)
		ExecutionOrderSort (0ms)
		DisableScriptedObjects (12ms)
		BackupInstance (0ms)
		ReleaseScriptingObjects (0ms)
		CreateAndSetChildDomain (42ms)
	RebuildCommonClasses (81ms)
	RebuildNativeTypeToScriptingClass (24ms)
	initialDomainReloadingComplete (114ms)
	LoadAllAssembliesAndSetupDomain (1164ms)
		LoadAssemblies (970ms)
		RebuildTransferFunctionScriptingTraits (0ms)
		AnalyzeDomain (442ms)
			TypeCache.Refresh (380ms)
				TypeCache.ScanAssembly (342ms)
			ScanForSourceGeneratedMonoScriptInfo (47ms)
			ResolveRequiredComponents (11ms)
	FinalizeReload (1532ms)
		ReleaseScriptCaches (0ms)
		RebuildScriptCaches (0ms)
		SetupLoadedEditorAssemblies (1194ms)
			LogAssemblyErrors (0ms)
			InitializePlatformSupportModulesInManaged (66ms)
			SetLoadedEditorAssemblies (7ms)
			RefreshPlugins (0ms)
			BeforeProcessingInitializeOnLoad (218ms)
			ProcessInitializeOnLoadAttributes (785ms)
			ProcessInitializeOnLoadMethodAttributes (79ms)
			AfterProcessingInitializeOnLoad (38ms)
			EditorAssembliesLoaded (0ms)
		ExecutionOrderSort2 (0ms)
		AwakeInstancesAfterBackupRestoration (17ms)
Launched and connected shader compiler UnityShaderCompiler.exe after 0.08 seconds
Refreshing native plugins compatible for Editor in 21.66 ms, found 4 plugins.
Preloading 0 native plugins for Editor in 0.00 ms.
Unloading 4059 Unused Serialized files (Serialized files now loaded: 0)
Unloading 32 unused Assets / (57.2 KB). Loaded Objects now: 4532.
Memory consumption went from 150.1 MB to 150.1 MB.
Total: 7.087600 ms (FindLiveObjects: 0.517700 ms CreateObjectMapping: 0.256500 ms MarkObjects: 6.089700 ms  DeleteObjects: 0.220500 ms)

AssetImportParameters requested are different than current active one (requested -> active):
  custom:container-demuxer-ogg: 62fdf1f143b41e24485cea50d1cbac27 -> 
  custom:video-decoder-ogg-theora: a1e56fd34408186e4bbccfd4996cb3dc -> 
  custom:framework-win-MediaFoundation: 216162199b28c13a410421893ffa2e32 -> 
  custom:CustomObjectIndexerAttribute: 9a22284fe3817be447336de3de66b15e -> 
  custom:container-demuxer-webm: 4f35f7cbe854078d1ac9338744f61a02 -> 
  custom:container-muxer-webm: aa71ff27fc2769a1b78a27578f13a17b -> 
  custom:scripting/monoscript/fileName/Choice.cs: 4bdc8d7b1484d073f03fa9182351b6cf -> 
  custom:scripting/monoscript/fileName/SceneData.cs: 5ed3fba365915d72bd9c60cc866912ef -> 550971d4148451c2b85e6e850c7350e3
  custom:video-decoder-webm-vp8: 9c59270c3fd7afecdb556c50c9e8de78 -> 
  custom:SearchIndexIgnoredProperties: e643bd26f0fe6173181afceb89e7c659 -> 
  custom:AudioImporter_EditorPlatform: d09bf68614088b80899f8185d706f6e7 -> 
  custom:video-encoder-webm-vp8: eb34c28f22e8b96e1ab97ce403110664 -> 
  custom:audio-decoder-ogg-vorbis: bf7c407c2cedff20999df2af8eb42d56 -> 
  custom:scripting/monoscript/fileName/StoryData.cs: 1644ac1a06afbcc6e9a4f64e55a461f8 -> 1636ce31733873dea4092bfffcc34135
  custom:audio-encoder-webm-vorbis: bf7c407c2cedff20999df2af8eb42d56 -> 
========================================================================
Received Import Request.
  Time since last request: 49200.879815 seconds.
  path: Assets/Scenes/TitleScreen.unity
  artifactKey: Guid(2cda990e2423bbf4892e6590ba056729) Importer(815301076,1909f56bfc062723c751e8b465ee728b)
Start importing Assets/Scenes/TitleScreen.unity using Guid(2cda990e2423bbf4892e6590ba056729) Importer(815301076,1909f56bfc062723c751e8b465ee728b) [PhysX] Initialized MultithreadedTaskDispatcher with 4 workers.
 -> (artifact id: '1aa0464767df07a17cc5c66fd0acbdf4') in 0.005171 seconds
Number of updated asset objects reloaded before import = 0
Number of asset objects unloaded after import = 0
========================================================================
Received Import Request.
  Time since last request: 47.486419 seconds.
  path: Assets/Scenes/StoryGameplayScreen.unity
  artifactKey: Guid(1a3f3e0f7f080b84c912b0bf2ed30046) Importer(815301076,1909f56bfc062723c751e8b465ee728b)
Start importing Assets/Scenes/StoryGameplayScreen.unity using Guid(1a3f3e0f7f080b84c912b0bf2ed30046) Importer(815301076,1909f56bfc062723c751e8b465ee728b) [PhysX] Initialized MultithreadedTaskDispatcher with 4 workers.
 -> (artifact id: 'f861679e87828395582465e2fa5017a9') in 0.001594 seconds
Number of updated asset objects reloaded before import = 0
Number of asset objects unloaded after import = 0
========================================================================
Received Prepare
Caller must complete domain reload
Begin MonoManager ReloadAssembly
- Loaded All Assemblies, in  7.635 seconds
Native extension for WindowsStandalone target not found
Native extension for Android target not found
Mono: successfully reloaded assembly
- Finished resetting the current domain, in  4.293 seconds
Domain Reload Profiling: 11898ms
	BeginReloadAssembly (5637ms)
		ExecutionOrderSort (0ms)
		DisableScriptedObjects (4527ms)
		BackupInstance (0ms)
		ReleaseScriptingObjects (0ms)
		CreateAndSetChildDomain (270ms)
	RebuildCommonClasses (159ms)
	RebuildNativeTypeToScriptingClass (49ms)
	initialDomainReloadingComplete (219ms)
	LoadAllAssembliesAndSetupDomain (1535ms)
		LoadAssemblies (2010ms)
		RebuildTransferFunctionScriptingTraits (0ms)
		AnalyzeDomain (50ms)
			TypeCache.Refresh (18ms)
				TypeCache.ScanAssembly (0ms)
			ScanForSourceGeneratedMonoScriptInfo (1ms)
			ResolveRequiredComponents (28ms)
	FinalizeReload (4298ms)
		ReleaseScriptCaches (0ms)
		RebuildScriptCaches (0ms)
		SetupLoadedEditorAssemblies (2866ms)
			LogAssemblyErrors (0ms)
			InitializePlatformSupportModulesInManaged (130ms)
			SetLoadedEditorAssemblies (13ms)
			RefreshPlugins (0ms)
			BeforeProcessingInitializeOnLoad (463ms)
			ProcessInitializeOnLoadAttributes (1939ms)
			ProcessInitializeOnLoadMethodAttributes (245ms)
			AfterProcessingInitializeOnLoad (75ms)
			EditorAssembliesLoaded (1ms)
		ExecutionOrderSort2 (0ms)
		AwakeInstancesAfterBackupRestoration (53ms)
Refreshing native plugins compatible for Editor in 51.24 ms, found 4 plugins.
Preloading 0 native plugins for Editor in 0.00 ms.
Unloading 4033 Unused Serialized files (Serialized files now loaded: 0)
Unloading 19 unused Assets / (31.2 KB). Loaded Objects now: 4537.
Memory consumption went from 143.9 MB to 143.9 MB.
Total: 8.289700 ms (FindLiveObjects: 0.531100 ms CreateObjectMapping: 0.594800 ms MarkObjects: 7.039200 ms  DeleteObjects: 0.122000 ms)

Prepare: number of updated asset objects reloaded= 0
AssetImportParameters requested are different than current active one (requested -> active):
  custom:container-demuxer-ogg: 62fdf1f143b41e24485cea50d1cbac27 -> 
  custom:video-decoder-ogg-theora: a1e56fd34408186e4bbccfd4996cb3dc -> 
  custom:framework-win-MediaFoundation: 216162199b28c13a410421893ffa2e32 -> 
  custom:CustomObjectIndexerAttribute: 9a22284fe3817be447336de3de66b15e -> 
  custom:container-demuxer-webm: 4f35f7cbe854078d1ac9338744f61a02 -> 
  custom:container-muxer-webm: aa71ff27fc2769a1b78a27578f13a17b -> 
  custom:scripting/monoscript/fileName/Choice.cs: 4bdc8d7b1484d073f03fa9182351b6cf -> 
  custom:scripting/monoscript/fileName/SceneData.cs: 5ed3fba365915d72bd9c60cc866912ef -> 550971d4148451c2b85e6e850c7350e3
  custom:video-decoder-webm-vp8: 9c59270c3fd7afecdb556c50c9e8de78 -> 
  custom:SearchIndexIgnoredProperties: e643bd26f0fe6173181afceb89e7c659 -> 
  custom:AudioImporter_EditorPlatform: d09bf68614088b80899f8185d706f6e7 -> 
  custom:video-encoder-webm-vp8: eb34c28f22e8b96e1ab97ce403110664 -> 
  custom:audio-decoder-ogg-vorbis: bf7c407c2cedff20999df2af8eb42d56 -> 
  custom:scripting/monoscript/fileName/StoryData.cs: 1644ac1a06afbcc6e9a4f64e55a461f8 -> 1636ce31733873dea4092bfffcc34135
  custom:audio-encoder-webm-vorbis: bf7c407c2cedff20999df2af8eb42d56 -> 
========================================================================
Received Import Request.
  Time since last request: 147.681707 seconds.
  path: Assets/Scenes/StoryGameplayScreen.unity
  artifactKey: Guid(1a3f3e0f7f080b84c912b0bf2ed30046) Importer(815301076,1909f56bfc062723c751e8b465ee728b)
Start importing Assets/Scenes/StoryGameplayScreen.unity using Guid(1a3f3e0f7f080b84c912b0bf2ed30046) Importer(815301076,1909f56bfc062723c751e8b465ee728b) [PhysX] Initialized MultithreadedTaskDispatcher with 4 workers.
 -> (artifact id: '38c16cb411339bb43182027b2022a677') in 0.005539 seconds
Number of updated asset objects reloaded before import = 0
Number of asset objects unloaded after import = 0
========================================================================
Received Import Request.
  Time since last request: 93.638152 seconds.
  path: Assets/Scripts/TitleScreenIdle.cs
  artifactKey: Guid(cd1da8c10f612f94dbb39bac1be5cf5a) Importer(815301076,1909f56bfc062723c751e8b465ee728b)
Start importing Assets/Scripts/TitleScreenIdle.cs using Guid(cd1da8c10f612f94dbb39bac1be5cf5a) Importer(815301076,1909f56bfc062723c751e8b465ee728b) [PhysX] Initialized MultithreadedTaskDispatcher with 4 workers.
 -> (artifact id: '677e6b6e54610e14fa9767426fc4b71f') in 0.001229 seconds
Number of updated asset objects reloaded before import = 0
Number of asset objects unloaded after import = 0
========================================================================
Received Prepare
Caller must complete domain reload
Begin MonoManager ReloadAssembly
- Loaded All Assemblies, in  3.451 seconds
Native extension for WindowsStandalone target not found
Native extension for Android target not found
Mono: successfully reloaded assembly
- Finished resetting the current domain, in  7.424 seconds
Domain Reload Profiling: 10842ms
	BeginReloadAssembly (678ms)
		ExecutionOrderSort (0ms)
		DisableScriptedObjects (32ms)
		BackupInstance (0ms)
		ReleaseScriptingObjects (0ms)
		CreateAndSetChildDomain (123ms)
	RebuildCommonClasses (165ms)
	RebuildNativeTypeToScriptingClass (34ms)
	initialDomainReloadingComplete (132ms)
	LoadAllAssembliesAndSetupDomain (2408ms)
		LoadAssemblies (2778ms)
		RebuildTransferFunctionScriptingTraits (0ms)
		AnalyzeDomain (62ms)
			TypeCache.Refresh (19ms)
				TypeCache.ScanAssembly (0ms)
			ScanForSourceGeneratedMonoScriptInfo (1ms)
			ResolveRequiredComponents (38ms)
	FinalizeReload (7425ms)
		ReleaseScriptCaches (0ms)
		RebuildScriptCaches (0ms)
		SetupLoadedEditorAssemblies (2029ms)
			LogAssemblyErrors (0ms)
			InitializePlatformSupportModulesInManaged (133ms)
			SetLoadedEditorAssemblies (14ms)
			RefreshPlugins (0ms)
			BeforeProcessingInitializeOnLoad (355ms)
			ProcessInitializeOnLoadAttributes (1304ms)
			ProcessInitializeOnLoadMethodAttributes (117ms)
			AfterProcessingInitializeOnLoad (107ms)
			EditorAssembliesLoaded (1ms)
		ExecutionOrderSort2 (0ms)
		AwakeInstancesAfterBackupRestoration (49ms)
Refreshing native plugins compatible for Editor in 38.41 ms, found 4 plugins.
Preloading 0 native plugins for Editor in 0.00 ms.
Unloading 4033 Unused Serialized files (Serialized files now loaded: 0)
Unloading 19 unused Assets / (31.1 KB). Loaded Objects now: 4541.
Memory consumption went from 143.9 MB to 143.9 MB.
Total: 8.684100 ms (FindLiveObjects: 0.549500 ms CreateObjectMapping: 0.761000 ms MarkObjects: 7.252800 ms  DeleteObjects: 0.118200 ms)

Prepare: number of updated asset objects reloaded= 0
AssetImportParameters requested are different than current active one (requested -> active):
  custom:container-demuxer-ogg: 62fdf1f143b41e24485cea50d1cbac27 -> 
  custom:video-decoder-ogg-theora: a1e56fd34408186e4bbccfd4996cb3dc -> 
  custom:framework-win-MediaFoundation: 216162199b28c13a410421893ffa2e32 -> 
  custom:CustomObjectIndexerAttribute: 9a22284fe3817be447336de3de66b15e -> 
  custom:container-demuxer-webm: 4f35f7cbe854078d1ac9338744f61a02 -> 
  custom:container-muxer-webm: aa71ff27fc2769a1b78a27578f13a17b -> 
  custom:scripting/monoscript/fileName/Choice.cs: 4bdc8d7b1484d073f03fa9182351b6cf -> 
  custom:scripting/monoscript/fileName/SceneData.cs: 5ed3fba365915d72bd9c60cc866912ef -> 550971d4148451c2b85e6e850c7350e3
  custom:video-decoder-webm-vp8: 9c59270c3fd7afecdb556c50c9e8de78 -> 
  custom:SearchIndexIgnoredProperties: e643bd26f0fe6173181afceb89e7c659 -> 
  custom:AudioImporter_EditorPlatform: d09bf68614088b80899f8185d706f6e7 -> 
  custom:video-encoder-webm-vp8: eb34c28f22e8b96e1ab97ce403110664 -> 
  custom:audio-decoder-ogg-vorbis: bf7c407c2cedff20999df2af8eb42d56 -> 
  custom:scripting/monoscript/fileName/StoryData.cs: 1644ac1a06afbcc6e9a4f64e55a461f8 -> 1636ce31733873dea4092bfffcc34135
  custom:audio-encoder-webm-vorbis: bf7c407c2cedff20999df2af8eb42d56 -> 
========================================================================
Received Import Request.
  Time since last request: 206.562961 seconds.
  path: Assets/Scripts/SceneManagerController.cs
  artifactKey: Guid(f8c1f5b52e608604e99a51b88c3fb697) Importer(815301076,1909f56bfc062723c751e8b465ee728b)
Start importing Assets/Scripts/SceneManagerController.cs using Guid(f8c1f5b52e608604e99a51b88c3fb697) Importer(815301076,1909f56bfc062723c751e8b465ee728b) [PhysX] Initialized MultithreadedTaskDispatcher with 4 workers.
 -> (artifact id: '041e2c2207aba829606041a20bc70583') in 0.309558 seconds
Number of updated asset objects reloaded before import = 0
Number of asset objects unloaded after import = 0
========================================================================
Received Prepare
Caller must complete domain reload
Begin MonoManager ReloadAssembly
- Loaded All Assemblies, in  3.547 seconds
Native extension for WindowsStandalone target not found
Native extension for Android target not found
Mono: successfully reloaded assembly
- Finished resetting the current domain, in 10.936 seconds
Domain Reload Profiling: 14432ms
	BeginReloadAssembly (508ms)
		ExecutionOrderSort (0ms)
		DisableScriptedObjects (32ms)
		BackupInstance (0ms)
		ReleaseScriptingObjects (0ms)
		CreateAndSetChildDomain (86ms)
	RebuildCommonClasses (194ms)
	RebuildNativeTypeToScriptingClass (42ms)
	initialDomainReloadingComplete (1093ms)
	LoadAllAssembliesAndSetupDomain (1658ms)
		LoadAssemblies (1843ms)
		RebuildTransferFunctionScriptingTraits (0ms)
		AnalyzeDomain (118ms)
			TypeCache.Refresh (36ms)
				TypeCache.ScanAssembly (2ms)
			ScanForSourceGeneratedMonoScriptInfo (47ms)
			ResolveRequiredComponents (31ms)
	FinalizeReload (10937ms)
		ReleaseScriptCaches (0ms)
		RebuildScriptCaches (0ms)
		SetupLoadedEditorAssemblies (4133ms)
			LogAssemblyErrors (0ms)
			InitializePlatformSupportModulesInManaged (221ms)
			SetLoadedEditorAssemblies (16ms)
			RefreshPlugins (0ms)
			BeforeProcessingInitializeOnLoad (510ms)
			ProcessInitializeOnLoadAttributes (3013ms)
			ProcessInitializeOnLoadMethodAttributes (177ms)
			AfterProcessingInitializeOnLoad (177ms)
			EditorAssembliesLoaded (18ms)
		ExecutionOrderSort2 (0ms)
		AwakeInstancesAfterBackupRestoration (77ms)
Refreshing native plugins compatible for Editor in 50.79 ms, found 4 plugins.
Preloading 0 native plugins for Editor in 0.00 ms.
Unloading 4034 Unused Serialized files (Serialized files now loaded: 0)
Unloading 19 unused Assets / (31.2 KB). Loaded Objects now: 4546.
Memory consumption went from 144.0 MB to 143.9 MB.
Total: 10.225600 ms (FindLiveObjects: 1.863700 ms CreateObjectMapping: 0.318400 ms MarkObjects: 7.641100 ms  DeleteObjects: 0.400100 ms)

Prepare: number of updated asset objects reloaded= 0
AssetImportParameters requested are different than current active one (requested -> active):
  custom:container-demuxer-ogg: 62fdf1f143b41e24485cea50d1cbac27 -> 
  custom:video-decoder-ogg-theora: a1e56fd34408186e4bbccfd4996cb3dc -> 
  custom:framework-win-MediaFoundation: 216162199b28c13a410421893ffa2e32 -> 
  custom:CustomObjectIndexerAttribute: 9a22284fe3817be447336de3de66b15e -> 
  custom:container-demuxer-webm: 4f35f7cbe854078d1ac9338744f61a02 -> 
  custom:scripting/monoscript/fileName/SceneManagerController.cs: 22b51003826de254ca5b81ab0f3c37e5 -> 
  custom:container-muxer-webm: aa71ff27fc2769a1b78a27578f13a17b -> 
  custom:scripting/monoscript/fileName/Choice.cs: 4bdc8d7b1484d073f03fa9182351b6cf -> 
  custom:scripting/monoscript/fileName/SceneData.cs: 5ed3fba365915d72bd9c60cc866912ef -> 550971d4148451c2b85e6e850c7350e3
  custom:video-decoder-webm-vp8: 9c59270c3fd7afecdb556c50c9e8de78 -> 
  custom:SearchIndexIgnoredProperties: e643bd26f0fe6173181afceb89e7c659 -> 
  custom:AudioImporter_EditorPlatform: d09bf68614088b80899f8185d706f6e7 -> 
  custom:video-encoder-webm-vp8: eb34c28f22e8b96e1ab97ce403110664 -> 
  custom:audio-decoder-ogg-vorbis: bf7c407c2cedff20999df2af8eb42d56 -> 
  custom:scripting/monoscript/fileName/StoryData.cs: 1644ac1a06afbcc6e9a4f64e55a461f8 -> 1636ce31733873dea4092bfffcc34135
  custom:audio-encoder-webm-vorbis: bf7c407c2cedff20999df2af8eb42d56 -> 
  custom:scripting/precompiled-assembly-types:Assembly-CSharp: 4ad51c20195d2a13d239f12f78cdca74 -> 251c352162e694e08735539cf890dc0e
========================================================================
Received Import Request.
  Time since last request: 32.529741 seconds.
  path: Assets/Scripts/SceneManagerController.cs
  artifactKey: Guid(f8c1f5b52e608604e99a51b88c3fb697) Importer(815301076,1909f56bfc062723c751e8b465ee728b)
Start importing Assets/Scripts/SceneManagerController.cs using Guid(f8c1f5b52e608604e99a51b88c3fb697) Importer(815301076,1909f56bfc062723c751e8b465ee728b) [PhysX] Initialized MultithreadedTaskDispatcher with 4 workers.
 -> (artifact id: '00000000000000000000000000000000') in 0.007533 seconds
Import Error Code:(4)
Message: Build asset version error: assets/scripts/scenemanagercontroller.cs in SourceAssetDB has modification time of '2024-12-05T16:46:12.6373848Z' while content on disk has modification time of '2024-12-05T16:46:47.2999686Z'
  ERROR: Build asset version error: assets/scripts/scenemanagercontroller.cs in SourceAssetDB has modification time of '2024-12-05T16:46:12.6373848Z' while content on disk has modification time of '2024-12-05T16:46:47.2999686Z'
Number of updated asset objects reloaded before import = 0
Number of asset objects unloaded after import = 0
========================================================================
Received Import Request.
  Time since last request: 0.001711 seconds.
  path: Assets/Scripts/SceneManagerController.cs
  artifactKey: Guid(f8c1f5b52e608604e99a51b88c3fb697) Importer(815301076,1909f56bfc062723c751e8b465ee728b)
Start importing Assets/Scripts/SceneManagerController.cs using Guid(f8c1f5b52e608604e99a51b88c3fb697) Importer(815301076,1909f56bfc062723c751e8b465ee728b) [PhysX] Initialized MultithreadedTaskDispatcher with 4 workers.
 -> (artifact id: '00000000000000000000000000000000') in 0.001780 seconds
Import Error Code:(4)
Message: Build asset version error: assets/scripts/scenemanagercontroller.cs in SourceAssetDB has modification time of '2024-12-05T16:46:12.6373848Z' while content on disk has modification time of '2024-12-05T16:46:47.2999686Z'
  ERROR: Build asset version error: assets/scripts/scenemanagercontroller.cs in SourceAssetDB has modification time of '2024-12-05T16:46:12.6373848Z' while content on disk has modification time of '2024-12-05T16:46:47.2999686Z'
Number of updated asset objects reloaded before import = 0
Number of asset objects unloaded after import = 0
========================================================================
Received Import Request.
  Time since last request: 0.017181 seconds.
  path: Assets/Scripts/SceneManagerController.cs
  artifactKey: Guid(f8c1f5b52e608604e99a51b88c3fb697) Importer(815301076,1909f56bfc062723c751e8b465ee728b)
Start importing Assets/Scripts/SceneManagerController.cs using Guid(f8c1f5b52e608604e99a51b88c3fb697) Importer(815301076,1909f56bfc062723c751e8b465ee728b) [PhysX] Initialized MultithreadedTaskDispatcher with 4 workers.
 -> (artifact id: '00000000000000000000000000000000') in 0.001269 seconds
Import Error Code:(4)
Message: Build asset version error: assets/scripts/scenemanagercontroller.cs in SourceAssetDB has modification time of '2024-12-05T16:46:12.6373848Z' while content on disk has modification time of '2024-12-05T16:46:47.2999686Z'
  ERROR: Build asset version error: assets/scripts/scenemanagercontroller.cs in SourceAssetDB has modification time of '2024-12-05T16:46:12.6373848Z' while content on disk has modification time of '2024-12-05T16:46:47.2999686Z'
Number of updated asset objects reloaded before import = 0
Number of asset objects unloaded after import = 0
========================================================================
Received Import Request.
  Time since last request: 0.022128 seconds.
  path: Assets/Scripts/SceneManagerController.cs
  artifactKey: Guid(f8c1f5b52e608604e99a51b88c3fb697) Importer(815301076,1909f56bfc062723c751e8b465ee728b)
Start importing Assets/Scripts/SceneManagerController.cs using Guid(f8c1f5b52e608604e99a51b88c3fb697) Importer(815301076,1909f56bfc062723c751e8b465ee728b) [PhysX] Initialized MultithreadedTaskDispatcher with 4 workers.
 -> (artifact id: '00000000000000000000000000000000') in 0.001401 seconds
Import Error Code:(4)
Message: Build asset version error: assets/scripts/scenemanagercontroller.cs in SourceAssetDB has modification time of '2024-12-05T16:46:12.6373848Z' while content on disk has modification time of '2024-12-05T16:46:47.2999686Z'
  ERROR: Build asset version error: assets/scripts/scenemanagercontroller.cs in SourceAssetDB has modification time of '2024-12-05T16:46:12.6373848Z' while content on disk has modification time of '2024-12-05T16:46:47.2999686Z'
Number of updated asset objects reloaded before import = 0
Number of asset objects unloaded after import = 0
========================================================================
Received Import Request.
  Time since last request: 0.021081 seconds.
  path: Assets/Scripts/SceneManagerController.cs
  artifactKey: Guid(f8c1f5b52e608604e99a51b88c3fb697) Importer(815301076,1909f56bfc062723c751e8b465ee728b)
Start importing Assets/Scripts/SceneManagerController.cs using Guid(f8c1f5b52e608604e99a51b88c3fb697) Importer(815301076,1909f56bfc062723c751e8b465ee728b) [PhysX] Initialized MultithreadedTaskDispatcher with 4 workers.
 -> (artifact id: '00000000000000000000000000000000') in 0.001280 seconds
Import Error Code:(4)
Message: Build asset version error: assets/scripts/scenemanagercontroller.cs in SourceAssetDB has modification time of '2024-12-05T16:46:12.6373848Z' while content on disk has modification time of '2024-12-05T16:46:47.2999686Z'
  ERROR: Build asset version error: assets/scripts/scenemanagercontroller.cs in SourceAssetDB has modification time of '2024-12-05T16:46:12.6373848Z' while content on disk has modification time of '2024-12-05T16:46:47.2999686Z'
Number of updated asset objects reloaded before import = 0
Number of asset objects unloaded after import = 0
========================================================================
Received Import Request.
  Time since last request: 0.025181 seconds.
  path: Assets/Scripts/SceneManagerController.cs
  artifactKey: Guid(f8c1f5b52e608604e99a51b88c3fb697) Importer(815301076,1909f56bfc062723c751e8b465ee728b)
Start importing Assets/Scripts/SceneManagerController.cs using Guid(f8c1f5b52e608604e99a51b88c3fb697) Importer(815301076,1909f56bfc062723c751e8b465ee728b) [PhysX] Initialized MultithreadedTaskDispatcher with 4 workers.
 -> (artifact id: '00000000000000000000000000000000') in 0.001567 seconds
Import Error Code:(4)
Message: Build asset version error: assets/scripts/scenemanagercontroller.cs in SourceAssetDB has modification time of '2024-12-05T16:46:12.6373848Z' while content on disk has modification time of '2024-12-05T16:46:47.2999686Z'
  ERROR: Build asset version error: assets/scripts/scenemanagercontroller.cs in SourceAssetDB has modification time of '2024-12-05T16:46:12.6373848Z' while content on disk has modification time of '2024-12-05T16:46:47.2999686Z'
Number of updated asset objects reloaded before import = 0
Number of asset objects unloaded after import = 0
========================================================================
Received Import Request.
  Time since last request: 0.059399 seconds.
  path: Assets/Scripts/SceneManagerController.cs
  artifactKey: Guid(f8c1f5b52e608604e99a51b88c3fb697) Importer(815301076,1909f56bfc062723c751e8b465ee728b)
Start importing Assets/Scripts/SceneManagerController.cs using Guid(f8c1f5b52e608604e99a51b88c3fb697) Importer(815301076,1909f56bfc062723c751e8b465ee728b) [PhysX] Initialized MultithreadedTaskDispatcher with 4 workers.
 -> (artifact id: '00000000000000000000000000000000') in 0.019737 seconds
Import Error Code:(4)
Message: Build asset version error: assets/scripts/scenemanagercontroller.cs in SourceAssetDB has modification time of '2024-12-05T16:46:12.6373848Z' while content on disk has modification time of '2024-12-05T16:46:47.2999686Z'
  ERROR: Build asset version error: assets/scripts/scenemanagercontroller.cs in SourceAssetDB has modification time of '2024-12-05T16:46:12.6373848Z' while content on disk has modification time of '2024-12-05T16:46:47.2999686Z'
Number of updated asset objects reloaded before import = 0
Number of asset objects unloaded after import = 0
========================================================================
Received Import Request.
  Time since last request: 0.048608 seconds.
  path: Assets/Scripts/SceneManagerController.cs
  artifactKey: Guid(f8c1f5b52e608604e99a51b88c3fb697) Importer(815301076,1909f56bfc062723c751e8b465ee728b)
Start importing Assets/Scripts/SceneManagerController.cs using Guid(f8c1f5b52e608604e99a51b88c3fb697) Importer(815301076,1909f56bfc062723c751e8b465ee728b) [PhysX] Initialized MultithreadedTaskDispatcher with 4 workers.
 -> (artifact id: '00000000000000000000000000000000') in 0.004715 seconds
Import Error Code:(4)
Message: Build asset version error: assets/scripts/scenemanagercontroller.cs in SourceAssetDB has modification time of '2024-12-05T16:46:12.6373848Z' while content on disk has modification time of '2024-12-05T16:46:47.2999686Z'
  ERROR: Build asset version error: assets/scripts/scenemanagercontroller.cs in SourceAssetDB has modification time of '2024-12-05T16:46:12.6373848Z' while content on disk has modification time of '2024-12-05T16:46:47.2999686Z'
Number of updated asset objects reloaded before import = 0
Number of asset objects unloaded after import = 0
========================================================================
Received Import Request.
  Time since last request: 0.035549 seconds.
  path: Assets/Scripts/SceneManagerController.cs
  artifactKey: Guid(f8c1f5b52e608604e99a51b88c3fb697) Importer(815301076,1909f56bfc062723c751e8b465ee728b)
Start importing Assets/Scripts/SceneManagerController.cs using Guid(f8c1f5b52e608604e99a51b88c3fb697) Importer(815301076,1909f56bfc062723c751e8b465ee728b) [PhysX] Initialized MultithreadedTaskDispatcher with 4 workers.
 -> (artifact id: '00000000000000000000000000000000') in 0.002198 seconds
Import Error Code:(4)
Message: Build asset version error: assets/scripts/scenemanagercontroller.cs in SourceAssetDB has modification time of '2024-12-05T16:46:12.6373848Z' while content on disk has modification time of '2024-12-05T16:46:47.2999686Z'
  ERROR: Build asset version error: assets/scripts/scenemanagercontroller.cs in SourceAssetDB has modification time of '2024-12-05T16:46:12.6373848Z' while content on disk has modification time of '2024-12-05T16:46:47.2999686Z'
Number of updated asset objects reloaded before import = 0
Number of asset objects unloaded after import = 0
========================================================================
Received Import Request.
  Time since last request: 0.001623 seconds.
  path: Assets/Scripts/SceneManagerController.cs
  artifactKey: Guid(f8c1f5b52e608604e99a51b88c3fb697) Importer(815301076,1909f56bfc062723c751e8b465ee728b)
Start importing Assets/Scripts/SceneManagerController.cs using Guid(f8c1f5b52e608604e99a51b88c3fb697) Importer(815301076,1909f56bfc062723c751e8b465ee728b) [PhysX] Initialized MultithreadedTaskDispatcher with 4 workers.
 -> (artifact id: '00000000000000000000000000000000') in 0.010030 seconds
Import Error Code:(4)
Message: Build asset version error: assets/scripts/scenemanagercontroller.cs in SourceAssetDB has modification time of '2024-12-05T16:46:12.6373848Z' while content on disk has modification time of '2024-12-05T16:46:47.2999686Z'
  ERROR: Build asset version error: assets/scripts/scenemanagercontroller.cs in SourceAssetDB has modification time of '2024-12-05T16:46:12.6373848Z' while content on disk has modification time of '2024-12-05T16:46:47.2999686Z'
Number of updated asset objects reloaded before import = 0
Number of asset objects unloaded after import = 0
========================================================================
Received Import Request.
  Time since last request: 0.021806 seconds.
  path: Assets/Scripts/SceneManagerController.cs
  artifactKey: Guid(f8c1f5b52e608604e99a51b88c3fb697) Importer(815301076,1909f56bfc062723c751e8b465ee728b)
Start importing Assets/Scripts/SceneManagerController.cs using Guid(f8c1f5b52e608604e99a51b88c3fb697) Importer(815301076,1909f56bfc062723c751e8b465ee728b) [PhysX] Initialized MultithreadedTaskDispatcher with 4 workers.
 -> (artifact id: '00000000000000000000000000000000') in 0.001218 seconds
Import Error Code:(4)
Message: Build asset version error: assets/scripts/scenemanagercontroller.cs in SourceAssetDB has modification time of '2024-12-05T16:46:12.6373848Z' while content on disk has modification time of '2024-12-05T16:46:47.2999686Z'
  ERROR: Build asset version error: assets/scripts/scenemanagercontroller.cs in SourceAssetDB has modification time of '2024-12-05T16:46:12.6373848Z' while content on disk has modification time of '2024-12-05T16:46:47.2999686Z'
Number of updated asset objects reloaded before import = 0
Number of asset objects unloaded after import = 0
========================================================================
Received Import Request.
  Time since last request: 0.463075 seconds.
  path: Assets/Scripts/SceneManagerController.cs
  artifactKey: Guid(f8c1f5b52e608604e99a51b88c3fb697) Importer(815301076,1909f56bfc062723c751e8b465ee728b)
Start importing Assets/Scripts/SceneManagerController.cs using Guid(f8c1f5b52e608604e99a51b88c3fb697) Importer(815301076,1909f56bfc062723c751e8b465ee728b) [PhysX] Initialized MultithreadedTaskDispatcher with 4 workers.
 -> (artifact id: '00000000000000000000000000000000') in 0.003806 seconds
Import Error Code:(4)
Message: Build asset version error: assets/scripts/scenemanagercontroller.cs in SourceAssetDB has modification time of '2024-12-05T16:46:12.6373848Z' while content on disk has modification time of '2024-12-05T16:46:47.2999686Z'
  ERROR: Build asset version error: assets/scripts/scenemanagercontroller.cs in SourceAssetDB has modification time of '2024-12-05T16:46:12.6373848Z' while content on disk has modification time of '2024-12-05T16:46:47.2999686Z'
Number of updated asset objects reloaded before import = 0
Number of asset objects unloaded after import = 0
========================================================================
Received Import Request.
  Time since last request: 0.006104 seconds.
  path: Assets/Scripts/SceneManagerController.cs
  artifactKey: Guid(f8c1f5b52e608604e99a51b88c3fb697) Importer(815301076,1909f56bfc062723c751e8b465ee728b)
Start importing Assets/Scripts/SceneManagerController.cs using Guid(f8c1f5b52e608604e99a51b88c3fb697) Importer(815301076,1909f56bfc062723c751e8b465ee728b) [PhysX] Initialized MultithreadedTaskDispatcher with 4 workers.
 -> (artifact id: '00000000000000000000000000000000') in 0.003033 seconds
Import Error Code:(4)
Message: Build asset version error: assets/scripts/scenemanagercontroller.cs in SourceAssetDB has modification time of '2024-12-05T16:46:12.6373848Z' while content on disk has modification time of '2024-12-05T16:46:47.2999686Z'
  ERROR: Build asset version error: assets/scripts/scenemanagercontroller.cs in SourceAssetDB has modification time of '2024-12-05T16:46:12.6373848Z' while content on disk has modification time of '2024-12-05T16:46:47.2999686Z'
Number of updated asset objects reloaded before import = 0
Number of asset objects unloaded after import = 0
========================================================================
Received Import Request.
  Time since last request: 0.016102 seconds.
  path: Assets/Scripts/SceneManagerController.cs
  artifactKey: Guid(f8c1f5b52e608604e99a51b88c3fb697) Importer(815301076,1909f56bfc062723c751e8b465ee728b)
Start importing Assets/Scripts/SceneManagerController.cs using Guid(f8c1f5b52e608604e99a51b88c3fb697) Importer(815301076,1909f56bfc062723c751e8b465ee728b) [PhysX] Initialized MultithreadedTaskDispatcher with 4 workers.
 -> (artifact id: '00000000000000000000000000000000') in 0.210830 seconds
Import Error Code:(4)
Message: Build asset version error: assets/scripts/scenemanagercontroller.cs in SourceAssetDB has modification time of '2024-12-05T16:46:12.6373848Z' while content on disk has modification time of '2024-12-05T16:46:47.2999686Z'
  ERROR: Build asset version error: assets/scripts/scenemanagercontroller.cs in SourceAssetDB has modification time of '2024-12-05T16:46:12.6373848Z' while content on disk has modification time of '2024-12-05T16:46:47.2999686Z'
Number of updated asset objects reloaded before import = 0
Number of asset objects unloaded after import = 0
========================================================================
Received Import Request.
  Time since last request: 0.021032 seconds.
  path: Assets/Scripts/SceneManagerController.cs
  artifactKey: Guid(f8c1f5b52e608604e99a51b88c3fb697) Importer(815301076,1909f56bfc062723c751e8b465ee728b)
Start importing Assets/Scripts/SceneManagerController.cs using Guid(f8c1f5b52e608604e99a51b88c3fb697) Importer(815301076,1909f56bfc062723c751e8b465ee728b) [PhysX] Initialized MultithreadedTaskDispatcher with 4 workers.
 -> (artifact id: '00000000000000000000000000000000') in 0.028587 seconds
Import Error Code:(4)
Message: Build asset version error: assets/scripts/scenemanagercontroller.cs in SourceAssetDB has modification time of '2024-12-05T16:46:12.6373848Z' while content on disk has modification time of '2024-12-05T16:46:47.2999686Z'
  ERROR: Build asset version error: assets/scripts/scenemanagercontroller.cs in SourceAssetDB has modification time of '2024-12-05T16:46:12.6373848Z' while content on disk has modification time of '2024-12-05T16:46:47.2999686Z'
Number of updated asset objects reloaded before import = 0
Number of asset objects unloaded after import = 0
========================================================================
Received Import Request.
  Time since last request: 0.000741 seconds.
  path: Assets/Scripts/SceneManagerController.cs
  artifactKey: Guid(f8c1f5b52e608604e99a51b88c3fb697) Importer(815301076,1909f56bfc062723c751e8b465ee728b)
Start importing Assets/Scripts/SceneManagerController.cs using Guid(f8c1f5b52e608604e99a51b88c3fb697) Importer(815301076,1909f56bfc062723c751e8b465ee728b) [PhysX] Initialized MultithreadedTaskDispatcher with 4 workers.
 -> (artifact id: '00000000000000000000000000000000') in 0.002171 seconds
Import Error Code:(4)
Message: Build asset version error: assets/scripts/scenemanagercontroller.cs in SourceAssetDB has modification time of '2024-12-05T16:46:12.6373848Z' while content on disk has modification time of '2024-12-05T16:46:47.2999686Z'
  ERROR: Build asset version error: assets/scripts/scenemanagercontroller.cs in SourceAssetDB has modification time of '2024-12-05T16:46:12.6373848Z' while content on disk has modification time of '2024-12-05T16:46:47.2999686Z'
Number of updated asset objects reloaded before import = 0
Number of asset objects unloaded after import = 0
========================================================================
Received Import Request.
  Time since last request: 0.021003 seconds.
  path: Assets/Scripts/SceneManagerController.cs
  artifactKey: Guid(f8c1f5b52e608604e99a51b88c3fb697) Importer(815301076,1909f56bfc062723c751e8b465ee728b)
Start importing Assets/Scripts/SceneManagerController.cs using Guid(f8c1f5b52e608604e99a51b88c3fb697) Importer(815301076,1909f56bfc062723c751e8b465ee728b) [PhysX] Initialized MultithreadedTaskDispatcher with 4 workers.
 -> (artifact id: '00000000000000000000000000000000') in 0.002234 seconds
Import Error Code:(4)
Message: Build asset version error: assets/scripts/scenemanagercontroller.cs in SourceAssetDB has modification time of '2024-12-05T16:46:12.6373848Z' while content on disk has modification time of '2024-12-05T16:46:47.2999686Z'
  ERROR: Build asset version error: assets/scripts/scenemanagercontroller.cs in SourceAssetDB has modification time of '2024-12-05T16:46:12.6373848Z' while content on disk has modification time of '2024-12-05T16:46:47.2999686Z'
Number of updated asset objects reloaded before import = 0
Number of asset objects unloaded after import = 0
========================================================================
Received Import Request.
  Time since last request: 0.049355 seconds.
  path: Assets/Scripts/SceneManagerController.cs
  artifactKey: Guid(f8c1f5b52e608604e99a51b88c3fb697) Importer(815301076,1909f56bfc062723c751e8b465ee728b)
Start importing Assets/Scripts/SceneManagerController.cs using Guid(f8c1f5b52e608604e99a51b88c3fb697) Importer(815301076,1909f56bfc062723c751e8b465ee728b) [PhysX] Initialized MultithreadedTaskDispatcher with 4 workers.
 -> (artifact id: '00000000000000000000000000000000') in 0.005631 seconds
Import Error Code:(4)
Message: Build asset version error: assets/scripts/scenemanagercontroller.cs in SourceAssetDB has modification time of '2024-12-05T16:46:12.6373848Z' while content on disk has modification time of '2024-12-05T16:46:47.2999686Z'
  ERROR: Build asset version error: assets/scripts/scenemanagercontroller.cs in SourceAssetDB has modification time of '2024-12-05T16:46:12.6373848Z' while content on disk has modification time of '2024-12-05T16:46:47.2999686Z'
Number of updated asset objects reloaded before import = 0
Number of asset objects unloaded after import = 0
========================================================================
Received Import Request.
  Time since last request: 0.001599 seconds.
  path: Assets/Scripts/SceneManagerController.cs
  artifactKey: Guid(f8c1f5b52e608604e99a51b88c3fb697) Importer(815301076,1909f56bfc062723c751e8b465ee728b)
Start importing Assets/Scripts/SceneManagerController.cs using Guid(f8c1f5b52e608604e99a51b88c3fb697) Importer(815301076,1909f56bfc062723c751e8b465ee728b) [PhysX] Initialized MultithreadedTaskDispatcher with 4 workers.
 -> (artifact id: '00000000000000000000000000000000') in 0.001465 seconds
Import Error Code:(4)
Message: Build asset version error: assets/scripts/scenemanagercontroller.cs in SourceAssetDB has modification time of '2024-12-05T16:46:12.6373848Z' while content on disk has modification time of '2024-12-05T16:46:47.2999686Z'
  ERROR: Build asset version error: assets/scripts/scenemanagercontroller.cs in SourceAssetDB has modification time of '2024-12-05T16:46:12.6373848Z' while content on disk has modification time of '2024-12-05T16:46:47.2999686Z'
Number of updated asset objects reloaded before import = 0
Number of asset objects unloaded after import = 0
========================================================================
Received Import Request.
  Time since last request: 0.015670 seconds.
  path: Assets/Scripts/SceneManagerController.cs
  artifactKey: Guid(f8c1f5b52e608604e99a51b88c3fb697) Importer(815301076,1909f56bfc062723c751e8b465ee728b)
Start importing Assets/Scripts/SceneManagerController.cs using Guid(f8c1f5b52e608604e99a51b88c3fb697) Importer(815301076,1909f56bfc062723c751e8b465ee728b) [PhysX] Initialized MultithreadedTaskDispatcher with 4 workers.
 -> (artifact id: '00000000000000000000000000000000') in 0.001432 seconds
Import Error Code:(4)
Message: Build asset version error: assets/scripts/scenemanagercontroller.cs in SourceAssetDB has modification time of '2024-12-05T16:46:12.6373848Z' while content on disk has modification time of '2024-12-05T16:46:47.2999686Z'
  ERROR: Build asset version error: assets/scripts/scenemanagercontroller.cs in SourceAssetDB has modification time of '2024-12-05T16:46:12.6373848Z' while content on disk has modification time of '2024-12-05T16:46:47.2999686Z'
Number of updated asset objects reloaded before import = 0
Number of asset objects unloaded after import = 0
========================================================================
Received Import Request.
  Time since last request: 0.017482 seconds.
  path: Assets/Scripts/SceneManagerController.cs
  artifactKey: Guid(f8c1f5b52e608604e99a51b88c3fb697) Importer(815301076,1909f56bfc062723c751e8b465ee728b)
Start importing Assets/Scripts/SceneManagerController.cs using Guid(f8c1f5b52e608604e99a51b88c3fb697) Importer(815301076,1909f56bfc062723c751e8b465ee728b) [PhysX] Initialized MultithreadedTaskDispatcher with 4 workers.
 -> (artifact id: '00000000000000000000000000000000') in 0.042449 seconds
Import Error Code:(4)
Message: Build asset version error: assets/scripts/scenemanagercontroller.cs in SourceAssetDB has modification time of '2024-12-05T16:46:12.6373848Z' while content on disk has modification time of '2024-12-05T16:46:47.2999686Z'
  ERROR: Build asset version error: assets/scripts/scenemanagercontroller.cs in SourceAssetDB has modification time of '2024-12-05T16:46:12.6373848Z' while content on disk has modification time of '2024-12-05T16:46:47.2999686Z'
Number of updated asset objects reloaded before import = 0
Number of asset objects unloaded after import = 0
========================================================================
Received Import Request.
  Time since last request: 0.001686 seconds.
  path: Assets/Scripts/SceneManagerController.cs
  artifactKey: Guid(f8c1f5b52e608604e99a51b88c3fb697) Importer(815301076,1909f56bfc062723c751e8b465ee728b)
Start importing Assets/Scripts/SceneManagerController.cs using Guid(f8c1f5b52e608604e99a51b88c3fb697) Importer(815301076,1909f56bfc062723c751e8b465ee728b) [PhysX] Initialized MultithreadedTaskDispatcher with 4 workers.
 -> (artifact id: '00000000000000000000000000000000') in 0.010329 seconds
Import Error Code:(4)
Message: Build asset version error: assets/scripts/scenemanagercontroller.cs in SourceAssetDB has modification time of '2024-12-05T16:46:12.6373848Z' while content on disk has modification time of '2024-12-05T16:46:47.2999686Z'
  ERROR: Build asset version error: assets/scripts/scenemanagercontroller.cs in SourceAssetDB has modification time of '2024-12-05T16:46:12.6373848Z' while content on disk has modification time of '2024-12-05T16:46:47.2999686Z'
Number of updated asset objects reloaded before import = 0
Number of asset objects unloaded after import = 0
========================================================================
Received Import Request.
  Time since last request: 0.010550 seconds.
  path: Assets/Scripts/SceneManagerController.cs
  artifactKey: Guid(f8c1f5b52e608604e99a51b88c3fb697) Importer(815301076,1909f56bfc062723c751e8b465ee728b)
Start importing Assets/Scripts/SceneManagerController.cs using Guid(f8c1f5b52e608604e99a51b88c3fb697) Importer(815301076,1909f56bfc062723c751e8b465ee728b) [PhysX] Initialized MultithreadedTaskDispatcher with 4 workers.
 -> (artifact id: '00000000000000000000000000000000') in 0.001778 seconds
Import Error Code:(4)
Message: Build asset version error: assets/scripts/scenemanagercontroller.cs in SourceAssetDB has modification time of '2024-12-05T16:46:12.6373848Z' while content on disk has modification time of '2024-12-05T16:46:47.2999686Z'
  ERROR: Build asset version error: assets/scripts/scenemanagercontroller.cs in SourceAssetDB has modification time of '2024-12-05T16:46:12.6373848Z' while content on disk has modification time of '2024-12-05T16:46:47.2999686Z'
Number of updated asset objects reloaded before import = 0
Number of asset objects unloaded after import = 0
========================================================================
Received Import Request.
  Time since last request: 0.017802 seconds.
  path: Assets/Scripts/SceneManagerController.cs
  artifactKey: Guid(f8c1f5b52e608604e99a51b88c3fb697) Importer(815301076,1909f56bfc062723c751e8b465ee728b)
Start importing Assets/Scripts/SceneManagerController.cs using Guid(f8c1f5b52e608604e99a51b88c3fb697) Importer(815301076,1909f56bfc062723c751e8b465ee728b) [PhysX] Initialized MultithreadedTaskDispatcher with 4 workers.
 -> (artifact id: '00000000000000000000000000000000') in 0.001517 seconds
Import Error Code:(4)
Message: Build asset version error: assets/scripts/scenemanagercontroller.cs in SourceAssetDB has modification time of '2024-12-05T16:46:12.6373848Z' while content on disk has modification time of '2024-12-05T16:46:47.2999686Z'
  ERROR: Build asset version error: assets/scripts/scenemanagercontroller.cs in SourceAssetDB has modification time of '2024-12-05T16:46:12.6373848Z' while content on disk has modification time of '2024-12-05T16:46:47.2999686Z'
Number of updated asset objects reloaded before import = 0
Number of asset objects unloaded after import = 0
========================================================================
Received Import Request.
  Time since last request: 0.021806 seconds.
  path: Assets/Scripts/SceneManagerController.cs
  artifactKey: Guid(f8c1f5b52e608604e99a51b88c3fb697) Importer(815301076,1909f56bfc062723c751e8b465ee728b)
Start importing Assets/Scripts/SceneManagerController.cs using Guid(f8c1f5b52e608604e99a51b88c3fb697) Importer(815301076,1909f56bfc062723c751e8b465ee728b) [PhysX] Initialized MultithreadedTaskDispatcher with 4 workers.
 -> (artifact id: '00000000000000000000000000000000') in 0.004575 seconds
Import Error Code:(4)
Message: Build asset version error: assets/scripts/scenemanagercontroller.cs in SourceAssetDB has modification time of '2024-12-05T16:46:12.6373848Z' while content on disk has modification time of '2024-12-05T16:46:47.2999686Z'
  ERROR: Build asset version error: assets/scripts/scenemanagercontroller.cs in SourceAssetDB has modification time of '2024-12-05T16:46:12.6373848Z' while content on disk has modification time of '2024-12-05T16:46:47.2999686Z'
Number of updated asset objects reloaded before import = 0
Number of asset objects unloaded after import = 0
========================================================================
Received Import Request.
  Time since last request: 0.001166 seconds.
  path: Assets/Scripts/SceneManagerController.cs
  artifactKey: Guid(f8c1f5b52e608604e99a51b88c3fb697) Importer(815301076,1909f56bfc062723c751e8b465ee728b)
Start importing Assets/Scripts/SceneManagerController.cs using Guid(f8c1f5b52e608604e99a51b88c3fb697) Importer(815301076,1909f56bfc062723c751e8b465ee728b) [PhysX] Initialized MultithreadedTaskDispatcher with 4 workers.
 -> (artifact id: '00000000000000000000000000000000') in 0.007071 seconds
Import Error Code:(4)
Message: Build asset version error: assets/scripts/scenemanagercontroller.cs in SourceAssetDB has modification time of '2024-12-05T16:46:12.6373848Z' while content on disk has modification time of '2024-12-05T16:46:47.2999686Z'
  ERROR: Build asset version error: assets/scripts/scenemanagercontroller.cs in SourceAssetDB has modification time of '2024-12-05T16:46:12.6373848Z' while content on disk has modification time of '2024-12-05T16:46:47.2999686Z'
Number of updated asset objects reloaded before import = 0
Number of asset objects unloaded after import = 0
========================================================================
Received Import Request.
  Time since last request: 0.013913 seconds.
  path: Assets/Scripts/SceneManagerController.cs
  artifactKey: Guid(f8c1f5b52e608604e99a51b88c3fb697) Importer(815301076,1909f56bfc062723c751e8b465ee728b)
Start importing Assets/Scripts/SceneManagerController.cs using Guid(f8c1f5b52e608604e99a51b88c3fb697) Importer(815301076,1909f56bfc062723c751e8b465ee728b) [PhysX] Initialized MultithreadedTaskDispatcher with 4 workers.
 -> (artifact id: '00000000000000000000000000000000') in 0.003706 seconds
Import Error Code:(4)
Message: Build asset version error: assets/scripts/scenemanagercontroller.cs in SourceAssetDB has modification time of '2024-12-05T16:46:12.6373848Z' while content on disk has modification time of '2024-12-05T16:46:47.2999686Z'
  ERROR: Build asset version error: assets/scripts/scenemanagercontroller.cs in SourceAssetDB has modification time of '2024-12-05T16:46:12.6373848Z' while content on disk has modification time of '2024-12-05T16:46:47.2999686Z'
Number of updated asset objects reloaded before import = 0
Number of asset objects unloaded after import = 0
========================================================================
Received Import Request.
  Time since last request: 0.018664 seconds.
  path: Assets/Scripts/SceneManagerController.cs
  artifactKey: Guid(f8c1f5b52e608604e99a51b88c3fb697) Importer(815301076,1909f56bfc062723c751e8b465ee728b)
Start importing Assets/Scripts/SceneManagerController.cs using Guid(f8c1f5b52e608604e99a51b88c3fb697) Importer(815301076,1909f56bfc062723c751e8b465ee728b) [PhysX] Initialized MultithreadedTaskDispatcher with 4 workers.
 -> (artifact id: '00000000000000000000000000000000') in 0.008655 seconds
Import Error Code:(4)
Message: Build asset version error: assets/scripts/scenemanagercontroller.cs in SourceAssetDB has modification time of '2024-12-05T16:46:12.6373848Z' while content on disk has modification time of '2024-12-05T16:46:47.2999686Z'
  ERROR: Build asset version error: assets/scripts/scenemanagercontroller.cs in SourceAssetDB has modification time of '2024-12-05T16:46:12.6373848Z' while content on disk has modification time of '2024-12-05T16:46:47.2999686Z'
Number of updated asset objects reloaded before import = 0
Number of asset objects unloaded after import = 0
========================================================================
Received Import Request.
  Time since last request: 0.016677 seconds.
  path: Assets/Scripts/SceneManagerController.cs
  artifactKey: Guid(f8c1f5b52e608604e99a51b88c3fb697) Importer(815301076,1909f56bfc062723c751e8b465ee728b)
Start importing Assets/Scripts/SceneManagerController.cs using Guid(f8c1f5b52e608604e99a51b88c3fb697) Importer(815301076,1909f56bfc062723c751e8b465ee728b) [PhysX] Initialized MultithreadedTaskDispatcher with 4 workers.
 -> (artifact id: '00000000000000000000000000000000') in 0.005124 seconds
Import Error Code:(4)
Message: Build asset version error: assets/scripts/scenemanagercontroller.cs in SourceAssetDB has modification time of '2024-12-05T16:46:12.6373848Z' while content on disk has modification time of '2024-12-05T16:46:47.2999686Z'
  ERROR: Build asset version error: assets/scripts/scenemanagercontroller.cs in SourceAssetDB has modification time of '2024-12-05T16:46:12.6373848Z' while content on disk has modification time of '2024-12-05T16:46:47.2999686Z'
Number of updated asset objects reloaded before import = 0
Number of asset objects unloaded after import = 0
========================================================================
Received Import Request.
  Time since last request: 0.011707 seconds.
  path: Assets/Scripts/SceneManagerController.cs
  artifactKey: Guid(f8c1f5b52e608604e99a51b88c3fb697) Importer(815301076,1909f56bfc062723c751e8b465ee728b)
Start importing Assets/Scripts/SceneManagerController.cs using Guid(f8c1f5b52e608604e99a51b88c3fb697) Importer(815301076,1909f56bfc062723c751e8b465ee728b) [PhysX] Initialized MultithreadedTaskDispatcher with 4 workers.
 -> (artifact id: '00000000000000000000000000000000') in 0.008086 seconds
Import Error Code:(4)
Message: Build asset version error: assets/scripts/scenemanagercontroller.cs in SourceAssetDB has modification time of '2024-12-05T16:46:12.6373848Z' while content on disk has modification time of '2024-12-05T16:46:47.2999686Z'
  ERROR: Build asset version error: assets/scripts/scenemanagercontroller.cs in SourceAssetDB has modification time of '2024-12-05T16:46:12.6373848Z' while content on disk has modification time of '2024-12-05T16:46:47.2999686Z'
Number of updated asset objects reloaded before import = 0
Number of asset objects unloaded after import = 0
========================================================================
Received Import Request.
  Time since last request: 0.009240 seconds.
  path: Assets/Scripts/SceneManagerController.cs
  artifactKey: Guid(f8c1f5b52e608604e99a51b88c3fb697) Importer(815301076,1909f56bfc062723c751e8b465ee728b)
Start importing Assets/Scripts/SceneManagerController.cs using Guid(f8c1f5b52e608604e99a51b88c3fb697) Importer(815301076,1909f56bfc062723c751e8b465ee728b) [PhysX] Initialized MultithreadedTaskDispatcher with 4 workers.
 -> (artifact id: '00000000000000000000000000000000') in 0.002698 seconds
Import Error Code:(4)
Message: Build asset version error: assets/scripts/scenemanagercontroller.cs in SourceAssetDB has modification time of '2024-12-05T16:46:12.6373848Z' while content on disk has modification time of '2024-12-05T16:46:47.2999686Z'
  ERROR: Build asset version error: assets/scripts/scenemanagercontroller.cs in SourceAssetDB has modification time of '2024-12-05T16:46:12.6373848Z' while content on disk has modification time of '2024-12-05T16:46:47.2999686Z'
Number of updated asset objects reloaded before import = 0
Number of asset objects unloaded after import = 0
========================================================================
Received Import Request.
  Time since last request: 0.018640 seconds.
  path: Assets/Scripts/SceneManagerController.cs
  artifactKey: Guid(f8c1f5b52e608604e99a51b88c3fb697) Importer(815301076,1909f56bfc062723c751e8b465ee728b)
Start importing Assets/Scripts/SceneManagerController.cs using Guid(f8c1f5b52e608604e99a51b88c3fb697) Importer(815301076,1909f56bfc062723c751e8b465ee728b) [PhysX] Initialized MultithreadedTaskDispatcher with 4 workers.
 -> (artifact id: '00000000000000000000000000000000') in 0.014337 seconds
Import Error Code:(4)
Message: Build asset version error: assets/scripts/scenemanagercontroller.cs in SourceAssetDB has modification time of '2024-12-05T16:46:12.6373848Z' while content on disk has modification time of '2024-12-05T16:46:47.2999686Z'
  ERROR: Build asset version error: assets/scripts/scenemanagercontroller.cs in SourceAssetDB has modification time of '2024-12-05T16:46:12.6373848Z' while content on disk has modification time of '2024-12-05T16:46:47.2999686Z'
Number of updated asset objects reloaded before import = 0
Number of asset objects unloaded after import = 0
========================================================================
Received Import Request.
  Time since last request: 0.000378 seconds.
  path: Assets/Scripts/SceneManagerController.cs
  artifactKey: Guid(f8c1f5b52e608604e99a51b88c3fb697) Importer(815301076,1909f56bfc062723c751e8b465ee728b)
Start importing Assets/Scripts/SceneManagerController.cs using Guid(f8c1f5b52e608604e99a51b88c3fb697) Importer(815301076,1909f56bfc062723c751e8b465ee728b) [PhysX] Initialized MultithreadedTaskDispatcher with 4 workers.
 -> (artifact id: '00000000000000000000000000000000') in 0.003797 seconds
Import Error Code:(4)
Message: Build asset version error: assets/scripts/scenemanagercontroller.cs in SourceAssetDB has modification time of '2024-12-05T16:46:12.6373848Z' while content on disk has modification time of '2024-12-05T16:46:47.2999686Z'
  ERROR: Build asset version error: assets/scripts/scenemanagercontroller.cs in SourceAssetDB has modification time of '2024-12-05T16:46:12.6373848Z' while content on disk has modification time of '2024-12-05T16:46:47.2999686Z'
Number of updated asset objects reloaded before import = 0
Number of asset objects unloaded after import = 0
========================================================================
Received Import Request.
  Time since last request: 0.016164 seconds.
  path: Assets/Scripts/SceneManagerController.cs
  artifactKey: Guid(f8c1f5b52e608604e99a51b88c3fb697) Importer(815301076,1909f56bfc062723c751e8b465ee728b)
Start importing Assets/Scripts/SceneManagerController.cs using Guid(f8c1f5b52e608604e99a51b88c3fb697) Importer(815301076,1909f56bfc062723c751e8b465ee728b) [PhysX] Initialized MultithreadedTaskDispatcher with 4 workers.
 -> (artifact id: '00000000000000000000000000000000') in 0.001924 seconds
Import Error Code:(4)
Message: Build asset version error: assets/scripts/scenemanagercontroller.cs in SourceAssetDB has modification time of '2024-12-05T16:46:12.6373848Z' while content on disk has modification time of '2024-12-05T16:46:47.2999686Z'
  ERROR: Build asset version error: assets/scripts/scenemanagercontroller.cs in SourceAssetDB has modification time of '2024-12-05T16:46:12.6373848Z' while content on disk has modification time of '2024-12-05T16:46:47.2999686Z'
Number of updated asset objects reloaded before import = 0
Number of asset objects unloaded after import = 0
========================================================================
Received Import Request.
  Time since last request: 0.016325 seconds.
  path: Assets/Scripts/SceneManagerController.cs
  artifactKey: Guid(f8c1f5b52e608604e99a51b88c3fb697) Importer(815301076,1909f56bfc062723c751e8b465ee728b)
Start importing Assets/Scripts/SceneManagerController.cs using Guid(f8c1f5b52e608604e99a51b88c3fb697) Importer(815301076,1909f56bfc062723c751e8b465ee728b) [PhysX] Initialized MultithreadedTaskDispatcher with 4 workers.
 -> (artifact id: '00000000000000000000000000000000') in 0.001365 seconds
Import Error Code:(4)
Message: Build asset version error: assets/scripts/scenemanagercontroller.cs in SourceAssetDB has modification time of '2024-12-05T16:46:12.6373848Z' while content on disk has modification time of '2024-12-05T16:46:47.2999686Z'
  ERROR: Build asset version error: assets/scripts/scenemanagercontroller.cs in SourceAssetDB has modification time of '2024-12-05T16:46:12.6373848Z' while content on disk has modification time of '2024-12-05T16:46:47.2999686Z'
Number of updated asset objects reloaded before import = 0
Number of asset objects unloaded after import = 0
========================================================================
Received Import Request.
  Time since last request: 0.016636 seconds.
  path: Assets/Scripts/SceneManagerController.cs
  artifactKey: Guid(f8c1f5b52e608604e99a51b88c3fb697) Importer(815301076,1909f56bfc062723c751e8b465ee728b)
Start importing Assets/Scripts/SceneManagerController.cs using Guid(f8c1f5b52e608604e99a51b88c3fb697) Importer(815301076,1909f56bfc062723c751e8b465ee728b) [PhysX] Initialized MultithreadedTaskDispatcher with 4 workers.
 -> (artifact id: '00000000000000000000000000000000') in 0.001373 seconds
Import Error Code:(4)
Message: Build asset version error: assets/scripts/scenemanagercontroller.cs in SourceAssetDB has modification time of '2024-12-05T16:46:12.6373848Z' while content on disk has modification time of '2024-12-05T16:46:47.2999686Z'
  ERROR: Build asset version error: assets/scripts/scenemanagercontroller.cs in SourceAssetDB has modification time of '2024-12-05T16:46:12.6373848Z' while content on disk has modification time of '2024-12-05T16:46:47.2999686Z'
Number of updated asset objects reloaded before import = 0
Number of asset objects unloaded after import = 0
========================================================================
Received Import Request.
  Time since last request: 0.016230 seconds.
  path: Assets/Scripts/SceneManagerController.cs
  artifactKey: Guid(f8c1f5b52e608604e99a51b88c3fb697) Importer(815301076,1909f56bfc062723c751e8b465ee728b)
Start importing Assets/Scripts/SceneManagerController.cs using Guid(f8c1f5b52e608604e99a51b88c3fb697) Importer(815301076,1909f56bfc062723c751e8b465ee728b) [PhysX] Initialized MultithreadedTaskDispatcher with 4 workers.
 -> (artifact id: '00000000000000000000000000000000') in 0.001202 seconds
Import Error Code:(4)
Message: Build asset version error: assets/scripts/scenemanagercontroller.cs in SourceAssetDB has modification time of '2024-12-05T16:46:12.6373848Z' while content on disk has modification time of '2024-12-05T16:46:47.2999686Z'
  ERROR: Build asset version error: assets/scripts/scenemanagercontroller.cs in SourceAssetDB has modification time of '2024-12-05T16:46:12.6373848Z' while content on disk has modification time of '2024-12-05T16:46:47.2999686Z'
Number of updated asset objects reloaded before import = 0
Number of asset objects unloaded after import = 0
========================================================================
Received Import Request.
  Time since last request: 0.018018 seconds.
  path: Assets/Scripts/SceneManagerController.cs
  artifactKey: Guid(f8c1f5b52e608604e99a51b88c3fb697) Importer(815301076,1909f56bfc062723c751e8b465ee728b)
Start importing Assets/Scripts/SceneManagerController.cs using Guid(f8c1f5b52e608604e99a51b88c3fb697) Importer(815301076,1909f56bfc062723c751e8b465ee728b) [PhysX] Initialized MultithreadedTaskDispatcher with 4 workers.
 -> (artifact id: '00000000000000000000000000000000') in 0.005239 seconds
Import Error Code:(4)
Message: Build asset version error: assets/scripts/scenemanagercontroller.cs in SourceAssetDB has modification time of '2024-12-05T16:46:12.6373848Z' while content on disk has modification time of '2024-12-05T16:46:47.2999686Z'
  ERROR: Build asset version error: assets/scripts/scenemanagercontroller.cs in SourceAssetDB has modification time of '2024-12-05T16:46:12.6373848Z' while content on disk has modification time of '2024-12-05T16:46:47.2999686Z'
Number of updated asset objects reloaded before import = 0
Number of asset objects unloaded after import = 0
========================================================================
Received Import Request.
  Time since last request: 0.000771 seconds.
  path: Assets/Scripts/SceneManagerController.cs
  artifactKey: Guid(f8c1f5b52e608604e99a51b88c3fb697) Importer(815301076,1909f56bfc062723c751e8b465ee728b)
Start importing Assets/Scripts/SceneManagerController.cs using Guid(f8c1f5b52e608604e99a51b88c3fb697) Importer(815301076,1909f56bfc062723c751e8b465ee728b) [PhysX] Initialized MultithreadedTaskDispatcher with 4 workers.
 -> (artifact id: '00000000000000000000000000000000') in 0.002002 seconds
Import Error Code:(4)
Message: Build asset version error: assets/scripts/scenemanagercontroller.cs in SourceAssetDB has modification time of '2024-12-05T16:46:12.6373848Z' while content on disk has modification time of '2024-12-05T16:46:47.2999686Z'
  ERROR: Build asset version error: assets/scripts/scenemanagercontroller.cs in SourceAssetDB has modification time of '2024-12-05T16:46:12.6373848Z' while content on disk has modification time of '2024-12-05T16:46:47.2999686Z'
Number of updated asset objects reloaded before import = 0
Number of asset objects unloaded after import = 0
========================================================================
Received Import Request.
  Time since last request: 0.016001 seconds.
  path: Assets/Scripts/SceneManagerController.cs
  artifactKey: Guid(f8c1f5b52e608604e99a51b88c3fb697) Importer(815301076,1909f56bfc062723c751e8b465ee728b)
Start importing Assets/Scripts/SceneManagerController.cs using Guid(f8c1f5b52e608604e99a51b88c3fb697) Importer(815301076,1909f56bfc062723c751e8b465ee728b) [PhysX] Initialized MultithreadedTaskDispatcher with 4 workers.
 -> (artifact id: '00000000000000000000000000000000') in 0.001416 seconds
Import Error Code:(4)
Message: Build asset version error: assets/scripts/scenemanagercontroller.cs in SourceAssetDB has modification time of '2024-12-05T16:46:12.6373848Z' while content on disk has modification time of '2024-12-05T16:46:47.2999686Z'
  ERROR: Build asset version error: assets/scripts/scenemanagercontroller.cs in SourceAssetDB has modification time of '2024-12-05T16:46:12.6373848Z' while content on disk has modification time of '2024-12-05T16:46:47.2999686Z'
Number of updated asset objects reloaded before import = 0
Number of asset objects unloaded after import = 0
========================================================================
Received Import Request.
  Time since last request: 0.018028 seconds.
  path: Assets/Scripts/SceneManagerController.cs
  artifactKey: Guid(f8c1f5b52e608604e99a51b88c3fb697) Importer(815301076,1909f56bfc062723c751e8b465ee728b)
Start importing Assets/Scripts/SceneManagerController.cs using Guid(f8c1f5b52e608604e99a51b88c3fb697) Importer(815301076,1909f56bfc062723c751e8b465ee728b) [PhysX] Initialized MultithreadedTaskDispatcher with 4 workers.
 -> (artifact id: '00000000000000000000000000000000') in 0.001251 seconds
Import Error Code:(4)
Message: Build asset version error: assets/scripts/scenemanagercontroller.cs in SourceAssetDB has modification time of '2024-12-05T16:46:12.6373848Z' while content on disk has modification time of '2024-12-05T16:46:47.2999686Z'
  ERROR: Build asset version error: assets/scripts/scenemanagercontroller.cs in SourceAssetDB has modification time of '2024-12-05T16:46:12.6373848Z' while content on disk has modification time of '2024-12-05T16:46:47.2999686Z'
Number of updated asset objects reloaded before import = 0
Number of asset objects unloaded after import = 0
========================================================================
Received Import Request.
  Time since last request: 0.020655 seconds.
  path: Assets/Scripts/SceneManagerController.cs
  artifactKey: Guid(f8c1f5b52e608604e99a51b88c3fb697) Importer(815301076,1909f56bfc062723c751e8b465ee728b)
Start importing Assets/Scripts/SceneManagerController.cs using Guid(f8c1f5b52e608604e99a51b88c3fb697) Importer(815301076,1909f56bfc062723c751e8b465ee728b) [PhysX] Initialized MultithreadedTaskDispatcher with 4 workers.
 -> (artifact id: '00000000000000000000000000000000') in 0.003376 seconds
Import Error Code:(4)
Message: Build asset version error: assets/scripts/scenemanagercontroller.cs in SourceAssetDB has modification time of '2024-12-05T16:46:12.6373848Z' while content on disk has modification time of '2024-12-05T16:46:47.2999686Z'
  ERROR: Build asset version error: assets/scripts/scenemanagercontroller.cs in SourceAssetDB has modification time of '2024-12-05T16:46:12.6373848Z' while content on disk has modification time of '2024-12-05T16:46:47.2999686Z'
Number of updated asset objects reloaded before import = 0
Number of asset objects unloaded after import = 0
========================================================================
Received Import Request.
  Time since last request: 0.002236 seconds.
  path: Assets/Scripts/SceneManagerController.cs
  artifactKey: Guid(f8c1f5b52e608604e99a51b88c3fb697) Importer(815301076,1909f56bfc062723c751e8b465ee728b)
Start importing Assets/Scripts/SceneManagerController.cs using Guid(f8c1f5b52e608604e99a51b88c3fb697) Importer(815301076,1909f56bfc062723c751e8b465ee728b) [PhysX] Initialized MultithreadedTaskDispatcher with 4 workers.
 -> (artifact id: '00000000000000000000000000000000') in 0.217838 seconds
Import Error Code:(4)
Message: Build asset version error: assets/scripts/scenemanagercontroller.cs in SourceAssetDB has modification time of '2024-12-05T16:46:12.6373848Z' while content on disk has modification time of '2024-12-05T16:46:47.2999686Z'
  ERROR: Build asset version error: assets/scripts/scenemanagercontroller.cs in SourceAssetDB has modification time of '2024-12-05T16:46:12.6373848Z' while content on disk has modification time of '2024-12-05T16:46:47.2999686Z'
Number of updated asset objects reloaded before import = 0
Number of asset objects unloaded after import = 0
========================================================================
Received Import Request.
  Time since last request: 0.029711 seconds.
  path: Assets/Scripts/SceneManagerController.cs
  artifactKey: Guid(f8c1f5b52e608604e99a51b88c3fb697) Importer(815301076,1909f56bfc062723c751e8b465ee728b)
Start importing Assets/Scripts/SceneManagerController.cs using Guid(f8c1f5b52e608604e99a51b88c3fb697) Importer(815301076,1909f56bfc062723c751e8b465ee728b) [PhysX] Initialized MultithreadedTaskDispatcher with 4 workers.
 -> (artifact id: '00000000000000000000000000000000') in 0.002334 seconds
Import Error Code:(4)
Message: Build asset version error: assets/scripts/scenemanagercontroller.cs in SourceAssetDB has modification time of '2024-12-05T16:46:12.6373848Z' while content on disk has modification time of '2024-12-05T16:46:47.2999686Z'
  ERROR: Build asset version error: assets/scripts/scenemanagercontroller.cs in SourceAssetDB has modification time of '2024-12-05T16:46:12.6373848Z' while content on disk has modification time of '2024-12-05T16:46:47.2999686Z'
Number of updated asset objects reloaded before import = 0
Number of asset objects unloaded after import = 0
========================================================================
Received Import Request.
  Time since last request: 0.011677 seconds.
  path: Assets/Scripts/SceneManagerController.cs
  artifactKey: Guid(f8c1f5b52e608604e99a51b88c3fb697) Importer(815301076,1909f56bfc062723c751e8b465ee728b)
Start importing Assets/Scripts/SceneManagerController.cs using Guid(f8c1f5b52e608604e99a51b88c3fb697) Importer(815301076,1909f56bfc062723c751e8b465ee728b) [PhysX] Initialized MultithreadedTaskDispatcher with 4 workers.
 -> (artifact id: '00000000000000000000000000000000') in 0.001162 seconds
Import Error Code:(4)
Message: Build asset version error: assets/scripts/scenemanagercontroller.cs in SourceAssetDB has modification time of '2024-12-05T16:46:12.6373848Z' while content on disk has modification time of '2024-12-05T16:46:47.2999686Z'
  ERROR: Build asset version error: assets/scripts/scenemanagercontroller.cs in SourceAssetDB has modification time of '2024-12-05T16:46:12.6373848Z' while content on disk has modification time of '2024-12-05T16:46:47.2999686Z'
Number of updated asset objects reloaded before import = 0
Number of asset objects unloaded after import = 0
========================================================================
Received Import Request.
  Time since last request: 0.017556 seconds.
  path: Assets/Scripts/SceneManagerController.cs
  artifactKey: Guid(f8c1f5b52e608604e99a51b88c3fb697) Importer(815301076,1909f56bfc062723c751e8b465ee728b)
Start importing Assets/Scripts/SceneManagerController.cs using Guid(f8c1f5b52e608604e99a51b88c3fb697) Importer(815301076,1909f56bfc062723c751e8b465ee728b) [PhysX] Initialized MultithreadedTaskDispatcher with 4 workers.
 -> (artifact id: '00000000000000000000000000000000') in 0.001302 seconds
Import Error Code:(4)
Message: Build asset version error: assets/scripts/scenemanagercontroller.cs in SourceAssetDB has modification time of '2024-12-05T16:46:12.6373848Z' while content on disk has modification time of '2024-12-05T16:46:47.2999686Z'
  ERROR: Build asset version error: assets/scripts/scenemanagercontroller.cs in SourceAssetDB has modification time of '2024-12-05T16:46:12.6373848Z' while content on disk has modification time of '2024-12-05T16:46:47.2999686Z'
Number of updated asset objects reloaded before import = 0
Number of asset objects unloaded after import = 0
========================================================================
Received Import Request.
  Time since last request: 0.016035 seconds.
  path: Assets/Scripts/SceneManagerController.cs
  artifactKey: Guid(f8c1f5b52e608604e99a51b88c3fb697) Importer(815301076,1909f56bfc062723c751e8b465ee728b)
Start importing Assets/Scripts/SceneManagerController.cs using Guid(f8c1f5b52e608604e99a51b88c3fb697) Importer(815301076,1909f56bfc062723c751e8b465ee728b) [PhysX] Initialized MultithreadedTaskDispatcher with 4 workers.
 -> (artifact id: '00000000000000000000000000000000') in 0.001101 seconds
Import Error Code:(4)
Message: Build asset version error: assets/scripts/scenemanagercontroller.cs in SourceAssetDB has modification time of '2024-12-05T16:46:12.6373848Z' while content on disk has modification time of '2024-12-05T16:46:47.2999686Z'
  ERROR: Build asset version error: assets/scripts/scenemanagercontroller.cs in SourceAssetDB has modification time of '2024-12-05T16:46:12.6373848Z' while content on disk has modification time of '2024-12-05T16:46:47.2999686Z'
Number of updated asset objects reloaded before import = 0
Number of asset objects unloaded after import = 0
========================================================================
Received Import Request.
  Time since last request: 0.014336 seconds.
  path: Assets/Scripts/SceneManagerController.cs
  artifactKey: Guid(f8c1f5b52e608604e99a51b88c3fb697) Importer(815301076,1909f56bfc062723c751e8b465ee728b)
Start importing Assets/Scripts/SceneManagerController.cs using Guid(f8c1f5b52e608604e99a51b88c3fb697) Importer(815301076,1909f56bfc062723c751e8b465ee728b) [PhysX] Initialized MultithreadedTaskDispatcher with 4 workers.
 -> (artifact id: '00000000000000000000000000000000') in 0.001122 seconds
Import Error Code:(4)
Message: Build asset version error: assets/scripts/scenemanagercontroller.cs in SourceAssetDB has modification time of '2024-12-05T16:46:12.6373848Z' while content on disk has modification time of '2024-12-05T16:46:47.2999686Z'
  ERROR: Build asset version error: assets/scripts/scenemanagercontroller.cs in SourceAssetDB has modification time of '2024-12-05T16:46:12.6373848Z' while content on disk has modification time of '2024-12-05T16:46:47.2999686Z'
Number of updated asset objects reloaded before import = 0
Number of asset objects unloaded after import = 0
========================================================================
Received Import Request.
  Time since last request: 0.016862 seconds.
  path: Assets/Scripts/SceneManagerController.cs
  artifactKey: Guid(f8c1f5b52e608604e99a51b88c3fb697) Importer(815301076,1909f56bfc062723c751e8b465ee728b)
Start importing Assets/Scripts/SceneManagerController.cs using Guid(f8c1f5b52e608604e99a51b88c3fb697) Importer(815301076,1909f56bfc062723c751e8b465ee728b) [PhysX] Initialized MultithreadedTaskDispatcher with 4 workers.
 -> (artifact id: '00000000000000000000000000000000') in 0.002262 seconds
Import Error Code:(4)
Message: Build asset version error: assets/scripts/scenemanagercontroller.cs in SourceAssetDB has modification time of '2024-12-05T16:46:12.6373848Z' while content on disk has modification time of '2024-12-05T16:46:47.2999686Z'
  ERROR: Build asset version error: assets/scripts/scenemanagercontroller.cs in SourceAssetDB has modification time of '2024-12-05T16:46:12.6373848Z' while content on disk has modification time of '2024-12-05T16:46:47.2999686Z'
Number of updated asset objects reloaded before import = 0
Number of asset objects unloaded after import = 0
========================================================================
Received Import Request.
  Time since last request: 0.018362 seconds.
  path: Assets/Scripts/SceneManagerController.cs
  artifactKey: Guid(f8c1f5b52e608604e99a51b88c3fb697) Importer(815301076,1909f56bfc062723c751e8b465ee728b)
Start importing Assets/Scripts/SceneManagerController.cs using Guid(f8c1f5b52e608604e99a51b88c3fb697) Importer(815301076,1909f56bfc062723c751e8b465ee728b) [PhysX] Initialized MultithreadedTaskDispatcher with 4 workers.
 -> (artifact id: '00000000000000000000000000000000') in 0.003018 seconds
Import Error Code:(4)
Message: Build asset version error: assets/scripts/scenemanagercontroller.cs in SourceAssetDB has modification time of '2024-12-05T16:46:12.6373848Z' while content on disk has modification time of '2024-12-05T16:46:47.2999686Z'
  ERROR: Build asset version error: assets/scripts/scenemanagercontroller.cs in SourceAssetDB has modification time of '2024-12-05T16:46:12.6373848Z' while content on disk has modification time of '2024-12-05T16:46:47.2999686Z'
Number of updated asset objects reloaded before import = 0
Number of asset objects unloaded after import = 0
========================================================================
Received Import Request.
  Time since last request: 0.003084 seconds.
  path: Assets/Scripts/SceneManagerController.cs
  artifactKey: Guid(f8c1f5b52e608604e99a51b88c3fb697) Importer(815301076,1909f56bfc062723c751e8b465ee728b)
Start importing Assets/Scripts/SceneManagerController.cs using Guid(f8c1f5b52e608604e99a51b88c3fb697) Importer(815301076,1909f56bfc062723c751e8b465ee728b) [PhysX] Initialized MultithreadedTaskDispatcher with 4 workers.
 -> (artifact id: '00000000000000000000000000000000') in 0.001726 seconds
Import Error Code:(4)
Message: Build asset version error: assets/scripts/scenemanagercontroller.cs in SourceAssetDB has modification time of '2024-12-05T16:46:12.6373848Z' while content on disk has modification time of '2024-12-05T16:46:47.2999686Z'
  ERROR: Build asset version error: assets/scripts/scenemanagercontroller.cs in SourceAssetDB has modification time of '2024-12-05T16:46:12.6373848Z' while content on disk has modification time of '2024-12-05T16:46:47.2999686Z'
Number of updated asset objects reloaded before import = 0
Number of asset objects unloaded after import = 0
========================================================================
Received Import Request.
  Time since last request: 0.015759 seconds.
  path: Assets/Scripts/SceneManagerController.cs
  artifactKey: Guid(f8c1f5b52e608604e99a51b88c3fb697) Importer(815301076,1909f56bfc062723c751e8b465ee728b)
Start importing Assets/Scripts/SceneManagerController.cs using Guid(f8c1f5b52e608604e99a51b88c3fb697) Importer(815301076,1909f56bfc062723c751e8b465ee728b) [PhysX] Initialized MultithreadedTaskDispatcher with 4 workers.
 -> (artifact id: '00000000000000000000000000000000') in 0.001186 seconds
Import Error Code:(4)
Message: Build asset version error: assets/scripts/scenemanagercontroller.cs in SourceAssetDB has modification time of '2024-12-05T16:46:12.6373848Z' while content on disk has modification time of '2024-12-05T16:46:47.2999686Z'
  ERROR: Build asset version error: assets/scripts/scenemanagercontroller.cs in SourceAssetDB has modification time of '2024-12-05T16:46:12.6373848Z' while content on disk has modification time of '2024-12-05T16:46:47.2999686Z'
Number of updated asset objects reloaded before import = 0
Number of asset objects unloaded after import = 0
========================================================================
Received Import Request.
  Time since last request: 0.017293 seconds.
  path: Assets/Scripts/SceneManagerController.cs
  artifactKey: Guid(f8c1f5b52e608604e99a51b88c3fb697) Importer(815301076,1909f56bfc062723c751e8b465ee728b)
Start importing Assets/Scripts/SceneManagerController.cs using Guid(f8c1f5b52e608604e99a51b88c3fb697) Importer(815301076,1909f56bfc062723c751e8b465ee728b) [PhysX] Initialized MultithreadedTaskDispatcher with 4 workers.
 -> (artifact id: '00000000000000000000000000000000') in 0.001071 seconds
Import Error Code:(4)
Message: Build asset version error: assets/scripts/scenemanagercontroller.cs in SourceAssetDB has modification time of '2024-12-05T16:46:12.6373848Z' while content on disk has modification time of '2024-12-05T16:46:47.2999686Z'
  ERROR: Build asset version error: assets/scripts/scenemanagercontroller.cs in SourceAssetDB has modification time of '2024-12-05T16:46:12.6373848Z' while content on disk has modification time of '2024-12-05T16:46:47.2999686Z'
Number of updated asset objects reloaded before import = 0
Number of asset objects unloaded after import = 0
========================================================================
Received Import Request.
  Time since last request: 0.015825 seconds.
  path: Assets/Scripts/SceneManagerController.cs
  artifactKey: Guid(f8c1f5b52e608604e99a51b88c3fb697) Importer(815301076,1909f56bfc062723c751e8b465ee728b)
Start importing Assets/Scripts/SceneManagerController.cs using Guid(f8c1f5b52e608604e99a51b88c3fb697) Importer(815301076,1909f56bfc062723c751e8b465ee728b) [PhysX] Initialized MultithreadedTaskDispatcher with 4 workers.
 -> (artifact id: '00000000000000000000000000000000') in 0.001543 seconds
Import Error Code:(4)
Message: Build asset version error: assets/scripts/scenemanagercontroller.cs in SourceAssetDB has modification time of '2024-12-05T16:46:12.6373848Z' while content on disk has modification time of '2024-12-05T16:46:47.2999686Z'
  ERROR: Build asset version error: assets/scripts/scenemanagercontroller.cs in SourceAssetDB has modification time of '2024-12-05T16:46:12.6373848Z' while content on disk has modification time of '2024-12-05T16:46:47.2999686Z'
Number of updated asset objects reloaded before import = 0
Number of asset objects unloaded after import = 0
========================================================================
Received Import Request.
  Time since last request: 0.015904 seconds.
  path: Assets/Scripts/SceneManagerController.cs
  artifactKey: Guid(f8c1f5b52e608604e99a51b88c3fb697) Importer(815301076,1909f56bfc062723c751e8b465ee728b)
Start importing Assets/Scripts/SceneManagerController.cs using Guid(f8c1f5b52e608604e99a51b88c3fb697) Importer(815301076,1909f56bfc062723c751e8b465ee728b) [PhysX] Initialized MultithreadedTaskDispatcher with 4 workers.
 -> (artifact id: '00000000000000000000000000000000') in 0.001245 seconds
Import Error Code:(4)
Message: Build asset version error: assets/scripts/scenemanagercontroller.cs in SourceAssetDB has modification time of '2024-12-05T16:46:12.6373848Z' while content on disk has modification time of '2024-12-05T16:46:47.2999686Z'
  ERROR: Build asset version error: assets/scripts/scenemanagercontroller.cs in SourceAssetDB has modification time of '2024-12-05T16:46:12.6373848Z' while content on disk has modification time of '2024-12-05T16:46:47.2999686Z'
Number of updated asset objects reloaded before import = 0
Number of asset objects unloaded after import = 0
========================================================================
Received Import Request.
  Time since last request: 0.016072 seconds.
  path: Assets/Scripts/SceneManagerController.cs
  artifactKey: Guid(f8c1f5b52e608604e99a51b88c3fb697) Importer(815301076,1909f56bfc062723c751e8b465ee728b)
Start importing Assets/Scripts/SceneManagerController.cs using Guid(f8c1f5b52e608604e99a51b88c3fb697) Importer(815301076,1909f56bfc062723c751e8b465ee728b) [PhysX] Initialized MultithreadedTaskDispatcher with 4 workers.
 -> (artifact id: '00000000000000000000000000000000') in 0.001106 seconds
Import Error Code:(4)
Message: Build asset version error: assets/scripts/scenemanagercontroller.cs in SourceAssetDB has modification time of '2024-12-05T16:46:12.6373848Z' while content on disk has modification time of '2024-12-05T16:46:47.2999686Z'
  ERROR: Build asset version error: assets/scripts/scenemanagercontroller.cs in SourceAssetDB has modification time of '2024-12-05T16:46:12.6373848Z' while content on disk has modification time of '2024-12-05T16:46:47.2999686Z'
Number of updated asset objects reloaded before import = 0
Number of asset objects unloaded after import = 0
========================================================================
Received Import Request.
  Time since last request: 0.016728 seconds.
  path: Assets/Scripts/SceneManagerController.cs
  artifactKey: Guid(f8c1f5b52e608604e99a51b88c3fb697) Importer(815301076,1909f56bfc062723c751e8b465ee728b)
Start importing Assets/Scripts/SceneManagerController.cs using Guid(f8c1f5b52e608604e99a51b88c3fb697) Importer(815301076,1909f56bfc062723c751e8b465ee728b) [PhysX] Initialized MultithreadedTaskDispatcher with 4 workers.
 -> (artifact id: '00000000000000000000000000000000') in 0.001129 seconds
Import Error Code:(4)
Message: Build asset version error: assets/scripts/scenemanagercontroller.cs in SourceAssetDB has modification time of '2024-12-05T16:46:12.6373848Z' while content on disk has modification time of '2024-12-05T16:46:47.2999686Z'
  ERROR: Build asset version error: assets/scripts/scenemanagercontroller.cs in SourceAssetDB has modification time of '2024-12-05T16:46:12.6373848Z' while content on disk has modification time of '2024-12-05T16:46:47.2999686Z'
Number of updated asset objects reloaded before import = 0
Number of asset objects unloaded after import = 0
========================================================================
Received Import Request.
  Time since last request: 0.017649 seconds.
  path: Assets/Scripts/SceneManagerController.cs
  artifactKey: Guid(f8c1f5b52e608604e99a51b88c3fb697) Importer(815301076,1909f56bfc062723c751e8b465ee728b)
Start importing Assets/Scripts/SceneManagerController.cs using Guid(f8c1f5b52e608604e99a51b88c3fb697) Importer(815301076,1909f56bfc062723c751e8b465ee728b) [PhysX] Initialized MultithreadedTaskDispatcher with 4 workers.
 -> (artifact id: '00000000000000000000000000000000') in 0.001016 seconds
Import Error Code:(4)
Message: Build asset version error: assets/scripts/scenemanagercontroller.cs in SourceAssetDB has modification time of '2024-12-05T16:46:12.6373848Z' while content on disk has modification time of '2024-12-05T16:46:47.2999686Z'
  ERROR: Build asset version error: assets/scripts/scenemanagercontroller.cs in SourceAssetDB has modification time of '2024-12-05T16:46:12.6373848Z' while content on disk has modification time of '2024-12-05T16:46:47.2999686Z'
Number of updated asset objects reloaded before import = 0
Number of asset objects unloaded after import = 0
========================================================================
Received Import Request.
  Time since last request: 0.015877 seconds.
  path: Assets/Scripts/SceneManagerController.cs
  artifactKey: Guid(f8c1f5b52e608604e99a51b88c3fb697) Importer(815301076,1909f56bfc062723c751e8b465ee728b)
Start importing Assets/Scripts/SceneManagerController.cs using Guid(f8c1f5b52e608604e99a51b88c3fb697) Importer(815301076,1909f56bfc062723c751e8b465ee728b) [PhysX] Initialized MultithreadedTaskDispatcher with 4 workers.
 -> (artifact id: '00000000000000000000000000000000') in 0.001098 seconds
Import Error Code:(4)
Message: Build asset version error: assets/scripts/scenemanagercontroller.cs in SourceAssetDB has modification time of '2024-12-05T16:46:12.6373848Z' while content on disk has modification time of '2024-12-05T16:46:47.2999686Z'
  ERROR: Build asset version error: assets/scripts/scenemanagercontroller.cs in SourceAssetDB has modification time of '2024-12-05T16:46:12.6373848Z' while content on disk has modification time of '2024-12-05T16:46:47.2999686Z'
Number of updated asset objects reloaded before import = 0
Number of asset objects unloaded after import = 0
========================================================================
Received Import Request.
  Time since last request: 0.017056 seconds.
  path: Assets/Scripts/SceneManagerController.cs
  artifactKey: Guid(f8c1f5b52e608604e99a51b88c3fb697) Importer(815301076,1909f56bfc062723c751e8b465ee728b)
Start importing Assets/Scripts/SceneManagerController.cs using Guid(f8c1f5b52e608604e99a51b88c3fb697) Importer(815301076,1909f56bfc062723c751e8b465ee728b) [PhysX] Initialized MultithreadedTaskDispatcher with 4 workers.
 -> (artifact id: '00000000000000000000000000000000') in 0.002328 seconds
Import Error Code:(4)
Message: Build asset version error: assets/scripts/scenemanagercontroller.cs in SourceAssetDB has modification time of '2024-12-05T16:46:12.6373848Z' while content on disk has modification time of '2024-12-05T16:46:47.2999686Z'
  ERROR: Build asset version error: assets/scripts/scenemanagercontroller.cs in SourceAssetDB has modification time of '2024-12-05T16:46:12.6373848Z' while content on disk has modification time of '2024-12-05T16:46:47.2999686Z'
Number of updated asset objects reloaded before import = 0
Number of asset objects unloaded after import = 0
========================================================================
Received Import Request.
  Time since last request: 0.016295 seconds.
  path: Assets/Scripts/SceneManagerController.cs
  artifactKey: Guid(f8c1f5b52e608604e99a51b88c3fb697) Importer(815301076,1909f56bfc062723c751e8b465ee728b)
Start importing Assets/Scripts/SceneManagerController.cs using Guid(f8c1f5b52e608604e99a51b88c3fb697) Importer(815301076,1909f56bfc062723c751e8b465ee728b) [PhysX] Initialized MultithreadedTaskDispatcher with 4 workers.
 -> (artifact id: '00000000000000000000000000000000') in 0.001031 seconds
Import Error Code:(4)
Message: Build asset version error: assets/scripts/scenemanagercontroller.cs in SourceAssetDB has modification time of '2024-12-05T16:46:12.6373848Z' while content on disk has modification time of '2024-12-05T16:46:47.2999686Z'
  ERROR: Build asset version error: assets/scripts/scenemanagercontroller.cs in SourceAssetDB has modification time of '2024-12-05T16:46:12.6373848Z' while content on disk has modification time of '2024-12-05T16:46:47.2999686Z'
Number of updated asset objects reloaded before import = 0
Number of asset objects unloaded after import = 0
========================================================================
Received Import Request.
  Time since last request: 0.017254 seconds.
  path: Assets/Scripts/SceneManagerController.cs
  artifactKey: Guid(f8c1f5b52e608604e99a51b88c3fb697) Importer(815301076,1909f56bfc062723c751e8b465ee728b)
Start importing Assets/Scripts/SceneManagerController.cs using Guid(f8c1f5b52e608604e99a51b88c3fb697) Importer(815301076,1909f56bfc062723c751e8b465ee728b) [PhysX] Initialized MultithreadedTaskDispatcher with 4 workers.
 -> (artifact id: '00000000000000000000000000000000') in 0.000977 seconds
Import Error Code:(4)
Message: Build asset version error: assets/scripts/scenemanagercontroller.cs in SourceAssetDB has modification time of '2024-12-05T16:46:12.6373848Z' while content on disk has modification time of '2024-12-05T16:46:47.2999686Z'
  ERROR: Build asset version error: assets/scripts/scenemanagercontroller.cs in SourceAssetDB has modification time of '2024-12-05T16:46:12.6373848Z' while content on disk has modification time of '2024-12-05T16:46:47.2999686Z'
Number of updated asset objects reloaded before import = 0
Number of asset objects unloaded after import = 0
========================================================================
Received Import Request.
  Time since last request: 0.017737 seconds.
  path: Assets/Scripts/SceneManagerController.cs
  artifactKey: Guid(f8c1f5b52e608604e99a51b88c3fb697) Importer(815301076,1909f56bfc062723c751e8b465ee728b)
Start importing Assets/Scripts/SceneManagerController.cs using Guid(f8c1f5b52e608604e99a51b88c3fb697) Importer(815301076,1909f56bfc062723c751e8b465ee728b) [PhysX] Initialized MultithreadedTaskDispatcher with 4 workers.
 -> (artifact id: '00000000000000000000000000000000') in 0.001312 seconds
Import Error Code:(4)
Message: Build asset version error: assets/scripts/scenemanagercontroller.cs in SourceAssetDB has modification time of '2024-12-05T16:46:12.6373848Z' while content on disk has modification time of '2024-12-05T16:46:47.2999686Z'
  ERROR: Build asset version error: assets/scripts/scenemanagercontroller.cs in SourceAssetDB has modification time of '2024-12-05T16:46:12.6373848Z' while content on disk has modification time of '2024-12-05T16:46:47.2999686Z'
Number of updated asset objects reloaded before import = 0
Number of asset objects unloaded after import = 0
========================================================================
Received Import Request.
  Time since last request: 0.017476 seconds.
  path: Assets/Scripts/SceneManagerController.cs
  artifactKey: Guid(f8c1f5b52e608604e99a51b88c3fb697) Importer(815301076,1909f56bfc062723c751e8b465ee728b)
Start importing Assets/Scripts/SceneManagerController.cs using Guid(f8c1f5b52e608604e99a51b88c3fb697) Importer(815301076,1909f56bfc062723c751e8b465ee728b) [PhysX] Initialized MultithreadedTaskDispatcher with 4 workers.
 -> (artifact id: '00000000000000000000000000000000') in 0.001424 seconds
Import Error Code:(4)
Message: Build asset version error: assets/scripts/scenemanagercontroller.cs in SourceAssetDB has modification time of '2024-12-05T16:46:12.6373848Z' while content on disk has modification time of '2024-12-05T16:46:47.2999686Z'
  ERROR: Build asset version error: assets/scripts/scenemanagercontroller.cs in SourceAssetDB has modification time of '2024-12-05T16:46:12.6373848Z' while content on disk has modification time of '2024-12-05T16:46:47.2999686Z'
Number of updated asset objects reloaded before import = 0
Number of asset objects unloaded after import = 0
========================================================================
Received Import Request.
  Time since last request: 0.019047 seconds.
  path: Assets/Scripts/SceneManagerController.cs
  artifactKey: Guid(f8c1f5b52e608604e99a51b88c3fb697) Importer(815301076,1909f56bfc062723c751e8b465ee728b)
Start importing Assets/Scripts/SceneManagerController.cs using Guid(f8c1f5b52e608604e99a51b88c3fb697) Importer(815301076,1909f56bfc062723c751e8b465ee728b) [PhysX] Initialized MultithreadedTaskDispatcher with 4 workers.
 -> (artifact id: '00000000000000000000000000000000') in 0.004157 seconds
Import Error Code:(4)
Message: Build asset version error: assets/scripts/scenemanagercontroller.cs in SourceAssetDB has modification time of '2024-12-05T16:46:12.6373848Z' while content on disk has modification time of '2024-12-05T16:46:47.2999686Z'
  ERROR: Build asset version error: assets/scripts/scenemanagercontroller.cs in SourceAssetDB has modification time of '2024-12-05T16:46:12.6373848Z' while content on disk has modification time of '2024-12-05T16:46:47.2999686Z'
Number of updated asset objects reloaded before import = 0
Number of asset objects unloaded after import = 0
========================================================================
Received Import Request.
  Time since last request: 0.002946 seconds.
  path: Assets/Scripts/SceneManagerController.cs
  artifactKey: Guid(f8c1f5b52e608604e99a51b88c3fb697) Importer(815301076,1909f56bfc062723c751e8b465ee728b)
Start importing Assets/Scripts/SceneManagerController.cs using Guid(f8c1f5b52e608604e99a51b88c3fb697) Importer(815301076,1909f56bfc062723c751e8b465ee728b) [PhysX] Initialized MultithreadedTaskDispatcher with 4 workers.
 -> (artifact id: '00000000000000000000000000000000') in 0.001295 seconds
Import Error Code:(4)
Message: Build asset version error: assets/scripts/scenemanagercontroller.cs in SourceAssetDB has modification time of '2024-12-05T16:46:12.6373848Z' while content on disk has modification time of '2024-12-05T16:46:47.2999686Z'
  ERROR: Build asset version error: assets/scripts/scenemanagercontroller.cs in SourceAssetDB has modification time of '2024-12-05T16:46:12.6373848Z' while content on disk has modification time of '2024-12-05T16:46:47.2999686Z'
Number of updated asset objects reloaded before import = 0
Number of asset objects unloaded after import = 0
========================================================================
Received Import Request.
  Time since last request: 0.015965 seconds.
  path: Assets/Scripts/SceneManagerController.cs
  artifactKey: Guid(f8c1f5b52e608604e99a51b88c3fb697) Importer(815301076,1909f56bfc062723c751e8b465ee728b)
Start importing Assets/Scripts/SceneManagerController.cs using Guid(f8c1f5b52e608604e99a51b88c3fb697) Importer(815301076,1909f56bfc062723c751e8b465ee728b) [PhysX] Initialized MultithreadedTaskDispatcher with 4 workers.
 -> (artifact id: '00000000000000000000000000000000') in 0.001184 seconds
Import Error Code:(4)
Message: Build asset version error: assets/scripts/scenemanagercontroller.cs in SourceAssetDB has modification time of '2024-12-05T16:46:12.6373848Z' while content on disk has modification time of '2024-12-05T16:46:47.2999686Z'
  ERROR: Build asset version error: assets/scripts/scenemanagercontroller.cs in SourceAssetDB has modification time of '2024-12-05T16:46:12.6373848Z' while content on disk has modification time of '2024-12-05T16:46:47.2999686Z'
Number of updated asset objects reloaded before import = 0
Number of asset objects unloaded after import = 0
========================================================================
Received Import Request.
  Time since last request: 0.015946 seconds.
  path: Assets/Scripts/SceneManagerController.cs
  artifactKey: Guid(f8c1f5b52e608604e99a51b88c3fb697) Importer(815301076,1909f56bfc062723c751e8b465ee728b)
Start importing Assets/Scripts/SceneManagerController.cs using Guid(f8c1f5b52e608604e99a51b88c3fb697) Importer(815301076,1909f56bfc062723c751e8b465ee728b) [PhysX] Initialized MultithreadedTaskDispatcher with 4 workers.
 -> (artifact id: '00000000000000000000000000000000') in 0.001278 seconds
Import Error Code:(4)
Message: Build asset version error: assets/scripts/scenemanagercontroller.cs in SourceAssetDB has modification time of '2024-12-05T16:46:12.6373848Z' while content on disk has modification time of '2024-12-05T16:46:47.2999686Z'
  ERROR: Build asset version error: assets/scripts/scenemanagercontroller.cs in SourceAssetDB has modification time of '2024-12-05T16:46:12.6373848Z' while content on disk has modification time of '2024-12-05T16:46:47.2999686Z'
Number of updated asset objects reloaded before import = 0
Number of asset objects unloaded after import = 0
========================================================================
Received Import Request.
  Time since last request: 0.016217 seconds.
  path: Assets/Scripts/SceneManagerController.cs
  artifactKey: Guid(f8c1f5b52e608604e99a51b88c3fb697) Importer(815301076,1909f56bfc062723c751e8b465ee728b)
Start importing Assets/Scripts/SceneManagerController.cs using Guid(f8c1f5b52e608604e99a51b88c3fb697) Importer(815301076,1909f56bfc062723c751e8b465ee728b) [PhysX] Initialized MultithreadedTaskDispatcher with 4 workers.
 -> (artifact id: '00000000000000000000000000000000') in 0.002988 seconds
Import Error Code:(4)
Message: Build asset version error: assets/scripts/scenemanagercontroller.cs in SourceAssetDB has modification time of '2024-12-05T16:46:12.6373848Z' while content on disk has modification time of '2024-12-05T16:46:47.2999686Z'
  ERROR: Build asset version error: assets/scripts/scenemanagercontroller.cs in SourceAssetDB has modification time of '2024-12-05T16:46:12.6373848Z' while content on disk has modification time of '2024-12-05T16:46:47.2999686Z'
Number of updated asset objects reloaded before import = 0
Number of asset objects unloaded after import = 0
========================================================================
Received Import Request.
  Time since last request: 0.015628 seconds.
  path: Assets/Scripts/SceneManagerController.cs
  artifactKey: Guid(f8c1f5b52e608604e99a51b88c3fb697) Importer(815301076,1909f56bfc062723c751e8b465ee728b)
Start importing Assets/Scripts/SceneManagerController.cs using Guid(f8c1f5b52e608604e99a51b88c3fb697) Importer(815301076,1909f56bfc062723c751e8b465ee728b) [PhysX] Initialized MultithreadedTaskDispatcher with 4 workers.
 -> (artifact id: '00000000000000000000000000000000') in 0.001310 seconds
Import Error Code:(4)
Message: Build asset version error: assets/scripts/scenemanagercontroller.cs in SourceAssetDB has modification time of '2024-12-05T16:46:12.6373848Z' while content on disk has modification time of '2024-12-05T16:46:47.2999686Z'
  ERROR: Build asset version error: assets/scripts/scenemanagercontroller.cs in SourceAssetDB has modification time of '2024-12-05T16:46:12.6373848Z' while content on disk has modification time of '2024-12-05T16:46:47.2999686Z'
Number of updated asset objects reloaded before import = 0
Number of asset objects unloaded after import = 0
========================================================================
Received Import Request.
  Time since last request: 0.016842 seconds.
  path: Assets/Scripts/SceneManagerController.cs
  artifactKey: Guid(f8c1f5b52e608604e99a51b88c3fb697) Importer(815301076,1909f56bfc062723c751e8b465ee728b)
Start importing Assets/Scripts/SceneManagerController.cs using Guid(f8c1f5b52e608604e99a51b88c3fb697) Importer(815301076,1909f56bfc062723c751e8b465ee728b) [PhysX] Initialized MultithreadedTaskDispatcher with 4 workers.
 -> (artifact id: '00000000000000000000000000000000') in 0.001460 seconds
Import Error Code:(4)
Message: Build asset version error: assets/scripts/scenemanagercontroller.cs in SourceAssetDB has modification time of '2024-12-05T16:46:12.6373848Z' while content on disk has modification time of '2024-12-05T16:46:47.2999686Z'
  ERROR: Build asset version error: assets/scripts/scenemanagercontroller.cs in SourceAssetDB has modification time of '2024-12-05T16:46:12.6373848Z' while content on disk has modification time of '2024-12-05T16:46:47.2999686Z'
Number of updated asset objects reloaded before import = 0
Number of asset objects unloaded after import = 0
========================================================================
Received Import Request.
  Time since last request: 0.017625 seconds.
  path: Assets/Scripts/SceneManagerController.cs
  artifactKey: Guid(f8c1f5b52e608604e99a51b88c3fb697) Importer(815301076,1909f56bfc062723c751e8b465ee728b)
Start importing Assets/Scripts/SceneManagerController.cs using Guid(f8c1f5b52e608604e99a51b88c3fb697) Importer(815301076,1909f56bfc062723c751e8b465ee728b) [PhysX] Initialized MultithreadedTaskDispatcher with 4 workers.
 -> (artifact id: '00000000000000000000000000000000') in 0.001400 seconds
Import Error Code:(4)
Message: Build asset version error: assets/scripts/scenemanagercontroller.cs in SourceAssetDB has modification time of '2024-12-05T16:46:12.6373848Z' while content on disk has modification time of '2024-12-05T16:46:47.2999686Z'
  ERROR: Build asset version error: assets/scripts/scenemanagercontroller.cs in SourceAssetDB has modification time of '2024-12-05T16:46:12.6373848Z' while content on disk has modification time of '2024-12-05T16:46:47.2999686Z'
Number of updated asset objects reloaded before import = 0
Number of asset objects unloaded after import = 0
========================================================================
Received Import Request.
  Time since last request: 0.016865 seconds.
  path: Assets/Scripts/SceneManagerController.cs
  artifactKey: Guid(f8c1f5b52e608604e99a51b88c3fb697) Importer(815301076,1909f56bfc062723c751e8b465ee728b)
Start importing Assets/Scripts/SceneManagerController.cs using Guid(f8c1f5b52e608604e99a51b88c3fb697) Importer(815301076,1909f56bfc062723c751e8b465ee728b) [PhysX] Initialized MultithreadedTaskDispatcher with 4 workers.
 -> (artifact id: '00000000000000000000000000000000') in 0.001566 seconds
Import Error Code:(4)
Message: Build asset version error: assets/scripts/scenemanagercontroller.cs in SourceAssetDB has modification time of '2024-12-05T16:46:12.6373848Z' while content on disk has modification time of '2024-12-05T16:46:47.2999686Z'
  ERROR: Build asset version error: assets/scripts/scenemanagercontroller.cs in SourceAssetDB has modification time of '2024-12-05T16:46:12.6373848Z' while content on disk has modification time of '2024-12-05T16:46:47.2999686Z'
Number of updated asset objects reloaded before import = 0
Number of asset objects unloaded after import = 0
========================================================================
Received Import Request.
  Time since last request: 0.016462 seconds.
  path: Assets/Scripts/SceneManagerController.cs
  artifactKey: Guid(f8c1f5b52e608604e99a51b88c3fb697) Importer(815301076,1909f56bfc062723c751e8b465ee728b)
Start importing Assets/Scripts/SceneManagerController.cs using Guid(f8c1f5b52e608604e99a51b88c3fb697) Importer(815301076,1909f56bfc062723c751e8b465ee728b) [PhysX] Initialized MultithreadedTaskDispatcher with 4 workers.
 -> (artifact id: '00000000000000000000000000000000') in 0.001176 seconds
Import Error Code:(4)
Message: Build asset version error: assets/scripts/scenemanagercontroller.cs in SourceAssetDB has modification time of '2024-12-05T16:46:12.6373848Z' while content on disk has modification time of '2024-12-05T16:46:47.2999686Z'
  ERROR: Build asset version error: assets/scripts/scenemanagercontroller.cs in SourceAssetDB has modification time of '2024-12-05T16:46:12.6373848Z' while content on disk has modification time of '2024-12-05T16:46:47.2999686Z'
Number of updated asset objects reloaded before import = 0
Number of asset objects unloaded after import = 0
========================================================================
Received Import Request.
  Time since last request: 0.015912 seconds.
  path: Assets/Scripts/SceneManagerController.cs
  artifactKey: Guid(f8c1f5b52e608604e99a51b88c3fb697) Importer(815301076,1909f56bfc062723c751e8b465ee728b)
Start importing Assets/Scripts/SceneManagerController.cs using Guid(f8c1f5b52e608604e99a51b88c3fb697) Importer(815301076,1909f56bfc062723c751e8b465ee728b) [PhysX] Initialized MultithreadedTaskDispatcher with 4 workers.
 -> (artifact id: '00000000000000000000000000000000') in 0.001128 seconds
Import Error Code:(4)
Message: Build asset version error: assets/scripts/scenemanagercontroller.cs in SourceAssetDB has modification time of '2024-12-05T16:46:12.6373848Z' while content on disk has modification time of '2024-12-05T16:46:47.2999686Z'
  ERROR: Build asset version error: assets/scripts/scenemanagercontroller.cs in SourceAssetDB has modification time of '2024-12-05T16:46:12.6373848Z' while content on disk has modification time of '2024-12-05T16:46:47.2999686Z'
Number of updated asset objects reloaded before import = 0
Number of asset objects unloaded after import = 0
========================================================================
Received Import Request.
  Time since last request: 0.013987 seconds.
  path: Assets/Scripts/SceneManagerController.cs
  artifactKey: Guid(f8c1f5b52e608604e99a51b88c3fb697) Importer(815301076,1909f56bfc062723c751e8b465ee728b)
Start importing Assets/Scripts/SceneManagerController.cs using Guid(f8c1f5b52e608604e99a51b88c3fb697) Importer(815301076,1909f56bfc062723c751e8b465ee728b) [PhysX] Initialized MultithreadedTaskDispatcher with 4 workers.
 -> (artifact id: '00000000000000000000000000000000') in 0.001857 seconds
Import Error Code:(4)
Message: Build asset version error: assets/scripts/scenemanagercontroller.cs in SourceAssetDB has modification time of '2024-12-05T16:46:12.6373848Z' while content on disk has modification time of '2024-12-05T16:46:47.2999686Z'
  ERROR: Build asset version error: assets/scripts/scenemanagercontroller.cs in SourceAssetDB has modification time of '2024-12-05T16:46:12.6373848Z' while content on disk has modification time of '2024-12-05T16:46:47.2999686Z'
Number of updated asset objects reloaded before import = 0
Number of asset objects unloaded after import = 0
========================================================================
Received Import Request.
  Time since last request: 0.015845 seconds.
  path: Assets/Scripts/SceneManagerController.cs
  artifactKey: Guid(f8c1f5b52e608604e99a51b88c3fb697) Importer(815301076,1909f56bfc062723c751e8b465ee728b)
Start importing Assets/Scripts/SceneManagerController.cs using Guid(f8c1f5b52e608604e99a51b88c3fb697) Importer(815301076,1909f56bfc062723c751e8b465ee728b) [PhysX] Initialized MultithreadedTaskDispatcher with 4 workers.
 -> (artifact id: '00000000000000000000000000000000') in 0.001069 seconds
Import Error Code:(4)
Message: Build asset version error: assets/scripts/scenemanagercontroller.cs in SourceAssetDB has modification time of '2024-12-05T16:46:12.6373848Z' while content on disk has modification time of '2024-12-05T16:46:47.2999686Z'
  ERROR: Build asset version error: assets/scripts/scenemanagercontroller.cs in SourceAssetDB has modification time of '2024-12-05T16:46:12.6373848Z' while content on disk has modification time of '2024-12-05T16:46:47.2999686Z'
Number of updated asset objects reloaded before import = 0
Number of asset objects unloaded after import = 0
========================================================================
Received Import Request.
  Time since last request: 0.015613 seconds.
  path: Assets/Scripts/SceneManagerController.cs
  artifactKey: Guid(f8c1f5b52e608604e99a51b88c3fb697) Importer(815301076,1909f56bfc062723c751e8b465ee728b)
Start importing Assets/Scripts/SceneManagerController.cs using Guid(f8c1f5b52e608604e99a51b88c3fb697) Importer(815301076,1909f56bfc062723c751e8b465ee728b) [PhysX] Initialized MultithreadedTaskDispatcher with 4 workers.
 -> (artifact id: '00000000000000000000000000000000') in 0.001063 seconds
Import Error Code:(4)
Message: Build asset version error: assets/scripts/scenemanagercontroller.cs in SourceAssetDB has modification time of '2024-12-05T16:46:12.6373848Z' while content on disk has modification time of '2024-12-05T16:46:47.2999686Z'
  ERROR: Build asset version error: assets/scripts/scenemanagercontroller.cs in SourceAssetDB has modification time of '2024-12-05T16:46:12.6373848Z' while content on disk has modification time of '2024-12-05T16:46:47.2999686Z'
Number of updated asset objects reloaded before import = 0
Number of asset objects unloaded after import = 0
========================================================================
Received Import Request.
  Time since last request: 0.015938 seconds.
  path: Assets/Scripts/SceneManagerController.cs
  artifactKey: Guid(f8c1f5b52e608604e99a51b88c3fb697) Importer(815301076,1909f56bfc062723c751e8b465ee728b)
Start importing Assets/Scripts/SceneManagerController.cs using Guid(f8c1f5b52e608604e99a51b88c3fb697) Importer(815301076,1909f56bfc062723c751e8b465ee728b) [PhysX] Initialized MultithreadedTaskDispatcher with 4 workers.
 -> (artifact id: '00000000000000000000000000000000') in 0.003067 seconds
Import Error Code:(4)
Message: Build asset version error: assets/scripts/scenemanagercontroller.cs in SourceAssetDB has modification time of '2024-12-05T16:46:12.6373848Z' while content on disk has modification time of '2024-12-05T16:46:47.2999686Z'
  ERROR: Build asset version error: assets/scripts/scenemanagercontroller.cs in SourceAssetDB has modification time of '2024-12-05T16:46:12.6373848Z' while content on disk has modification time of '2024-12-05T16:46:47.2999686Z'
Number of updated asset objects reloaded before import = 0
Number of asset objects unloaded after import = 0
========================================================================
Received Import Request.
  Time since last request: 0.002046 seconds.
  path: Assets/Scripts/SceneManagerController.cs
  artifactKey: Guid(f8c1f5b52e608604e99a51b88c3fb697) Importer(815301076,1909f56bfc062723c751e8b465ee728b)
Start importing Assets/Scripts/SceneManagerController.cs using Guid(f8c1f5b52e608604e99a51b88c3fb697) Importer(815301076,1909f56bfc062723c751e8b465ee728b) [PhysX] Initialized MultithreadedTaskDispatcher with 4 workers.
 -> (artifact id: '00000000000000000000000000000000') in 0.008173 seconds
Import Error Code:(4)
Message: Build asset version error: assets/scripts/scenemanagercontroller.cs in SourceAssetDB has modification time of '2024-12-05T16:46:12.6373848Z' while content on disk has modification time of '2024-12-05T16:46:47.2999686Z'
  ERROR: Build asset version error: assets/scripts/scenemanagercontroller.cs in SourceAssetDB has modification time of '2024-12-05T16:46:12.6373848Z' while content on disk has modification time of '2024-12-05T16:46:47.2999686Z'
Number of updated asset objects reloaded before import = 0
Number of asset objects unloaded after import = 0
========================================================================
Received Import Request.
  Time since last request: 0.010552 seconds.
  path: Assets/Scripts/SceneManagerController.cs
  artifactKey: Guid(f8c1f5b52e608604e99a51b88c3fb697) Importer(815301076,1909f56bfc062723c751e8b465ee728b)
Start importing Assets/Scripts/SceneManagerController.cs using Guid(f8c1f5b52e608604e99a51b88c3fb697) Importer(815301076,1909f56bfc062723c751e8b465ee728b) [PhysX] Initialized MultithreadedTaskDispatcher with 4 workers.
 -> (artifact id: '00000000000000000000000000000000') in 0.001250 seconds
Import Error Code:(4)
Message: Build asset version error: assets/scripts/scenemanagercontroller.cs in SourceAssetDB has modification time of '2024-12-05T16:46:12.6373848Z' while content on disk has modification time of '2024-12-05T16:46:47.2999686Z'
  ERROR: Build asset version error: assets/scripts/scenemanagercontroller.cs in SourceAssetDB has modification time of '2024-12-05T16:46:12.6373848Z' while content on disk has modification time of '2024-12-05T16:46:47.2999686Z'
Number of updated asset objects reloaded before import = 0
Number of asset objects unloaded after import = 0
========================================================================
Received Import Request.
  Time since last request: 0.016531 seconds.
  path: Assets/Scripts/SceneManagerController.cs
  artifactKey: Guid(f8c1f5b52e608604e99a51b88c3fb697) Importer(815301076,1909f56bfc062723c751e8b465ee728b)
Start importing Assets/Scripts/SceneManagerController.cs using Guid(f8c1f5b52e608604e99a51b88c3fb697) Importer(815301076,1909f56bfc062723c751e8b465ee728b) [PhysX] Initialized MultithreadedTaskDispatcher with 4 workers.
 -> (artifact id: '00000000000000000000000000000000') in 0.001277 seconds
Import Error Code:(4)
Message: Build asset version error: assets/scripts/scenemanagercontroller.cs in SourceAssetDB has modification time of '2024-12-05T16:46:12.6373848Z' while content on disk has modification time of '2024-12-05T16:46:47.2999686Z'
  ERROR: Build asset version error: assets/scripts/scenemanagercontroller.cs in SourceAssetDB has modification time of '2024-12-05T16:46:12.6373848Z' while content on disk has modification time of '2024-12-05T16:46:47.2999686Z'
Number of updated asset objects reloaded before import = 0
Number of asset objects unloaded after import = 0
========================================================================
Received Import Request.
  Time since last request: 0.016119 seconds.
  path: Assets/Scripts/SceneManagerController.cs
  artifactKey: Guid(f8c1f5b52e608604e99a51b88c3fb697) Importer(815301076,1909f56bfc062723c751e8b465ee728b)
Start importing Assets/Scripts/SceneManagerController.cs using Guid(f8c1f5b52e608604e99a51b88c3fb697) Importer(815301076,1909f56bfc062723c751e8b465ee728b) [PhysX] Initialized MultithreadedTaskDispatcher with 4 workers.
 -> (artifact id: '00000000000000000000000000000000') in 0.001414 seconds
Import Error Code:(4)
Message: Build asset version error: assets/scripts/scenemanagercontroller.cs in SourceAssetDB has modification time of '2024-12-05T16:46:12.6373848Z' while content on disk has modification time of '2024-12-05T16:46:47.2999686Z'
  ERROR: Build asset version error: assets/scripts/scenemanagercontroller.cs in SourceAssetDB has modification time of '2024-12-05T16:46:12.6373848Z' while content on disk has modification time of '2024-12-05T16:46:47.2999686Z'
Number of updated asset objects reloaded before import = 0
Number of asset objects unloaded after import = 0
========================================================================
Received Import Request.
  Time since last request: 0.015373 seconds.
  path: Assets/Scripts/SceneManagerController.cs
  artifactKey: Guid(f8c1f5b52e608604e99a51b88c3fb697) Importer(815301076,1909f56bfc062723c751e8b465ee728b)
Start importing Assets/Scripts/SceneManagerController.cs using Guid(f8c1f5b52e608604e99a51b88c3fb697) Importer(815301076,1909f56bfc062723c751e8b465ee728b) [PhysX] Initialized MultithreadedTaskDispatcher with 4 workers.
 -> (artifact id: '00000000000000000000000000000000') in 0.001176 seconds
Import Error Code:(4)
Message: Build asset version error: assets/scripts/scenemanagercontroller.cs in SourceAssetDB has modification time of '2024-12-05T16:46:12.6373848Z' while content on disk has modification time of '2024-12-05T16:46:47.2999686Z'
  ERROR: Build asset version error: assets/scripts/scenemanagercontroller.cs in SourceAssetDB has modification time of '2024-12-05T16:46:12.6373848Z' while content on disk has modification time of '2024-12-05T16:46:47.2999686Z'
Number of updated asset objects reloaded before import = 0
Number of asset objects unloaded after import = 0
========================================================================
Received Import Request.
  Time since last request: 0.017020 seconds.
  path: Assets/Scripts/SceneManagerController.cs
  artifactKey: Guid(f8c1f5b52e608604e99a51b88c3fb697) Importer(815301076,1909f56bfc062723c751e8b465ee728b)
Start importing Assets/Scripts/SceneManagerController.cs using Guid(f8c1f5b52e608604e99a51b88c3fb697) Importer(815301076,1909f56bfc062723c751e8b465ee728b) [PhysX] Initialized MultithreadedTaskDispatcher with 4 workers.
 -> (artifact id: '00000000000000000000000000000000') in 0.001020 seconds
Import Error Code:(4)
Message: Build asset version error: assets/scripts/scenemanagercontroller.cs in SourceAssetDB has modification time of '2024-12-05T16:46:12.6373848Z' while content on disk has modification time of '2024-12-05T16:46:47.2999686Z'
  ERROR: Build asset version error: assets/scripts/scenemanagercontroller.cs in SourceAssetDB has modification time of '2024-12-05T16:46:12.6373848Z' while content on disk has modification time of '2024-12-05T16:46:47.2999686Z'
Number of updated asset objects reloaded before import = 0
Number of asset objects unloaded after import = 0
========================================================================
Received Import Request.
  Time since last request: 0.016195 seconds.
  path: Assets/Scripts/SceneManagerController.cs
  artifactKey: Guid(f8c1f5b52e608604e99a51b88c3fb697) Importer(815301076,1909f56bfc062723c751e8b465ee728b)
Start importing Assets/Scripts/SceneManagerController.cs using Guid(f8c1f5b52e608604e99a51b88c3fb697) Importer(815301076,1909f56bfc062723c751e8b465ee728b) [PhysX] Initialized MultithreadedTaskDispatcher with 4 workers.
 -> (artifact id: '00000000000000000000000000000000') in 0.001075 seconds
Import Error Code:(4)
Message: Build asset version error: assets/scripts/scenemanagercontroller.cs in SourceAssetDB has modification time of '2024-12-05T16:46:12.6373848Z' while content on disk has modification time of '2024-12-05T16:46:47.2999686Z'
  ERROR: Build asset version error: assets/scripts/scenemanagercontroller.cs in SourceAssetDB has modification time of '2024-12-05T16:46:12.6373848Z' while content on disk has modification time of '2024-12-05T16:46:47.2999686Z'
Number of updated asset objects reloaded before import = 0
Number of asset objects unloaded after import = 0
========================================================================
Received Import Request.
  Time since last request: 0.015664 seconds.
  path: Assets/Scripts/SceneManagerController.cs
  artifactKey: Guid(f8c1f5b52e608604e99a51b88c3fb697) Importer(815301076,1909f56bfc062723c751e8b465ee728b)
Start importing Assets/Scripts/SceneManagerController.cs using Guid(f8c1f5b52e608604e99a51b88c3fb697) Importer(815301076,1909f56bfc062723c751e8b465ee728b) [PhysX] Initialized MultithreadedTaskDispatcher with 4 workers.
 -> (artifact id: '00000000000000000000000000000000') in 0.001510 seconds
Import Error Code:(4)
Message: Build asset version error: assets/scripts/scenemanagercontroller.cs in SourceAssetDB has modification time of '2024-12-05T16:46:12.6373848Z' while content on disk has modification time of '2024-12-05T16:46:47.2999686Z'
  ERROR: Build asset version error: assets/scripts/scenemanagercontroller.cs in SourceAssetDB has modification time of '2024-12-05T16:46:12.6373848Z' while content on disk has modification time of '2024-12-05T16:46:47.2999686Z'
Number of updated asset objects reloaded before import = 0
Number of asset objects unloaded after import = 0
========================================================================
Received Import Request.
  Time since last request: 0.015262 seconds.
  path: Assets/Scripts/SceneManagerController.cs
  artifactKey: Guid(f8c1f5b52e608604e99a51b88c3fb697) Importer(815301076,1909f56bfc062723c751e8b465ee728b)
Start importing Assets/Scripts/SceneManagerController.cs using Guid(f8c1f5b52e608604e99a51b88c3fb697) Importer(815301076,1909f56bfc062723c751e8b465ee728b) [PhysX] Initialized MultithreadedTaskDispatcher with 4 workers.
 -> (artifact id: '00000000000000000000000000000000') in 0.001312 seconds
Import Error Code:(4)
Message: Build asset version error: assets/scripts/scenemanagercontroller.cs in SourceAssetDB has modification time of '2024-12-05T16:46:12.6373848Z' while content on disk has modification time of '2024-12-05T16:46:47.2999686Z'
  ERROR: Build asset version error: assets/scripts/scenemanagercontroller.cs in SourceAssetDB has modification time of '2024-12-05T16:46:12.6373848Z' while content on disk has modification time of '2024-12-05T16:46:47.2999686Z'
Number of updated asset objects reloaded before import = 0
Number of asset objects unloaded after import = 0
========================================================================
Received Import Request.
  Time since last request: 0.016758 seconds.
  path: Assets/Scripts/SceneManagerController.cs
  artifactKey: Guid(f8c1f5b52e608604e99a51b88c3fb697) Importer(815301076,1909f56bfc062723c751e8b465ee728b)
Start importing Assets/Scripts/SceneManagerController.cs using Guid(f8c1f5b52e608604e99a51b88c3fb697) Importer(815301076,1909f56bfc062723c751e8b465ee728b) [PhysX] Initialized MultithreadedTaskDispatcher with 4 workers.
 -> (artifact id: '00000000000000000000000000000000') in 0.001091 seconds
Import Error Code:(4)
Message: Build asset version error: assets/scripts/scenemanagercontroller.cs in SourceAssetDB has modification time of '2024-12-05T16:46:12.6373848Z' while content on disk has modification time of '2024-12-05T16:46:47.2999686Z'
  ERROR: Build asset version error: assets/scripts/scenemanagercontroller.cs in SourceAssetDB has modification time of '2024-12-05T16:46:12.6373848Z' while content on disk has modification time of '2024-12-05T16:46:47.2999686Z'
Number of updated asset objects reloaded before import = 0
Number of asset objects unloaded after import = 0
========================================================================
Received Import Request.
  Time since last request: 0.016538 seconds.
  path: Assets/Scripts/SceneManagerController.cs
  artifactKey: Guid(f8c1f5b52e608604e99a51b88c3fb697) Importer(815301076,1909f56bfc062723c751e8b465ee728b)
Start importing Assets/Scripts/SceneManagerController.cs using Guid(f8c1f5b52e608604e99a51b88c3fb697) Importer(815301076,1909f56bfc062723c751e8b465ee728b) [PhysX] Initialized MultithreadedTaskDispatcher with 4 workers.
 -> (artifact id: '00000000000000000000000000000000') in 0.001310 seconds
Import Error Code:(4)
Message: Build asset version error: assets/scripts/scenemanagercontroller.cs in SourceAssetDB has modification time of '2024-12-05T16:46:12.6373848Z' while content on disk has modification time of '2024-12-05T16:46:47.2999686Z'
  ERROR: Build asset version error: assets/scripts/scenemanagercontroller.cs in SourceAssetDB has modification time of '2024-12-05T16:46:12.6373848Z' while content on disk has modification time of '2024-12-05T16:46:47.2999686Z'
Number of updated asset objects reloaded before import = 0
Number of asset objects unloaded after import = 0
========================================================================
Received Import Request.
  Time since last request: 0.016265 seconds.
  path: Assets/Scripts/SceneManagerController.cs
  artifactKey: Guid(f8c1f5b52e608604e99a51b88c3fb697) Importer(815301076,1909f56bfc062723c751e8b465ee728b)
Start importing Assets/Scripts/SceneManagerController.cs using Guid(f8c1f5b52e608604e99a51b88c3fb697) Importer(815301076,1909f56bfc062723c751e8b465ee728b) [PhysX] Initialized MultithreadedTaskDispatcher with 4 workers.
 -> (artifact id: '00000000000000000000000000000000') in 0.001541 seconds
Import Error Code:(4)
Message: Build asset version error: assets/scripts/scenemanagercontroller.cs in SourceAssetDB has modification time of '2024-12-05T16:46:12.6373848Z' while content on disk has modification time of '2024-12-05T16:46:47.2999686Z'
  ERROR: Build asset version error: assets/scripts/scenemanagercontroller.cs in SourceAssetDB has modification time of '2024-12-05T16:46:12.6373848Z' while content on disk has modification time of '2024-12-05T16:46:47.2999686Z'
Number of updated asset objects reloaded before import = 0
Number of asset objects unloaded after import = 0
========================================================================
Received Import Request.
  Time since last request: 0.014741 seconds.
  path: Assets/Scripts/SceneManagerController.cs
  artifactKey: Guid(f8c1f5b52e608604e99a51b88c3fb697) Importer(815301076,1909f56bfc062723c751e8b465ee728b)
Start importing Assets/Scripts/SceneManagerController.cs using Guid(f8c1f5b52e608604e99a51b88c3fb697) Importer(815301076,1909f56bfc062723c751e8b465ee728b) [PhysX] Initialized MultithreadedTaskDispatcher with 4 workers.
 -> (artifact id: '00000000000000000000000000000000') in 0.001092 seconds
Import Error Code:(4)
Message: Build asset version error: assets/scripts/scenemanagercontroller.cs in SourceAssetDB has modification time of '2024-12-05T16:46:12.6373848Z' while content on disk has modification time of '2024-12-05T16:46:47.2999686Z'
  ERROR: Build asset version error: assets/scripts/scenemanagercontroller.cs in SourceAssetDB has modification time of '2024-12-05T16:46:12.6373848Z' while content on disk has modification time of '2024-12-05T16:46:47.2999686Z'
Number of updated asset objects reloaded before import = 0
Number of asset objects unloaded after import = 0
========================================================================
Received Import Request.
  Time since last request: 0.015258 seconds.
  path: Assets/Scripts/SceneManagerController.cs
  artifactKey: Guid(f8c1f5b52e608604e99a51b88c3fb697) Importer(815301076,1909f56bfc062723c751e8b465ee728b)
Start importing Assets/Scripts/SceneManagerController.cs using Guid(f8c1f5b52e608604e99a51b88c3fb697) Importer(815301076,1909f56bfc062723c751e8b465ee728b) [PhysX] Initialized MultithreadedTaskDispatcher with 4 workers.
 -> (artifact id: '00000000000000000000000000000000') in 0.001234 seconds
Import Error Code:(4)
Message: Build asset version error: assets/scripts/scenemanagercontroller.cs in SourceAssetDB has modification time of '2024-12-05T16:46:12.6373848Z' while content on disk has modification time of '2024-12-05T16:46:47.2999686Z'
  ERROR: Build asset version error: assets/scripts/scenemanagercontroller.cs in SourceAssetDB has modification time of '2024-12-05T16:46:12.6373848Z' while content on disk has modification time of '2024-12-05T16:46:47.2999686Z'
Number of updated asset objects reloaded before import = 0
Number of asset objects unloaded after import = 0
========================================================================
Received Import Request.
  Time since last request: 0.015613 seconds.
  path: Assets/Scripts/SceneManagerController.cs
  artifactKey: Guid(f8c1f5b52e608604e99a51b88c3fb697) Importer(815301076,1909f56bfc062723c751e8b465ee728b)
Start importing Assets/Scripts/SceneManagerController.cs using Guid(f8c1f5b52e608604e99a51b88c3fb697) Importer(815301076,1909f56bfc062723c751e8b465ee728b) [PhysX] Initialized MultithreadedTaskDispatcher with 4 workers.
 -> (artifact id: '00000000000000000000000000000000') in 0.001120 seconds
Import Error Code:(4)
Message: Build asset version error: assets/scripts/scenemanagercontroller.cs in SourceAssetDB has modification time of '2024-12-05T16:46:12.6373848Z' while content on disk has modification time of '2024-12-05T16:46:47.2999686Z'
  ERROR: Build asset version error: assets/scripts/scenemanagercontroller.cs in SourceAssetDB has modification time of '2024-12-05T16:46:12.6373848Z' while content on disk has modification time of '2024-12-05T16:46:47.2999686Z'
Number of updated asset objects reloaded before import = 0
Number of asset objects unloaded after import = 0
========================================================================
Received Import Request.
  Time since last request: 0.016349 seconds.
  path: Assets/Scripts/SceneManagerController.cs
  artifactKey: Guid(f8c1f5b52e608604e99a51b88c3fb697) Importer(815301076,1909f56bfc062723c751e8b465ee728b)
Start importing Assets/Scripts/SceneManagerController.cs using Guid(f8c1f5b52e608604e99a51b88c3fb697) Importer(815301076,1909f56bfc062723c751e8b465ee728b) [PhysX] Initialized MultithreadedTaskDispatcher with 4 workers.
 -> (artifact id: '00000000000000000000000000000000') in 0.001506 seconds
Import Error Code:(4)
Message: Build asset version error: assets/scripts/scenemanagercontroller.cs in SourceAssetDB has modification time of '2024-12-05T16:46:12.6373848Z' while content on disk has modification time of '2024-12-05T16:46:47.2999686Z'
  ERROR: Build asset version error: assets/scripts/scenemanagercontroller.cs in SourceAssetDB has modification time of '2024-12-05T16:46:12.6373848Z' while content on disk has modification time of '2024-12-05T16:46:47.2999686Z'
Number of updated asset objects reloaded before import = 0
Number of asset objects unloaded after import = 0
========================================================================
Received Import Request.
  Time since last request: 0.015989 seconds.
  path: Assets/Scripts/SceneManagerController.cs
  artifactKey: Guid(f8c1f5b52e608604e99a51b88c3fb697) Importer(815301076,1909f56bfc062723c751e8b465ee728b)
Start importing Assets/Scripts/SceneManagerController.cs using Guid(f8c1f5b52e608604e99a51b88c3fb697) Importer(815301076,1909f56bfc062723c751e8b465ee728b) [PhysX] Initialized MultithreadedTaskDispatcher with 4 workers.
 -> (artifact id: '00000000000000000000000000000000') in 0.001452 seconds
Import Error Code:(4)
Message: Build asset version error: assets/scripts/scenemanagercontroller.cs in SourceAssetDB has modification time of '2024-12-05T16:46:12.6373848Z' while content on disk has modification time of '2024-12-05T16:46:47.2999686Z'
  ERROR: Build asset version error: assets/scripts/scenemanagercontroller.cs in SourceAssetDB has modification time of '2024-12-05T16:46:12.6373848Z' while content on disk has modification time of '2024-12-05T16:46:47.2999686Z'
Number of updated asset objects reloaded before import = 0
Number of asset objects unloaded after import = 0
========================================================================
Received Import Request.
  Time since last request: 0.016980 seconds.
  path: Assets/Scripts/SceneManagerController.cs
  artifactKey: Guid(f8c1f5b52e608604e99a51b88c3fb697) Importer(815301076,1909f56bfc062723c751e8b465ee728b)
Start importing Assets/Scripts/SceneManagerController.cs using Guid(f8c1f5b52e608604e99a51b88c3fb697) Importer(815301076,1909f56bfc062723c751e8b465ee728b) [PhysX] Initialized MultithreadedTaskDispatcher with 4 workers.
 -> (artifact id: '00000000000000000000000000000000') in 0.001541 seconds
Import Error Code:(4)
Message: Build asset version error: assets/scripts/scenemanagercontroller.cs in SourceAssetDB has modification time of '2024-12-05T16:46:12.6373848Z' while content on disk has modification time of '2024-12-05T16:46:47.2999686Z'
  ERROR: Build asset version error: assets/scripts/scenemanagercontroller.cs in SourceAssetDB has modification time of '2024-12-05T16:46:12.6373848Z' while content on disk has modification time of '2024-12-05T16:46:47.2999686Z'
Number of updated asset objects reloaded before import = 0
Number of asset objects unloaded after import = 0
========================================================================
Received Import Request.
  Time since last request: 0.015103 seconds.
  path: Assets/Scripts/SceneManagerController.cs
  artifactKey: Guid(f8c1f5b52e608604e99a51b88c3fb697) Importer(815301076,1909f56bfc062723c751e8b465ee728b)
Start importing Assets/Scripts/SceneManagerController.cs using Guid(f8c1f5b52e608604e99a51b88c3fb697) Importer(815301076,1909f56bfc062723c751e8b465ee728b) [PhysX] Initialized MultithreadedTaskDispatcher with 4 workers.
 -> (artifact id: '00000000000000000000000000000000') in 0.001059 seconds
Import Error Code:(4)
Message: Build asset version error: assets/scripts/scenemanagercontroller.cs in SourceAssetDB has modification time of '2024-12-05T16:46:12.6373848Z' while content on disk has modification time of '2024-12-05T16:46:47.2999686Z'
  ERROR: Build asset version error: assets/scripts/scenemanagercontroller.cs in SourceAssetDB has modification time of '2024-12-05T16:46:12.6373848Z' while content on disk has modification time of '2024-12-05T16:46:47.2999686Z'
Number of updated asset objects reloaded before import = 0
Number of asset objects unloaded after import = 0
========================================================================
Received Import Request.
  Time since last request: 0.015112 seconds.
  path: Assets/Scripts/SceneManagerController.cs
  artifactKey: Guid(f8c1f5b52e608604e99a51b88c3fb697) Importer(815301076,1909f56bfc062723c751e8b465ee728b)
Start importing Assets/Scripts/SceneManagerController.cs using Guid(f8c1f5b52e608604e99a51b88c3fb697) Importer(815301076,1909f56bfc062723c751e8b465ee728b) [PhysX] Initialized MultithreadedTaskDispatcher with 4 workers.
 -> (artifact id: '00000000000000000000000000000000') in 0.001028 seconds
Import Error Code:(4)
Message: Build asset version error: assets/scripts/scenemanagercontroller.cs in SourceAssetDB has modification time of '2024-12-05T16:46:12.6373848Z' while content on disk has modification time of '2024-12-05T16:46:47.2999686Z'
  ERROR: Build asset version error: assets/scripts/scenemanagercontroller.cs in SourceAssetDB has modification time of '2024-12-05T16:46:12.6373848Z' while content on disk has modification time of '2024-12-05T16:46:47.2999686Z'
Number of updated asset objects reloaded before import = 0
Number of asset objects unloaded after import = 0
========================================================================
Received Import Request.
  Time since last request: 0.016627 seconds.
  path: Assets/Scripts/SceneManagerController.cs
  artifactKey: Guid(f8c1f5b52e608604e99a51b88c3fb697) Importer(815301076,1909f56bfc062723c751e8b465ee728b)
Start importing Assets/Scripts/SceneManagerController.cs using Guid(f8c1f5b52e608604e99a51b88c3fb697) Importer(815301076,1909f56bfc062723c751e8b465ee728b) [PhysX] Initialized MultithreadedTaskDispatcher with 4 workers.
 -> (artifact id: '00000000000000000000000000000000') in 0.001267 seconds
Import Error Code:(4)
Message: Build asset version error: assets/scripts/scenemanagercontroller.cs in SourceAssetDB has modification time of '2024-12-05T16:46:12.6373848Z' while content on disk has modification time of '2024-12-05T16:46:47.2999686Z'
  ERROR: Build asset version error: assets/scripts/scenemanagercontroller.cs in SourceAssetDB has modification time of '2024-12-05T16:46:12.6373848Z' while content on disk has modification time of '2024-12-05T16:46:47.2999686Z'
Number of updated asset objects reloaded before import = 0
Number of asset objects unloaded after import = 0
========================================================================
Received Import Request.
  Time since last request: 0.015403 seconds.
  path: Assets/Scripts/SceneManagerController.cs
  artifactKey: Guid(f8c1f5b52e608604e99a51b88c3fb697) Importer(815301076,1909f56bfc062723c751e8b465ee728b)
Start importing Assets/Scripts/SceneManagerController.cs using Guid(f8c1f5b52e608604e99a51b88c3fb697) Importer(815301076,1909f56bfc062723c751e8b465ee728b) [PhysX] Initialized MultithreadedTaskDispatcher with 4 workers.
 -> (artifact id: '00000000000000000000000000000000') in 0.001326 seconds
Import Error Code:(4)
Message: Build asset version error: assets/scripts/scenemanagercontroller.cs in SourceAssetDB has modification time of '2024-12-05T16:46:12.6373848Z' while content on disk has modification time of '2024-12-05T16:46:47.2999686Z'
  ERROR: Build asset version error: assets/scripts/scenemanagercontroller.cs in SourceAssetDB has modification time of '2024-12-05T16:46:12.6373848Z' while content on disk has modification time of '2024-12-05T16:46:47.2999686Z'
Number of updated asset objects reloaded before import = 0
Number of asset objects unloaded after import = 0
========================================================================
Received Import Request.
  Time since last request: 0.015816 seconds.
  path: Assets/Scripts/SceneManagerController.cs
  artifactKey: Guid(f8c1f5b52e608604e99a51b88c3fb697) Importer(815301076,1909f56bfc062723c751e8b465ee728b)
Start importing Assets/Scripts/SceneManagerController.cs using Guid(f8c1f5b52e608604e99a51b88c3fb697) Importer(815301076,1909f56bfc062723c751e8b465ee728b) [PhysX] Initialized MultithreadedTaskDispatcher with 4 workers.
 -> (artifact id: '00000000000000000000000000000000') in 0.001323 seconds
Import Error Code:(4)
Message: Build asset version error: assets/scripts/scenemanagercontroller.cs in SourceAssetDB has modification time of '2024-12-05T16:46:12.6373848Z' while content on disk has modification time of '2024-12-05T16:46:47.2999686Z'
  ERROR: Build asset version error: assets/scripts/scenemanagercontroller.cs in SourceAssetDB has modification time of '2024-12-05T16:46:12.6373848Z' while content on disk has modification time of '2024-12-05T16:46:47.2999686Z'
Number of updated asset objects reloaded before import = 0
Number of asset objects unloaded after import = 0
========================================================================
Received Import Request.
  Time since last request: 0.016644 seconds.
  path: Assets/Scripts/SceneManagerController.cs
  artifactKey: Guid(f8c1f5b52e608604e99a51b88c3fb697) Importer(815301076,1909f56bfc062723c751e8b465ee728b)
Start importing Assets/Scripts/SceneManagerController.cs using Guid(f8c1f5b52e608604e99a51b88c3fb697) Importer(815301076,1909f56bfc062723c751e8b465ee728b) [PhysX] Initialized MultithreadedTaskDispatcher with 4 workers.
 -> (artifact id: '00000000000000000000000000000000') in 0.001323 seconds
Import Error Code:(4)
Message: Build asset version error: assets/scripts/scenemanagercontroller.cs in SourceAssetDB has modification time of '2024-12-05T16:46:12.6373848Z' while content on disk has modification time of '2024-12-05T16:46:47.2999686Z'
  ERROR: Build asset version error: assets/scripts/scenemanagercontroller.cs in SourceAssetDB has modification time of '2024-12-05T16:46:12.6373848Z' while content on disk has modification time of '2024-12-05T16:46:47.2999686Z'
Number of updated asset objects reloaded before import = 0
Number of asset objects unloaded after import = 0
========================================================================
Received Import Request.
  Time since last request: 0.015874 seconds.
  path: Assets/Scripts/SceneManagerController.cs
  artifactKey: Guid(f8c1f5b52e608604e99a51b88c3fb697) Importer(815301076,1909f56bfc062723c751e8b465ee728b)
Start importing Assets/Scripts/SceneManagerController.cs using Guid(f8c1f5b52e608604e99a51b88c3fb697) Importer(815301076,1909f56bfc062723c751e8b465ee728b) [PhysX] Initialized MultithreadedTaskDispatcher with 4 workers.
 -> (artifact id: '00000000000000000000000000000000') in 0.001164 seconds
Import Error Code:(4)
Message: Build asset version error: assets/scripts/scenemanagercontroller.cs in SourceAssetDB has modification time of '2024-12-05T16:46:12.6373848Z' while content on disk has modification time of '2024-12-05T16:46:47.2999686Z'
  ERROR: Build asset version error: assets/scripts/scenemanagercontroller.cs in SourceAssetDB has modification time of '2024-12-05T16:46:12.6373848Z' while content on disk has modification time of '2024-12-05T16:46:47.2999686Z'
Number of updated asset objects reloaded before import = 0
Number of asset objects unloaded after import = 0
========================================================================
Received Import Request.
  Time since last request: 0.016740 seconds.
  path: Assets/Scripts/SceneManagerController.cs
  artifactKey: Guid(f8c1f5b52e608604e99a51b88c3fb697) Importer(815301076,1909f56bfc062723c751e8b465ee728b)
Start importing Assets/Scripts/SceneManagerController.cs using Guid(f8c1f5b52e608604e99a51b88c3fb697) Importer(815301076,1909f56bfc062723c751e8b465ee728b) [PhysX] Initialized MultithreadedTaskDispatcher with 4 workers.
 -> (artifact id: '00000000000000000000000000000000') in 0.001547 seconds
Import Error Code:(4)
Message: Build asset version error: assets/scripts/scenemanagercontroller.cs in SourceAssetDB has modification time of '2024-12-05T16:46:12.6373848Z' while content on disk has modification time of '2024-12-05T16:46:47.2999686Z'
  ERROR: Build asset version error: assets/scripts/scenemanagercontroller.cs in SourceAssetDB has modification time of '2024-12-05T16:46:12.6373848Z' while content on disk has modification time of '2024-12-05T16:46:47.2999686Z'
Number of updated asset objects reloaded before import = 0
Number of asset objects unloaded after import = 0
========================================================================
Received Import Request.
  Time since last request: 0.014750 seconds.
  path: Assets/Scripts/SceneManagerController.cs
  artifactKey: Guid(f8c1f5b52e608604e99a51b88c3fb697) Importer(815301076,1909f56bfc062723c751e8b465ee728b)
Start importing Assets/Scripts/SceneManagerController.cs using Guid(f8c1f5b52e608604e99a51b88c3fb697) Importer(815301076,1909f56bfc062723c751e8b465ee728b) [PhysX] Initialized MultithreadedTaskDispatcher with 4 workers.
 -> (artifact id: '00000000000000000000000000000000') in 0.001061 seconds
Import Error Code:(4)
Message: Build asset version error: assets/scripts/scenemanagercontroller.cs in SourceAssetDB has modification time of '2024-12-05T16:46:12.6373848Z' while content on disk has modification time of '2024-12-05T16:46:47.2999686Z'
  ERROR: Build asset version error: assets/scripts/scenemanagercontroller.cs in SourceAssetDB has modification time of '2024-12-05T16:46:12.6373848Z' while content on disk has modification time of '2024-12-05T16:46:47.2999686Z'
Number of updated asset objects reloaded before import = 0
Number of asset objects unloaded after import = 0
========================================================================
Received Import Request.
  Time since last request: 0.016572 seconds.
  path: Assets/Scripts/SceneManagerController.cs
  artifactKey: Guid(f8c1f5b52e608604e99a51b88c3fb697) Importer(815301076,1909f56bfc062723c751e8b465ee728b)
Start importing Assets/Scripts/SceneManagerController.cs using Guid(f8c1f5b52e608604e99a51b88c3fb697) Importer(815301076,1909f56bfc062723c751e8b465ee728b) [PhysX] Initialized MultithreadedTaskDispatcher with 4 workers.
 -> (artifact id: '00000000000000000000000000000000') in 0.001368 seconds
Import Error Code:(4)
Message: Build asset version error: assets/scripts/scenemanagercontroller.cs in SourceAssetDB has modification time of '2024-12-05T16:46:12.6373848Z' while content on disk has modification time of '2024-12-05T16:46:47.2999686Z'
  ERROR: Build asset version error: assets/scripts/scenemanagercontroller.cs in SourceAssetDB has modification time of '2024-12-05T16:46:12.6373848Z' while content on disk has modification time of '2024-12-05T16:46:47.2999686Z'
Number of updated asset objects reloaded before import = 0
Number of asset objects unloaded after import = 0
========================================================================
Received Import Request.
  Time since last request: 0.019140 seconds.
  path: Assets/Scripts/SceneManagerController.cs
  artifactKey: Guid(f8c1f5b52e608604e99a51b88c3fb697) Importer(815301076,1909f56bfc062723c751e8b465ee728b)
Start importing Assets/Scripts/SceneManagerController.cs using Guid(f8c1f5b52e608604e99a51b88c3fb697) Importer(815301076,1909f56bfc062723c751e8b465ee728b) [PhysX] Initialized MultithreadedTaskDispatcher with 4 workers.
 -> (artifact id: '00000000000000000000000000000000') in 0.002007 seconds
Import Error Code:(4)
Message: Build asset version error: assets/scripts/scenemanagercontroller.cs in SourceAssetDB has modification time of '2024-12-05T16:46:12.6373848Z' while content on disk has modification time of '2024-12-05T16:46:47.2999686Z'
  ERROR: Build asset version error: assets/scripts/scenemanagercontroller.cs in SourceAssetDB has modification time of '2024-12-05T16:46:12.6373848Z' while content on disk has modification time of '2024-12-05T16:46:47.2999686Z'
Number of updated asset objects reloaded before import = 0
Number of asset objects unloaded after import = 0
========================================================================
Received Import Request.
  Time since last request: 0.018274 seconds.
  path: Assets/Scripts/SceneManagerController.cs
  artifactKey: Guid(f8c1f5b52e608604e99a51b88c3fb697) Importer(815301076,1909f56bfc062723c751e8b465ee728b)
Start importing Assets/Scripts/SceneManagerController.cs using Guid(f8c1f5b52e608604e99a51b88c3fb697) Importer(815301076,1909f56bfc062723c751e8b465ee728b) [PhysX] Initialized MultithreadedTaskDispatcher with 4 workers.
 -> (artifact id: '00000000000000000000000000000000') in 0.001365 seconds
Import Error Code:(4)
Message: Build asset version error: assets/scripts/scenemanagercontroller.cs in SourceAssetDB has modification time of '2024-12-05T16:46:12.6373848Z' while content on disk has modification time of '2024-12-05T16:46:47.2999686Z'
  ERROR: Build asset version error: assets/scripts/scenemanagercontroller.cs in SourceAssetDB has modification time of '2024-12-05T16:46:12.6373848Z' while content on disk has modification time of '2024-12-05T16:46:47.2999686Z'
Number of updated asset objects reloaded before import = 0
Number of asset objects unloaded after import = 0
========================================================================
Received Import Request.
  Time since last request: 0.016674 seconds.
  path: Assets/Scripts/SceneManagerController.cs
  artifactKey: Guid(f8c1f5b52e608604e99a51b88c3fb697) Importer(815301076,1909f56bfc062723c751e8b465ee728b)
Start importing Assets/Scripts/SceneManagerController.cs using Guid(f8c1f5b52e608604e99a51b88c3fb697) Importer(815301076,1909f56bfc062723c751e8b465ee728b) [PhysX] Initialized MultithreadedTaskDispatcher with 4 workers.
 -> (artifact id: '00000000000000000000000000000000') in 0.001452 seconds
Import Error Code:(4)
Message: Build asset version error: assets/scripts/scenemanagercontroller.cs in SourceAssetDB has modification time of '2024-12-05T16:46:12.6373848Z' while content on disk has modification time of '2024-12-05T16:46:47.2999686Z'
  ERROR: Build asset version error: assets/scripts/scenemanagercontroller.cs in SourceAssetDB has modification time of '2024-12-05T16:46:12.6373848Z' while content on disk has modification time of '2024-12-05T16:46:47.2999686Z'
Number of updated asset objects reloaded before import = 0
Number of asset objects unloaded after import = 0
========================================================================
Received Import Request.
  Time since last request: 0.016115 seconds.
  path: Assets/Scripts/SceneManagerController.cs
  artifactKey: Guid(f8c1f5b52e608604e99a51b88c3fb697) Importer(815301076,1909f56bfc062723c751e8b465ee728b)
Start importing Assets/Scripts/SceneManagerController.cs using Guid(f8c1f5b52e608604e99a51b88c3fb697) Importer(815301076,1909f56bfc062723c751e8b465ee728b) [PhysX] Initialized MultithreadedTaskDispatcher with 4 workers.
 -> (artifact id: '00000000000000000000000000000000') in 0.001186 seconds
Import Error Code:(4)
Message: Build asset version error: assets/scripts/scenemanagercontroller.cs in SourceAssetDB has modification time of '2024-12-05T16:46:12.6373848Z' while content on disk has modification time of '2024-12-05T16:46:47.2999686Z'
  ERROR: Build asset version error: assets/scripts/scenemanagercontroller.cs in SourceAssetDB has modification time of '2024-12-05T16:46:12.6373848Z' while content on disk has modification time of '2024-12-05T16:46:47.2999686Z'
Number of updated asset objects reloaded before import = 0
Number of asset objects unloaded after import = 0
========================================================================
Received Import Request.
  Time since last request: 0.016628 seconds.
  path: Assets/Scripts/SceneManagerController.cs
  artifactKey: Guid(f8c1f5b52e608604e99a51b88c3fb697) Importer(815301076,1909f56bfc062723c751e8b465ee728b)
Start importing Assets/Scripts/SceneManagerController.cs using Guid(f8c1f5b52e608604e99a51b88c3fb697) Importer(815301076,1909f56bfc062723c751e8b465ee728b) [PhysX] Initialized MultithreadedTaskDispatcher with 4 workers.
 -> (artifact id: '00000000000000000000000000000000') in 0.001032 seconds
Import Error Code:(4)
Message: Build asset version error: assets/scripts/scenemanagercontroller.cs in SourceAssetDB has modification time of '2024-12-05T16:46:12.6373848Z' while content on disk has modification time of '2024-12-05T16:46:47.2999686Z'
  ERROR: Build asset version error: assets/scripts/scenemanagercontroller.cs in SourceAssetDB has modification time of '2024-12-05T16:46:12.6373848Z' while content on disk has modification time of '2024-12-05T16:46:47.2999686Z'
Number of updated asset objects reloaded before import = 0
Number of asset objects unloaded after import = 0
========================================================================
Received Import Request.
  Time since last request: 0.017468 seconds.
  path: Assets/Scripts/SceneManagerController.cs
  artifactKey: Guid(f8c1f5b52e608604e99a51b88c3fb697) Importer(815301076,1909f56bfc062723c751e8b465ee728b)
Start importing Assets/Scripts/SceneManagerController.cs using Guid(f8c1f5b52e608604e99a51b88c3fb697) Importer(815301076,1909f56bfc062723c751e8b465ee728b) [PhysX] Initialized MultithreadedTaskDispatcher with 4 workers.
 -> (artifact id: '00000000000000000000000000000000') in 0.001233 seconds
Import Error Code:(4)
Message: Build asset version error: assets/scripts/scenemanagercontroller.cs in SourceAssetDB has modification time of '2024-12-05T16:46:12.6373848Z' while content on disk has modification time of '2024-12-05T16:46:47.2999686Z'
  ERROR: Build asset version error: assets/scripts/scenemanagercontroller.cs in SourceAssetDB has modification time of '2024-12-05T16:46:12.6373848Z' while content on disk has modification time of '2024-12-05T16:46:47.2999686Z'
Number of updated asset objects reloaded before import = 0
Number of asset objects unloaded after import = 0
========================================================================
Received Import Request.
  Time since last request: 0.015598 seconds.
  path: Assets/Scripts/SceneManagerController.cs
  artifactKey: Guid(f8c1f5b52e608604e99a51b88c3fb697) Importer(815301076,1909f56bfc062723c751e8b465ee728b)
Start importing Assets/Scripts/SceneManagerController.cs using Guid(f8c1f5b52e608604e99a51b88c3fb697) Importer(815301076,1909f56bfc062723c751e8b465ee728b) [PhysX] Initialized MultithreadedTaskDispatcher with 4 workers.
 -> (artifact id: '00000000000000000000000000000000') in 0.001068 seconds
Import Error Code:(4)
Message: Build asset version error: assets/scripts/scenemanagercontroller.cs in SourceAssetDB has modification time of '2024-12-05T16:46:12.6373848Z' while content on disk has modification time of '2024-12-05T16:46:47.2999686Z'
  ERROR: Build asset version error: assets/scripts/scenemanagercontroller.cs in SourceAssetDB has modification time of '2024-12-05T16:46:12.6373848Z' while content on disk has modification time of '2024-12-05T16:46:47.2999686Z'
Number of updated asset objects reloaded before import = 0
Number of asset objects unloaded after import = 0
========================================================================
Received Import Request.
  Time since last request: 0.019781 seconds.
  path: Assets/Scripts/SceneManagerController.cs
  artifactKey: Guid(f8c1f5b52e608604e99a51b88c3fb697) Importer(815301076,1909f56bfc062723c751e8b465ee728b)
Start importing Assets/Scripts/SceneManagerController.cs using Guid(f8c1f5b52e608604e99a51b88c3fb697) Importer(815301076,1909f56bfc062723c751e8b465ee728b) [PhysX] Initialized MultithreadedTaskDispatcher with 4 workers.
 -> (artifact id: '00000000000000000000000000000000') in 0.002225 seconds
Import Error Code:(4)
Message: Build asset version error: assets/scripts/scenemanagercontroller.cs in SourceAssetDB has modification time of '2024-12-05T16:46:12.6373848Z' while content on disk has modification time of '2024-12-05T16:46:47.2999686Z'
  ERROR: Build asset version error: assets/scripts/scenemanagercontroller.cs in SourceAssetDB has modification time of '2024-12-05T16:46:12.6373848Z' while content on disk has modification time of '2024-12-05T16:46:47.2999686Z'
Number of updated asset objects reloaded before import = 0
Number of asset objects unloaded after import = 0
========================================================================
Received Import Request.
  Time since last request: 0.018547 seconds.
  path: Assets/Scripts/SceneManagerController.cs
  artifactKey: Guid(f8c1f5b52e608604e99a51b88c3fb697) Importer(815301076,1909f56bfc062723c751e8b465ee728b)
Start importing Assets/Scripts/SceneManagerController.cs using Guid(f8c1f5b52e608604e99a51b88c3fb697) Importer(815301076,1909f56bfc062723c751e8b465ee728b) [PhysX] Initialized MultithreadedTaskDispatcher with 4 workers.
 -> (artifact id: '00000000000000000000000000000000') in 0.001338 seconds
Import Error Code:(4)
Message: Build asset version error: assets/scripts/scenemanagercontroller.cs in SourceAssetDB has modification time of '2024-12-05T16:46:12.6373848Z' while content on disk has modification time of '2024-12-05T16:46:47.2999686Z'
  ERROR: Build asset version error: assets/scripts/scenemanagercontroller.cs in SourceAssetDB has modification time of '2024-12-05T16:46:12.6373848Z' while content on disk has modification time of '2024-12-05T16:46:47.2999686Z'
Number of updated asset objects reloaded before import = 0
Number of asset objects unloaded after import = 0
========================================================================
Received Import Request.
  Time since last request: 0.017397 seconds.
  path: Assets/Scripts/SceneManagerController.cs
  artifactKey: Guid(f8c1f5b52e608604e99a51b88c3fb697) Importer(815301076,1909f56bfc062723c751e8b465ee728b)
Start importing Assets/Scripts/SceneManagerController.cs using Guid(f8c1f5b52e608604e99a51b88c3fb697) Importer(815301076,1909f56bfc062723c751e8b465ee728b) [PhysX] Initialized MultithreadedTaskDispatcher with 4 workers.
 -> (artifact id: '00000000000000000000000000000000') in 0.001332 seconds
Import Error Code:(4)
Message: Build asset version error: assets/scripts/scenemanagercontroller.cs in SourceAssetDB has modification time of '2024-12-05T16:46:12.6373848Z' while content on disk has modification time of '2024-12-05T16:46:47.2999686Z'
  ERROR: Build asset version error: assets/scripts/scenemanagercontroller.cs in SourceAssetDB has modification time of '2024-12-05T16:46:12.6373848Z' while content on disk has modification time of '2024-12-05T16:46:47.2999686Z'
Number of updated asset objects reloaded before import = 0
Number of asset objects unloaded after import = 0
========================================================================
Received Import Request.
  Time since last request: 0.017546 seconds.
  path: Assets/Scripts/SceneManagerController.cs
  artifactKey: Guid(f8c1f5b52e608604e99a51b88c3fb697) Importer(815301076,1909f56bfc062723c751e8b465ee728b)
Start importing Assets/Scripts/SceneManagerController.cs using Guid(f8c1f5b52e608604e99a51b88c3fb697) Importer(815301076,1909f56bfc062723c751e8b465ee728b) [PhysX] Initialized MultithreadedTaskDispatcher with 4 workers.
 -> (artifact id: '00000000000000000000000000000000') in 0.001466 seconds
Import Error Code:(4)
Message: Build asset version error: assets/scripts/scenemanagercontroller.cs in SourceAssetDB has modification time of '2024-12-05T16:46:12.6373848Z' while content on disk has modification time of '2024-12-05T16:46:47.2999686Z'
  ERROR: Build asset version error: assets/scripts/scenemanagercontroller.cs in SourceAssetDB has modification time of '2024-12-05T16:46:12.6373848Z' while content on disk has modification time of '2024-12-05T16:46:47.2999686Z'
Number of updated asset objects reloaded before import = 0
Number of asset objects unloaded after import = 0
========================================================================
Received Import Request.
  Time since last request: 0.015695 seconds.
  path: Assets/Scripts/SceneManagerController.cs
  artifactKey: Guid(f8c1f5b52e608604e99a51b88c3fb697) Importer(815301076,1909f56bfc062723c751e8b465ee728b)
Start importing Assets/Scripts/SceneManagerController.cs using Guid(f8c1f5b52e608604e99a51b88c3fb697) Importer(815301076,1909f56bfc062723c751e8b465ee728b) [PhysX] Initialized MultithreadedTaskDispatcher with 4 workers.
 -> (artifact id: '00000000000000000000000000000000') in 0.001253 seconds
Import Error Code:(4)
Message: Build asset version error: assets/scripts/scenemanagercontroller.cs in SourceAssetDB has modification time of '2024-12-05T16:46:12.6373848Z' while content on disk has modification time of '2024-12-05T16:46:47.2999686Z'
  ERROR: Build asset version error: assets/scripts/scenemanagercontroller.cs in SourceAssetDB has modification time of '2024-12-05T16:46:12.6373848Z' while content on disk has modification time of '2024-12-05T16:46:47.2999686Z'
Number of updated asset objects reloaded before import = 0
Number of asset objects unloaded after import = 0
========================================================================
Received Import Request.
  Time since last request: 0.015315 seconds.
  path: Assets/Scripts/SceneManagerController.cs
  artifactKey: Guid(f8c1f5b52e608604e99a51b88c3fb697) Importer(815301076,1909f56bfc062723c751e8b465ee728b)
Start importing Assets/Scripts/SceneManagerController.cs using Guid(f8c1f5b52e608604e99a51b88c3fb697) Importer(815301076,1909f56bfc062723c751e8b465ee728b) [PhysX] Initialized MultithreadedTaskDispatcher with 4 workers.
 -> (artifact id: '00000000000000000000000000000000') in 0.001127 seconds
Import Error Code:(4)
Message: Build asset version error: assets/scripts/scenemanagercontroller.cs in SourceAssetDB has modification time of '2024-12-05T16:46:12.6373848Z' while content on disk has modification time of '2024-12-05T16:46:47.2999686Z'
  ERROR: Build asset version error: assets/scripts/scenemanagercontroller.cs in SourceAssetDB has modification time of '2024-12-05T16:46:12.6373848Z' while content on disk has modification time of '2024-12-05T16:46:47.2999686Z'
Number of updated asset objects reloaded before import = 0
Number of asset objects unloaded after import = 0
========================================================================
Received Import Request.
  Time since last request: 0.014112 seconds.
  path: Assets/Scripts/SceneManagerController.cs
  artifactKey: Guid(f8c1f5b52e608604e99a51b88c3fb697) Importer(815301076,1909f56bfc062723c751e8b465ee728b)
Start importing Assets/Scripts/SceneManagerController.cs using Guid(f8c1f5b52e608604e99a51b88c3fb697) Importer(815301076,1909f56bfc062723c751e8b465ee728b) [PhysX] Initialized MultithreadedTaskDispatcher with 4 workers.
 -> (artifact id: '00000000000000000000000000000000') in 0.001243 seconds
Import Error Code:(4)
Message: Build asset version error: assets/scripts/scenemanagercontroller.cs in SourceAssetDB has modification time of '2024-12-05T16:46:12.6373848Z' while content on disk has modification time of '2024-12-05T16:46:47.2999686Z'
  ERROR: Build asset version error: assets/scripts/scenemanagercontroller.cs in SourceAssetDB has modification time of '2024-12-05T16:46:12.6373848Z' while content on disk has modification time of '2024-12-05T16:46:47.2999686Z'
Number of updated asset objects reloaded before import = 0
Number of asset objects unloaded after import = 0
========================================================================
Received Import Request.
  Time since last request: 0.015278 seconds.
  path: Assets/Scripts/SceneManagerController.cs
  artifactKey: Guid(f8c1f5b52e608604e99a51b88c3fb697) Importer(815301076,1909f56bfc062723c751e8b465ee728b)
Start importing Assets/Scripts/SceneManagerController.cs using Guid(f8c1f5b52e608604e99a51b88c3fb697) Importer(815301076,1909f56bfc062723c751e8b465ee728b) [PhysX] Initialized MultithreadedTaskDispatcher with 4 workers.
 -> (artifact id: '00000000000000000000000000000000') in 0.001604 seconds
Import Error Code:(4)
Message: Build asset version error: assets/scripts/scenemanagercontroller.cs in SourceAssetDB has modification time of '2024-12-05T16:46:12.6373848Z' while content on disk has modification time of '2024-12-05T16:46:47.2999686Z'
  ERROR: Build asset version error: assets/scripts/scenemanagercontroller.cs in SourceAssetDB has modification time of '2024-12-05T16:46:12.6373848Z' while content on disk has modification time of '2024-12-05T16:46:47.2999686Z'
Number of updated asset objects reloaded before import = 0
Number of asset objects unloaded after import = 0
========================================================================
Received Import Request.
  Time since last request: 0.015852 seconds.
  path: Assets/Scripts/SceneManagerController.cs
  artifactKey: Guid(f8c1f5b52e608604e99a51b88c3fb697) Importer(815301076,1909f56bfc062723c751e8b465ee728b)
Start importing Assets/Scripts/SceneManagerController.cs using Guid(f8c1f5b52e608604e99a51b88c3fb697) Importer(815301076,1909f56bfc062723c751e8b465ee728b) [PhysX] Initialized MultithreadedTaskDispatcher with 4 workers.
 -> (artifact id: '00000000000000000000000000000000') in 0.001182 seconds
Import Error Code:(4)
Message: Build asset version error: assets/scripts/scenemanagercontroller.cs in SourceAssetDB has modification time of '2024-12-05T16:46:12.6373848Z' while content on disk has modification time of '2024-12-05T16:46:47.2999686Z'
  ERROR: Build asset version error: assets/scripts/scenemanagercontroller.cs in SourceAssetDB has modification time of '2024-12-05T16:46:12.6373848Z' while content on disk has modification time of '2024-12-05T16:46:47.2999686Z'
Number of updated asset objects reloaded before import = 0
Number of asset objects unloaded after import = 0
========================================================================
Received Import Request.
  Time since last request: 0.017142 seconds.
  path: Assets/Scripts/SceneManagerController.cs
  artifactKey: Guid(f8c1f5b52e608604e99a51b88c3fb697) Importer(815301076,1909f56bfc062723c751e8b465ee728b)
Start importing Assets/Scripts/SceneManagerController.cs using Guid(f8c1f5b52e608604e99a51b88c3fb697) Importer(815301076,1909f56bfc062723c751e8b465ee728b) [PhysX] Initialized MultithreadedTaskDispatcher with 4 workers.
 -> (artifact id: '00000000000000000000000000000000') in 0.001358 seconds
Import Error Code:(4)
Message: Build asset version error: assets/scripts/scenemanagercontroller.cs in SourceAssetDB has modification time of '2024-12-05T16:46:12.6373848Z' while content on disk has modification time of '2024-12-05T16:46:47.2999686Z'
  ERROR: Build asset version error: assets/scripts/scenemanagercontroller.cs in SourceAssetDB has modification time of '2024-12-05T16:46:12.6373848Z' while content on disk has modification time of '2024-12-05T16:46:47.2999686Z'
Number of updated asset objects reloaded before import = 0
Number of asset objects unloaded after import = 0
========================================================================
Received Import Request.
  Time since last request: 0.015200 seconds.
  path: Assets/Scripts/SceneManagerController.cs
  artifactKey: Guid(f8c1f5b52e608604e99a51b88c3fb697) Importer(815301076,1909f56bfc062723c751e8b465ee728b)
Start importing Assets/Scripts/SceneManagerController.cs using Guid(f8c1f5b52e608604e99a51b88c3fb697) Importer(815301076,1909f56bfc062723c751e8b465ee728b) [PhysX] Initialized MultithreadedTaskDispatcher with 4 workers.
 -> (artifact id: '00000000000000000000000000000000') in 0.001527 seconds
Import Error Code:(4)
Message: Build asset version error: assets/scripts/scenemanagercontroller.cs in SourceAssetDB has modification time of '2024-12-05T16:46:12.6373848Z' while content on disk has modification time of '2024-12-05T16:46:47.2999686Z'
  ERROR: Build asset version error: assets/scripts/scenemanagercontroller.cs in SourceAssetDB has modification time of '2024-12-05T16:46:12.6373848Z' while content on disk has modification time of '2024-12-05T16:46:47.2999686Z'
Number of updated asset objects reloaded before import = 0
Number of asset objects unloaded after import = 0
========================================================================
Received Import Request.
  Time since last request: 0.015895 seconds.
  path: Assets/Scripts/SceneManagerController.cs
  artifactKey: Guid(f8c1f5b52e608604e99a51b88c3fb697) Importer(815301076,1909f56bfc062723c751e8b465ee728b)
Start importing Assets/Scripts/SceneManagerController.cs using Guid(f8c1f5b52e608604e99a51b88c3fb697) Importer(815301076,1909f56bfc062723c751e8b465ee728b) [PhysX] Initialized MultithreadedTaskDispatcher with 4 workers.
 -> (artifact id: '00000000000000000000000000000000') in 0.001060 seconds
Import Error Code:(4)
Message: Build asset version error: assets/scripts/scenemanagercontroller.cs in SourceAssetDB has modification time of '2024-12-05T16:46:12.6373848Z' while content on disk has modification time of '2024-12-05T16:46:47.2999686Z'
  ERROR: Build asset version error: assets/scripts/scenemanagercontroller.cs in SourceAssetDB has modification time of '2024-12-05T16:46:12.6373848Z' while content on disk has modification time of '2024-12-05T16:46:47.2999686Z'
Number of updated asset objects reloaded before import = 0
Number of asset objects unloaded after import = 0
========================================================================
Received Import Request.
  Time since last request: 0.016674 seconds.
  path: Assets/Scripts/SceneManagerController.cs
  artifactKey: Guid(f8c1f5b52e608604e99a51b88c3fb697) Importer(815301076,1909f56bfc062723c751e8b465ee728b)
Start importing Assets/Scripts/SceneManagerController.cs using Guid(f8c1f5b52e608604e99a51b88c3fb697) Importer(815301076,1909f56bfc062723c751e8b465ee728b) [PhysX] Initialized MultithreadedTaskDispatcher with 4 workers.
 -> (artifact id: '00000000000000000000000000000000') in 0.001136 seconds
Import Error Code:(4)
Message: Build asset version error: assets/scripts/scenemanagercontroller.cs in SourceAssetDB has modification time of '2024-12-05T16:46:12.6373848Z' while content on disk has modification time of '2024-12-05T16:46:47.2999686Z'
  ERROR: Build asset version error: assets/scripts/scenemanagercontroller.cs in SourceAssetDB has modification time of '2024-12-05T16:46:12.6373848Z' while content on disk has modification time of '2024-12-05T16:46:47.2999686Z'
Number of updated asset objects reloaded before import = 0
Number of asset objects unloaded after import = 0
========================================================================
Received Import Request.
  Time since last request: 0.016211 seconds.
  path: Assets/Scripts/SceneManagerController.cs
  artifactKey: Guid(f8c1f5b52e608604e99a51b88c3fb697) Importer(815301076,1909f56bfc062723c751e8b465ee728b)
Start importing Assets/Scripts/SceneManagerController.cs using Guid(f8c1f5b52e608604e99a51b88c3fb697) Importer(815301076,1909f56bfc062723c751e8b465ee728b) [PhysX] Initialized MultithreadedTaskDispatcher with 4 workers.
 -> (artifact id: '00000000000000000000000000000000') in 0.001150 seconds
Import Error Code:(4)
Message: Build asset version error: assets/scripts/scenemanagercontroller.cs in SourceAssetDB has modification time of '2024-12-05T16:46:12.6373848Z' while content on disk has modification time of '2024-12-05T16:46:47.2999686Z'
  ERROR: Build asset version error: assets/scripts/scenemanagercontroller.cs in SourceAssetDB has modification time of '2024-12-05T16:46:12.6373848Z' while content on disk has modification time of '2024-12-05T16:46:47.2999686Z'
Number of updated asset objects reloaded before import = 0
Number of asset objects unloaded after import = 0
========================================================================
Received Import Request.
  Time since last request: 0.018894 seconds.
  path: Assets/Scripts/SceneManagerController.cs
  artifactKey: Guid(f8c1f5b52e608604e99a51b88c3fb697) Importer(815301076,1909f56bfc062723c751e8b465ee728b)
Start importing Assets/Scripts/SceneManagerController.cs using Guid(f8c1f5b52e608604e99a51b88c3fb697) Importer(815301076,1909f56bfc062723c751e8b465ee728b) [PhysX] Initialized MultithreadedTaskDispatcher with 4 workers.
 -> (artifact id: '00000000000000000000000000000000') in 0.002508 seconds
Import Error Code:(4)
Message: Build asset version error: assets/scripts/scenemanagercontroller.cs in SourceAssetDB has modification time of '2024-12-05T16:46:12.6373848Z' while content on disk has modification time of '2024-12-05T16:46:47.2999686Z'
  ERROR: Build asset version error: assets/scripts/scenemanagercontroller.cs in SourceAssetDB has modification time of '2024-12-05T16:46:12.6373848Z' while content on disk has modification time of '2024-12-05T16:46:47.2999686Z'
Number of updated asset objects reloaded before import = 0
Number of asset objects unloaded after import = 0
========================================================================
Received Import Request.
  Time since last request: 0.017453 seconds.
  path: Assets/Scripts/SceneManagerController.cs
  artifactKey: Guid(f8c1f5b52e608604e99a51b88c3fb697) Importer(815301076,1909f56bfc062723c751e8b465ee728b)
Start importing Assets/Scripts/SceneManagerController.cs using Guid(f8c1f5b52e608604e99a51b88c3fb697) Importer(815301076,1909f56bfc062723c751e8b465ee728b) [PhysX] Initialized MultithreadedTaskDispatcher with 4 workers.
 -> (artifact id: '00000000000000000000000000000000') in 0.001171 seconds
Import Error Code:(4)
Message: Build asset version error: assets/scripts/scenemanagercontroller.cs in SourceAssetDB has modification time of '2024-12-05T16:46:12.6373848Z' while content on disk has modification time of '2024-12-05T16:46:47.2999686Z'
  ERROR: Build asset version error: assets/scripts/scenemanagercontroller.cs in SourceAssetDB has modification time of '2024-12-05T16:46:12.6373848Z' while content on disk has modification time of '2024-12-05T16:46:47.2999686Z'
Number of updated asset objects reloaded before import = 0
Number of asset objects unloaded after import = 0
========================================================================
Received Import Request.
  Time since last request: 0.017044 seconds.
  path: Assets/Scripts/SceneManagerController.cs
  artifactKey: Guid(f8c1f5b52e608604e99a51b88c3fb697) Importer(815301076,1909f56bfc062723c751e8b465ee728b)
Start importing Assets/Scripts/SceneManagerController.cs using Guid(f8c1f5b52e608604e99a51b88c3fb697) Importer(815301076,1909f56bfc062723c751e8b465ee728b) [PhysX] Initialized MultithreadedTaskDispatcher with 4 workers.
 -> (artifact id: '00000000000000000000000000000000') in 0.001187 seconds
Import Error Code:(4)
Message: Build asset version error: assets/scripts/scenemanagercontroller.cs in SourceAssetDB has modification time of '2024-12-05T16:46:12.6373848Z' while content on disk has modification time of '2024-12-05T16:46:47.2999686Z'
  ERROR: Build asset version error: assets/scripts/scenemanagercontroller.cs in SourceAssetDB has modification time of '2024-12-05T16:46:12.6373848Z' while content on disk has modification time of '2024-12-05T16:46:47.2999686Z'
Number of updated asset objects reloaded before import = 0
Number of asset objects unloaded after import = 0
========================================================================
Received Import Request.
  Time since last request: 0.019351 seconds.
  path: Assets/Scripts/SceneManagerController.cs
  artifactKey: Guid(f8c1f5b52e608604e99a51b88c3fb697) Importer(815301076,1909f56bfc062723c751e8b465ee728b)
Start importing Assets/Scripts/SceneManagerController.cs using Guid(f8c1f5b52e608604e99a51b88c3fb697) Importer(815301076,1909f56bfc062723c751e8b465ee728b) [PhysX] Initialized MultithreadedTaskDispatcher with 4 workers.
 -> (artifact id: '00000000000000000000000000000000') in 0.001133 seconds
Import Error Code:(4)
Message: Build asset version error: assets/scripts/scenemanagercontroller.cs in SourceAssetDB has modification time of '2024-12-05T16:46:12.6373848Z' while content on disk has modification time of '2024-12-05T16:46:47.2999686Z'
  ERROR: Build asset version error: assets/scripts/scenemanagercontroller.cs in SourceAssetDB has modification time of '2024-12-05T16:46:12.6373848Z' while content on disk has modification time of '2024-12-05T16:46:47.2999686Z'
Number of updated asset objects reloaded before import = 0
Number of asset objects unloaded after import = 0
========================================================================
Received Import Request.
  Time since last request: 0.019498 seconds.
  path: Assets/Scripts/SceneManagerController.cs
  artifactKey: Guid(f8c1f5b52e608604e99a51b88c3fb697) Importer(815301076,1909f56bfc062723c751e8b465ee728b)
Start importing Assets/Scripts/SceneManagerController.cs using Guid(f8c1f5b52e608604e99a51b88c3fb697) Importer(815301076,1909f56bfc062723c751e8b465ee728b) [PhysX] Initialized MultithreadedTaskDispatcher with 4 workers.
 -> (artifact id: '00000000000000000000000000000000') in 0.001352 seconds
Import Error Code:(4)
Message: Build asset version error: assets/scripts/scenemanagercontroller.cs in SourceAssetDB has modification time of '2024-12-05T16:46:12.6373848Z' while content on disk has modification time of '2024-12-05T16:46:47.2999686Z'
  ERROR: Build asset version error: assets/scripts/scenemanagercontroller.cs in SourceAssetDB has modification time of '2024-12-05T16:46:12.6373848Z' while content on disk has modification time of '2024-12-05T16:46:47.2999686Z'
Number of updated asset objects reloaded before import = 0
Number of asset objects unloaded after import = 0
========================================================================
Received Import Request.
  Time since last request: 0.014632 seconds.
  path: Assets/Scripts/SceneManagerController.cs
  artifactKey: Guid(f8c1f5b52e608604e99a51b88c3fb697) Importer(815301076,1909f56bfc062723c751e8b465ee728b)
Start importing Assets/Scripts/SceneManagerController.cs using Guid(f8c1f5b52e608604e99a51b88c3fb697) Importer(815301076,1909f56bfc062723c751e8b465ee728b) [PhysX] Initialized MultithreadedTaskDispatcher with 4 workers.
 -> (artifact id: '00000000000000000000000000000000') in 0.001224 seconds
Import Error Code:(4)
Message: Build asset version error: assets/scripts/scenemanagercontroller.cs in SourceAssetDB has modification time of '2024-12-05T16:46:12.6373848Z' while content on disk has modification time of '2024-12-05T16:46:47.2999686Z'
  ERROR: Build asset version error: assets/scripts/scenemanagercontroller.cs in SourceAssetDB has modification time of '2024-12-05T16:46:12.6373848Z' while content on disk has modification time of '2024-12-05T16:46:47.2999686Z'
Number of updated asset objects reloaded before import = 0
Number of asset objects unloaded after import = 0
========================================================================
Received Import Request.
  Time since last request: 0.015939 seconds.
  path: Assets/Scripts/SceneManagerController.cs
  artifactKey: Guid(f8c1f5b52e608604e99a51b88c3fb697) Importer(815301076,1909f56bfc062723c751e8b465ee728b)
Start importing Assets/Scripts/SceneManagerController.cs using Guid(f8c1f5b52e608604e99a51b88c3fb697) Importer(815301076,1909f56bfc062723c751e8b465ee728b) [PhysX] Initialized MultithreadedTaskDispatcher with 4 workers.
 -> (artifact id: '00000000000000000000000000000000') in 0.001195 seconds
Import Error Code:(4)
Message: Build asset version error: assets/scripts/scenemanagercontroller.cs in SourceAssetDB has modification time of '2024-12-05T16:46:12.6373848Z' while content on disk has modification time of '2024-12-05T16:46:47.2999686Z'
  ERROR: Build asset version error: assets/scripts/scenemanagercontroller.cs in SourceAssetDB has modification time of '2024-12-05T16:46:12.6373848Z' while content on disk has modification time of '2024-12-05T16:46:47.2999686Z'
Number of updated asset objects reloaded before import = 0
Number of asset objects unloaded after import = 0
========================================================================
Received Import Request.
  Time since last request: 0.015727 seconds.
  path: Assets/Scripts/SceneManagerController.cs
  artifactKey: Guid(f8c1f5b52e608604e99a51b88c3fb697) Importer(815301076,1909f56bfc062723c751e8b465ee728b)
Start importing Assets/Scripts/SceneManagerController.cs using Guid(f8c1f5b52e608604e99a51b88c3fb697) Importer(815301076,1909f56bfc062723c751e8b465ee728b) [PhysX] Initialized MultithreadedTaskDispatcher with 4 workers.
 -> (artifact id: '00000000000000000000000000000000') in 0.002081 seconds
Import Error Code:(4)
Message: Build asset version error: assets/scripts/scenemanagercontroller.cs in SourceAssetDB has modification time of '2024-12-05T16:46:12.6373848Z' while content on disk has modification time of '2024-12-05T16:46:47.2999686Z'
  ERROR: Build asset version error: assets/scripts/scenemanagercontroller.cs in SourceAssetDB has modification time of '2024-12-05T16:46:12.6373848Z' while content on disk has modification time of '2024-12-05T16:46:47.2999686Z'
Number of updated asset objects reloaded before import = 0
Number of asset objects unloaded after import = 0
========================================================================
Received Import Request.
  Time since last request: 0.015605 seconds.
  path: Assets/Scripts/SceneManagerController.cs
  artifactKey: Guid(f8c1f5b52e608604e99a51b88c3fb697) Importer(815301076,1909f56bfc062723c751e8b465ee728b)
Start importing Assets/Scripts/SceneManagerController.cs using Guid(f8c1f5b52e608604e99a51b88c3fb697) Importer(815301076,1909f56bfc062723c751e8b465ee728b) [PhysX] Initialized MultithreadedTaskDispatcher with 4 workers.
 -> (artifact id: '00000000000000000000000000000000') in 0.001126 seconds
Import Error Code:(4)
Message: Build asset version error: assets/scripts/scenemanagercontroller.cs in SourceAssetDB has modification time of '2024-12-05T16:46:12.6373848Z' while content on disk has modification time of '2024-12-05T16:46:47.2999686Z'
  ERROR: Build asset version error: assets/scripts/scenemanagercontroller.cs in SourceAssetDB has modification time of '2024-12-05T16:46:12.6373848Z' while content on disk has modification time of '2024-12-05T16:46:47.2999686Z'
Number of updated asset objects reloaded before import = 0
Number of asset objects unloaded after import = 0
========================================================================
Received Import Request.
  Time since last request: 0.017564 seconds.
  path: Assets/Scripts/SceneManagerController.cs
  artifactKey: Guid(f8c1f5b52e608604e99a51b88c3fb697) Importer(815301076,1909f56bfc062723c751e8b465ee728b)
Start importing Assets/Scripts/SceneManagerController.cs using Guid(f8c1f5b52e608604e99a51b88c3fb697) Importer(815301076,1909f56bfc062723c751e8b465ee728b) [PhysX] Initialized MultithreadedTaskDispatcher with 4 workers.
 -> (artifact id: '00000000000000000000000000000000') in 0.001972 seconds
Import Error Code:(4)
Message: Build asset version error: assets/scripts/scenemanagercontroller.cs in SourceAssetDB has modification time of '2024-12-05T16:46:12.6373848Z' while content on disk has modification time of '2024-12-05T16:46:47.2999686Z'
  ERROR: Build asset version error: assets/scripts/scenemanagercontroller.cs in SourceAssetDB has modification time of '2024-12-05T16:46:12.6373848Z' while content on disk has modification time of '2024-12-05T16:46:47.2999686Z'
Number of updated asset objects reloaded before import = 0
Number of asset objects unloaded after import = 0
========================================================================
Received Import Request.
  Time since last request: 0.019246 seconds.
  path: Assets/Scripts/SceneManagerController.cs
  artifactKey: Guid(f8c1f5b52e608604e99a51b88c3fb697) Importer(815301076,1909f56bfc062723c751e8b465ee728b)
Start importing Assets/Scripts/SceneManagerController.cs using Guid(f8c1f5b52e608604e99a51b88c3fb697) Importer(815301076,1909f56bfc062723c751e8b465ee728b) [PhysX] Initialized MultithreadedTaskDispatcher with 4 workers.
 -> (artifact id: '00000000000000000000000000000000') in 0.001676 seconds
Import Error Code:(4)
Message: Build asset version error: assets/scripts/scenemanagercontroller.cs in SourceAssetDB has modification time of '2024-12-05T16:46:12.6373848Z' while content on disk has modification time of '2024-12-05T16:46:47.2999686Z'
  ERROR: Build asset version error: assets/scripts/scenemanagercontroller.cs in SourceAssetDB has modification time of '2024-12-05T16:46:12.6373848Z' while content on disk has modification time of '2024-12-05T16:46:47.2999686Z'
Number of updated asset objects reloaded before import = 0
Number of asset objects unloaded after import = 0
========================================================================
Received Import Request.
  Time since last request: 0.018099 seconds.
  path: Assets/Scripts/SceneManagerController.cs
  artifactKey: Guid(f8c1f5b52e608604e99a51b88c3fb697) Importer(815301076,1909f56bfc062723c751e8b465ee728b)
Start importing Assets/Scripts/SceneManagerController.cs using Guid(f8c1f5b52e608604e99a51b88c3fb697) Importer(815301076,1909f56bfc062723c751e8b465ee728b) [PhysX] Initialized MultithreadedTaskDispatcher with 4 workers.
 -> (artifact id: '00000000000000000000000000000000') in 0.001581 seconds
Import Error Code:(4)
Message: Build asset version error: assets/scripts/scenemanagercontroller.cs in SourceAssetDB has modification time of '2024-12-05T16:46:12.6373848Z' while content on disk has modification time of '2024-12-05T16:46:47.2999686Z'
  ERROR: Build asset version error: assets/scripts/scenemanagercontroller.cs in SourceAssetDB has modification time of '2024-12-05T16:46:12.6373848Z' while content on disk has modification time of '2024-12-05T16:46:47.2999686Z'
Number of updated asset objects reloaded before import = 0
Number of asset objects unloaded after import = 0
========================================================================
Received Import Request.
  Time since last request: 0.016164 seconds.
  path: Assets/Scripts/SceneManagerController.cs
  artifactKey: Guid(f8c1f5b52e608604e99a51b88c3fb697) Importer(815301076,1909f56bfc062723c751e8b465ee728b)
Start importing Assets/Scripts/SceneManagerController.cs using Guid(f8c1f5b52e608604e99a51b88c3fb697) Importer(815301076,1909f56bfc062723c751e8b465ee728b) [PhysX] Initialized MultithreadedTaskDispatcher with 4 workers.
 -> (artifact id: '00000000000000000000000000000000') in 0.001034 seconds
Import Error Code:(4)
Message: Build asset version error: assets/scripts/scenemanagercontroller.cs in SourceAssetDB has modification time of '2024-12-05T16:46:12.6373848Z' while content on disk has modification time of '2024-12-05T16:46:47.2999686Z'
  ERROR: Build asset version error: assets/scripts/scenemanagercontroller.cs in SourceAssetDB has modification time of '2024-12-05T16:46:12.6373848Z' while content on disk has modification time of '2024-12-05T16:46:47.2999686Z'
Number of updated asset objects reloaded before import = 0
Number of asset objects unloaded after import = 0
========================================================================
Received Import Request.
  Time since last request: 0.017844 seconds.
  path: Assets/Scripts/SceneManagerController.cs
  artifactKey: Guid(f8c1f5b52e608604e99a51b88c3fb697) Importer(815301076,1909f56bfc062723c751e8b465ee728b)
Start importing Assets/Scripts/SceneManagerController.cs using Guid(f8c1f5b52e608604e99a51b88c3fb697) Importer(815301076,1909f56bfc062723c751e8b465ee728b) [PhysX] Initialized MultithreadedTaskDispatcher with 4 workers.
 -> (artifact id: '00000000000000000000000000000000') in 0.001276 seconds
Import Error Code:(4)
Message: Build asset version error: assets/scripts/scenemanagercontroller.cs in SourceAssetDB has modification time of '2024-12-05T16:46:12.6373848Z' while content on disk has modification time of '2024-12-05T16:46:47.2999686Z'
  ERROR: Build asset version error: assets/scripts/scenemanagercontroller.cs in SourceAssetDB has modification time of '2024-12-05T16:46:12.6373848Z' while content on disk has modification time of '2024-12-05T16:46:47.2999686Z'
Number of updated asset objects reloaded before import = 0
Number of asset objects unloaded after import = 0
========================================================================
Received Import Request.
  Time since last request: 0.017486 seconds.
  path: Assets/Scripts/SceneManagerController.cs
  artifactKey: Guid(f8c1f5b52e608604e99a51b88c3fb697) Importer(815301076,1909f56bfc062723c751e8b465ee728b)
Start importing Assets/Scripts/SceneManagerController.cs using Guid(f8c1f5b52e608604e99a51b88c3fb697) Importer(815301076,1909f56bfc062723c751e8b465ee728b) [PhysX] Initialized MultithreadedTaskDispatcher with 4 workers.
 -> (artifact id: '00000000000000000000000000000000') in 0.001223 seconds
Import Error Code:(4)
Message: Build asset version error: assets/scripts/scenemanagercontroller.cs in SourceAssetDB has modification time of '2024-12-05T16:46:12.6373848Z' while content on disk has modification time of '2024-12-05T16:46:47.2999686Z'
  ERROR: Build asset version error: assets/scripts/scenemanagercontroller.cs in SourceAssetDB has modification time of '2024-12-05T16:46:12.6373848Z' while content on disk has modification time of '2024-12-05T16:46:47.2999686Z'
Number of updated asset objects reloaded before import = 0
Number of asset objects unloaded after import = 0
========================================================================
Received Import Request.
  Time since last request: 0.015437 seconds.
  path: Assets/Scripts/SceneManagerController.cs
  artifactKey: Guid(f8c1f5b52e608604e99a51b88c3fb697) Importer(815301076,1909f56bfc062723c751e8b465ee728b)
Start importing Assets/Scripts/SceneManagerController.cs using Guid(f8c1f5b52e608604e99a51b88c3fb697) Importer(815301076,1909f56bfc062723c751e8b465ee728b) [PhysX] Initialized MultithreadedTaskDispatcher with 4 workers.
 -> (artifact id: '00000000000000000000000000000000') in 0.001584 seconds
Import Error Code:(4)
Message: Build asset version error: assets/scripts/scenemanagercontroller.cs in SourceAssetDB has modification time of '2024-12-05T16:46:12.6373848Z' while content on disk has modification time of '2024-12-05T16:46:47.2999686Z'
  ERROR: Build asset version error: assets/scripts/scenemanagercontroller.cs in SourceAssetDB has modification time of '2024-12-05T16:46:12.6373848Z' while content on disk has modification time of '2024-12-05T16:46:47.2999686Z'
Number of updated asset objects reloaded before import = 0
Number of asset objects unloaded after import = 0
========================================================================
Received Import Request.
  Time since last request: 0.016277 seconds.
  path: Assets/Scripts/SceneManagerController.cs
  artifactKey: Guid(f8c1f5b52e608604e99a51b88c3fb697) Importer(815301076,1909f56bfc062723c751e8b465ee728b)
Start importing Assets/Scripts/SceneManagerController.cs using Guid(f8c1f5b52e608604e99a51b88c3fb697) Importer(815301076,1909f56bfc062723c751e8b465ee728b) [PhysX] Initialized MultithreadedTaskDispatcher with 4 workers.
 -> (artifact id: '00000000000000000000000000000000') in 0.001472 seconds
Import Error Code:(4)
Message: Build asset version error: assets/scripts/scenemanagercontroller.cs in SourceAssetDB has modification time of '2024-12-05T16:46:12.6373848Z' while content on disk has modification time of '2024-12-05T16:46:47.2999686Z'
  ERROR: Build asset version error: assets/scripts/scenemanagercontroller.cs in SourceAssetDB has modification time of '2024-12-05T16:46:12.6373848Z' while content on disk has modification time of '2024-12-05T16:46:47.2999686Z'
Number of updated asset objects reloaded before import = 0
Number of asset objects unloaded after import = 0
========================================================================
Received Import Request.
  Time since last request: 0.016874 seconds.
  path: Assets/Scripts/SceneManagerController.cs
  artifactKey: Guid(f8c1f5b52e608604e99a51b88c3fb697) Importer(815301076,1909f56bfc062723c751e8b465ee728b)
Start importing Assets/Scripts/SceneManagerController.cs using Guid(f8c1f5b52e608604e99a51b88c3fb697) Importer(815301076,1909f56bfc062723c751e8b465ee728b) [PhysX] Initialized MultithreadedTaskDispatcher with 4 workers.
 -> (artifact id: '00000000000000000000000000000000') in 0.001111 seconds
Import Error Code:(4)
Message: Build asset version error: assets/scripts/scenemanagercontroller.cs in SourceAssetDB has modification time of '2024-12-05T16:46:12.6373848Z' while content on disk has modification time of '2024-12-05T16:46:47.2999686Z'
  ERROR: Build asset version error: assets/scripts/scenemanagercontroller.cs in SourceAssetDB has modification time of '2024-12-05T16:46:12.6373848Z' while content on disk has modification time of '2024-12-05T16:46:47.2999686Z'
Number of updated asset objects reloaded before import = 0
Number of asset objects unloaded after import = 0
========================================================================
Received Import Request.
  Time since last request: 0.017064 seconds.
  path: Assets/Scripts/SceneManagerController.cs
  artifactKey: Guid(f8c1f5b52e608604e99a51b88c3fb697) Importer(815301076,1909f56bfc062723c751e8b465ee728b)
Start importing Assets/Scripts/SceneManagerController.cs using Guid(f8c1f5b52e608604e99a51b88c3fb697) Importer(815301076,1909f56bfc062723c751e8b465ee728b) [PhysX] Initialized MultithreadedTaskDispatcher with 4 workers.
 -> (artifact id: '00000000000000000000000000000000') in 0.001277 seconds
Import Error Code:(4)
Message: Build asset version error: assets/scripts/scenemanagercontroller.cs in SourceAssetDB has modification time of '2024-12-05T16:46:12.6373848Z' while content on disk has modification time of '2024-12-05T16:46:47.2999686Z'
  ERROR: Build asset version error: assets/scripts/scenemanagercontroller.cs in SourceAssetDB has modification time of '2024-12-05T16:46:12.6373848Z' while content on disk has modification time of '2024-12-05T16:46:47.2999686Z'
Number of updated asset objects reloaded before import = 0
Number of asset objects unloaded after import = 0
========================================================================
Received Import Request.
  Time since last request: 0.017550 seconds.
  path: Assets/Scripts/SceneManagerController.cs
  artifactKey: Guid(f8c1f5b52e608604e99a51b88c3fb697) Importer(815301076,1909f56bfc062723c751e8b465ee728b)
Start importing Assets/Scripts/SceneManagerController.cs using Guid(f8c1f5b52e608604e99a51b88c3fb697) Importer(815301076,1909f56bfc062723c751e8b465ee728b) [PhysX] Initialized MultithreadedTaskDispatcher with 4 workers.
 -> (artifact id: '00000000000000000000000000000000') in 0.001069 seconds
Import Error Code:(4)
Message: Build asset version error: assets/scripts/scenemanagercontroller.cs in SourceAssetDB has modification time of '2024-12-05T16:46:12.6373848Z' while content on disk has modification time of '2024-12-05T16:46:47.2999686Z'
  ERROR: Build asset version error: assets/scripts/scenemanagercontroller.cs in SourceAssetDB has modification time of '2024-12-05T16:46:12.6373848Z' while content on disk has modification time of '2024-12-05T16:46:47.2999686Z'
Number of updated asset objects reloaded before import = 0
Number of asset objects unloaded after import = 0
========================================================================
Received Import Request.
  Time since last request: 0.017419 seconds.
  path: Assets/Scripts/SceneManagerController.cs
  artifactKey: Guid(f8c1f5b52e608604e99a51b88c3fb697) Importer(815301076,1909f56bfc062723c751e8b465ee728b)
Start importing Assets/Scripts/SceneManagerController.cs using Guid(f8c1f5b52e608604e99a51b88c3fb697) Importer(815301076,1909f56bfc062723c751e8b465ee728b) [PhysX] Initialized MultithreadedTaskDispatcher with 4 workers.
 -> (artifact id: '00000000000000000000000000000000') in 0.002482 seconds
Import Error Code:(4)
Message: Build asset version error: assets/scripts/scenemanagercontroller.cs in SourceAssetDB has modification time of '2024-12-05T16:46:12.6373848Z' while content on disk has modification time of '2024-12-05T16:46:47.2999686Z'
  ERROR: Build asset version error: assets/scripts/scenemanagercontroller.cs in SourceAssetDB has modification time of '2024-12-05T16:46:12.6373848Z' while content on disk has modification time of '2024-12-05T16:46:47.2999686Z'
Number of updated asset objects reloaded before import = 0
Number of asset objects unloaded after import = 0
========================================================================
Received Import Request.
  Time since last request: 0.002863 seconds.
  path: Assets/Scripts/SceneManagerController.cs
  artifactKey: Guid(f8c1f5b52e608604e99a51b88c3fb697) Importer(815301076,1909f56bfc062723c751e8b465ee728b)
Start importing Assets/Scripts/SceneManagerController.cs using Guid(f8c1f5b52e608604e99a51b88c3fb697) Importer(815301076,1909f56bfc062723c751e8b465ee728b) [PhysX] Initialized MultithreadedTaskDispatcher with 4 workers.
 -> (artifact id: '00000000000000000000000000000000') in 0.001309 seconds
Import Error Code:(4)
Message: Build asset version error: assets/scripts/scenemanagercontroller.cs in SourceAssetDB has modification time of '2024-12-05T16:46:12.6373848Z' while content on disk has modification time of '2024-12-05T16:46:47.2999686Z'
  ERROR: Build asset version error: assets/scripts/scenemanagercontroller.cs in SourceAssetDB has modification time of '2024-12-05T16:46:12.6373848Z' while content on disk has modification time of '2024-12-05T16:46:47.2999686Z'
Number of updated asset objects reloaded before import = 0
Number of asset objects unloaded after import = 0
========================================================================
Received Import Request.
  Time since last request: 0.016219 seconds.
  path: Assets/Scripts/SceneManagerController.cs
  artifactKey: Guid(f8c1f5b52e608604e99a51b88c3fb697) Importer(815301076,1909f56bfc062723c751e8b465ee728b)
Start importing Assets/Scripts/SceneManagerController.cs using Guid(f8c1f5b52e608604e99a51b88c3fb697) Importer(815301076,1909f56bfc062723c751e8b465ee728b) [PhysX] Initialized MultithreadedTaskDispatcher with 4 workers.
 -> (artifact id: '00000000000000000000000000000000') in 0.001626 seconds
Import Error Code:(4)
Message: Build asset version error: assets/scripts/scenemanagercontroller.cs in SourceAssetDB has modification time of '2024-12-05T16:46:12.6373848Z' while content on disk has modification time of '2024-12-05T16:46:47.2999686Z'
  ERROR: Build asset version error: assets/scripts/scenemanagercontroller.cs in SourceAssetDB has modification time of '2024-12-05T16:46:12.6373848Z' while content on disk has modification time of '2024-12-05T16:46:47.2999686Z'
Number of updated asset objects reloaded before import = 0
Number of asset objects unloaded after import = 0
========================================================================
Received Import Request.
  Time since last request: 0.026753 seconds.
  path: Assets/Scripts/SceneManagerController.cs
  artifactKey: Guid(f8c1f5b52e608604e99a51b88c3fb697) Importer(815301076,1909f56bfc062723c751e8b465ee728b)
Start importing Assets/Scripts/SceneManagerController.cs using Guid(f8c1f5b52e608604e99a51b88c3fb697) Importer(815301076,1909f56bfc062723c751e8b465ee728b) [PhysX] Initialized MultithreadedTaskDispatcher with 4 workers.
 -> (artifact id: '00000000000000000000000000000000') in 0.001736 seconds
Import Error Code:(4)
Message: Build asset version error: assets/scripts/scenemanagercontroller.cs in SourceAssetDB has modification time of '2024-12-05T16:46:12.6373848Z' while content on disk has modification time of '2024-12-05T16:46:47.2999686Z'
  ERROR: Build asset version error: assets/scripts/scenemanagercontroller.cs in SourceAssetDB has modification time of '2024-12-05T16:46:12.6373848Z' while content on disk has modification time of '2024-12-05T16:46:47.2999686Z'
Number of updated asset objects reloaded before import = 0
Number of asset objects unloaded after import = 0
========================================================================
Received Import Request.
  Time since last request: 0.000490 seconds.
  path: Assets/Scripts/SceneManagerController.cs
  artifactKey: Guid(f8c1f5b52e608604e99a51b88c3fb697) Importer(815301076,1909f56bfc062723c751e8b465ee728b)
Start importing Assets/Scripts/SceneManagerController.cs using Guid(f8c1f5b52e608604e99a51b88c3fb697) Importer(815301076,1909f56bfc062723c751e8b465ee728b) [PhysX] Initialized MultithreadedTaskDispatcher with 4 workers.
 -> (artifact id: '00000000000000000000000000000000') in 0.002297 seconds
Import Error Code:(4)
Message: Build asset version error: assets/scripts/scenemanagercontroller.cs in SourceAssetDB has modification time of '2024-12-05T16:46:12.6373848Z' while content on disk has modification time of '2024-12-05T16:46:47.2999686Z'
  ERROR: Build asset version error: assets/scripts/scenemanagercontroller.cs in SourceAssetDB has modification time of '2024-12-05T16:46:12.6373848Z' while content on disk has modification time of '2024-12-05T16:46:47.2999686Z'
Number of updated asset objects reloaded before import = 0
Number of asset objects unloaded after import = 0
========================================================================
Received Import Request.
  Time since last request: 0.013848 seconds.
  path: Assets/Scripts/SceneManagerController.cs
  artifactKey: Guid(f8c1f5b52e608604e99a51b88c3fb697) Importer(815301076,1909f56bfc062723c751e8b465ee728b)
Start importing Assets/Scripts/SceneManagerController.cs using Guid(f8c1f5b52e608604e99a51b88c3fb697) Importer(815301076,1909f56bfc062723c751e8b465ee728b) [PhysX] Initialized MultithreadedTaskDispatcher with 4 workers.
 -> (artifact id: '00000000000000000000000000000000') in 0.001116 seconds
Import Error Code:(4)
Message: Build asset version error: assets/scripts/scenemanagercontroller.cs in SourceAssetDB has modification time of '2024-12-05T16:46:12.6373848Z' while content on disk has modification time of '2024-12-05T16:46:47.2999686Z'
  ERROR: Build asset version error: assets/scripts/scenemanagercontroller.cs in SourceAssetDB has modification time of '2024-12-05T16:46:12.6373848Z' while content on disk has modification time of '2024-12-05T16:46:47.2999686Z'
Number of updated asset objects reloaded before import = 0
Number of asset objects unloaded after import = 0
========================================================================
Received Import Request.
  Time since last request: 0.015988 seconds.
  path: Assets/Scripts/SceneManagerController.cs
  artifactKey: Guid(f8c1f5b52e608604e99a51b88c3fb697) Importer(815301076,1909f56bfc062723c751e8b465ee728b)
Start importing Assets/Scripts/SceneManagerController.cs using Guid(f8c1f5b52e608604e99a51b88c3fb697) Importer(815301076,1909f56bfc062723c751e8b465ee728b) [PhysX] Initialized MultithreadedTaskDispatcher with 4 workers.
 -> (artifact id: '00000000000000000000000000000000') in 0.001364 seconds
Import Error Code:(4)
Message: Build asset version error: assets/scripts/scenemanagercontroller.cs in SourceAssetDB has modification time of '2024-12-05T16:46:12.6373848Z' while content on disk has modification time of '2024-12-05T16:46:47.2999686Z'
  ERROR: Build asset version error: assets/scripts/scenemanagercontroller.cs in SourceAssetDB has modification time of '2024-12-05T16:46:12.6373848Z' while content on disk has modification time of '2024-12-05T16:46:47.2999686Z'
Number of updated asset objects reloaded before import = 0
Number of asset objects unloaded after import = 0
========================================================================
Received Import Request.
  Time since last request: 0.017450 seconds.
  path: Assets/Scripts/SceneManagerController.cs
  artifactKey: Guid(f8c1f5b52e608604e99a51b88c3fb697) Importer(815301076,1909f56bfc062723c751e8b465ee728b)
Start importing Assets/Scripts/SceneManagerController.cs using Guid(f8c1f5b52e608604e99a51b88c3fb697) Importer(815301076,1909f56bfc062723c751e8b465ee728b) [PhysX] Initialized MultithreadedTaskDispatcher with 4 workers.
 -> (artifact id: '00000000000000000000000000000000') in 0.001216 seconds
Import Error Code:(4)
Message: Build asset version error: assets/scripts/scenemanagercontroller.cs in SourceAssetDB has modification time of '2024-12-05T16:46:12.6373848Z' while content on disk has modification time of '2024-12-05T16:46:47.2999686Z'
  ERROR: Build asset version error: assets/scripts/scenemanagercontroller.cs in SourceAssetDB has modification time of '2024-12-05T16:46:12.6373848Z' while content on disk has modification time of '2024-12-05T16:46:47.2999686Z'
Number of updated asset objects reloaded before import = 0
Number of asset objects unloaded after import = 0
========================================================================
Received Import Request.
  Time since last request: 0.015449 seconds.
  path: Assets/Scripts/SceneManagerController.cs
  artifactKey: Guid(f8c1f5b52e608604e99a51b88c3fb697) Importer(815301076,1909f56bfc062723c751e8b465ee728b)
Start importing Assets/Scripts/SceneManagerController.cs using Guid(f8c1f5b52e608604e99a51b88c3fb697) Importer(815301076,1909f56bfc062723c751e8b465ee728b) [PhysX] Initialized MultithreadedTaskDispatcher with 4 workers.
 -> (artifact id: '00000000000000000000000000000000') in 0.001598 seconds
Import Error Code:(4)
Message: Build asset version error: assets/scripts/scenemanagercontroller.cs in SourceAssetDB has modification time of '2024-12-05T16:46:12.6373848Z' while content on disk has modification time of '2024-12-05T16:46:47.2999686Z'
  ERROR: Build asset version error: assets/scripts/scenemanagercontroller.cs in SourceAssetDB has modification time of '2024-12-05T16:46:12.6373848Z' while content on disk has modification time of '2024-12-05T16:46:47.2999686Z'
Number of updated asset objects reloaded before import = 0
Number of asset objects unloaded after import = 0
========================================================================
Received Import Request.
  Time since last request: 0.015417 seconds.
  path: Assets/Scripts/SceneManagerController.cs
  artifactKey: Guid(f8c1f5b52e608604e99a51b88c3fb697) Importer(815301076,1909f56bfc062723c751e8b465ee728b)
Start importing Assets/Scripts/SceneManagerController.cs using Guid(f8c1f5b52e608604e99a51b88c3fb697) Importer(815301076,1909f56bfc062723c751e8b465ee728b) [PhysX] Initialized MultithreadedTaskDispatcher with 4 workers.
 -> (artifact id: '00000000000000000000000000000000') in 0.001226 seconds
Import Error Code:(4)
Message: Build asset version error: assets/scripts/scenemanagercontroller.cs in SourceAssetDB has modification time of '2024-12-05T16:46:12.6373848Z' while content on disk has modification time of '2024-12-05T16:46:47.2999686Z'
  ERROR: Build asset version error: assets/scripts/scenemanagercontroller.cs in SourceAssetDB has modification time of '2024-12-05T16:46:12.6373848Z' while content on disk has modification time of '2024-12-05T16:46:47.2999686Z'
Number of updated asset objects reloaded before import = 0
Number of asset objects unloaded after import = 0
========================================================================
Received Import Request.
  Time since last request: 0.018678 seconds.
  path: Assets/Scripts/SceneManagerController.cs
  artifactKey: Guid(f8c1f5b52e608604e99a51b88c3fb697) Importer(815301076,1909f56bfc062723c751e8b465ee728b)
Start importing Assets/Scripts/SceneManagerController.cs using Guid(f8c1f5b52e608604e99a51b88c3fb697) Importer(815301076,1909f56bfc062723c751e8b465ee728b) [PhysX] Initialized MultithreadedTaskDispatcher with 4 workers.
 -> (artifact id: '00000000000000000000000000000000') in 0.002677 seconds
Import Error Code:(4)
Message: Build asset version error: assets/scripts/scenemanagercontroller.cs in SourceAssetDB has modification time of '2024-12-05T16:46:12.6373848Z' while content on disk has modification time of '2024-12-05T16:46:47.2999686Z'
  ERROR: Build asset version error: assets/scripts/scenemanagercontroller.cs in SourceAssetDB has modification time of '2024-12-05T16:46:12.6373848Z' while content on disk has modification time of '2024-12-05T16:46:47.2999686Z'
Number of updated asset objects reloaded before import = 0
Number of asset objects unloaded after import = 0
========================================================================
Received Import Request.
  Time since last request: 0.001028 seconds.
  path: Assets/Scripts/SceneManagerController.cs
  artifactKey: Guid(f8c1f5b52e608604e99a51b88c3fb697) Importer(815301076,1909f56bfc062723c751e8b465ee728b)
Start importing Assets/Scripts/SceneManagerController.cs using Guid(f8c1f5b52e608604e99a51b88c3fb697) Importer(815301076,1909f56bfc062723c751e8b465ee728b) [PhysX] Initialized MultithreadedTaskDispatcher with 4 workers.
 -> (artifact id: '00000000000000000000000000000000') in 0.002775 seconds
Import Error Code:(4)
Message: Build asset version error: assets/scripts/scenemanagercontroller.cs in SourceAssetDB has modification time of '2024-12-05T16:46:12.6373848Z' while content on disk has modification time of '2024-12-05T16:46:47.2999686Z'
  ERROR: Build asset version error: assets/scripts/scenemanagercontroller.cs in SourceAssetDB has modification time of '2024-12-05T16:46:12.6373848Z' while content on disk has modification time of '2024-12-05T16:46:47.2999686Z'
Number of updated asset objects reloaded before import = 0
Number of asset objects unloaded after import = 0
========================================================================
Received Import Request.
  Time since last request: 0.010512 seconds.
  path: Assets/Scripts/SceneManagerController.cs
  artifactKey: Guid(f8c1f5b52e608604e99a51b88c3fb697) Importer(815301076,1909f56bfc062723c751e8b465ee728b)
Start importing Assets/Scripts/SceneManagerController.cs using Guid(f8c1f5b52e608604e99a51b88c3fb697) Importer(815301076,1909f56bfc062723c751e8b465ee728b) [PhysX] Initialized MultithreadedTaskDispatcher with 4 workers.
 -> (artifact id: '00000000000000000000000000000000') in 0.001252 seconds
Import Error Code:(4)
Message: Build asset version error: assets/scripts/scenemanagercontroller.cs in SourceAssetDB has modification time of '2024-12-05T16:46:12.6373848Z' while content on disk has modification time of '2024-12-05T16:46:47.2999686Z'
  ERROR: Build asset version error: assets/scripts/scenemanagercontroller.cs in SourceAssetDB has modification time of '2024-12-05T16:46:12.6373848Z' while content on disk has modification time of '2024-12-05T16:46:47.2999686Z'
Number of updated asset objects reloaded before import = 0
Number of asset objects unloaded after import = 0
========================================================================
Received Import Request.
  Time since last request: 0.017159 seconds.
  path: Assets/Scripts/SceneManagerController.cs
  artifactKey: Guid(f8c1f5b52e608604e99a51b88c3fb697) Importer(815301076,1909f56bfc062723c751e8b465ee728b)
Start importing Assets/Scripts/SceneManagerController.cs using Guid(f8c1f5b52e608604e99a51b88c3fb697) Importer(815301076,1909f56bfc062723c751e8b465ee728b) [PhysX] Initialized MultithreadedTaskDispatcher with 4 workers.
 -> (artifact id: '00000000000000000000000000000000') in 0.001370 seconds
Import Error Code:(4)
Message: Build asset version error: assets/scripts/scenemanagercontroller.cs in SourceAssetDB has modification time of '2024-12-05T16:46:12.6373848Z' while content on disk has modification time of '2024-12-05T16:46:47.2999686Z'
  ERROR: Build asset version error: assets/scripts/scenemanagercontroller.cs in SourceAssetDB has modification time of '2024-12-05T16:46:12.6373848Z' while content on disk has modification time of '2024-12-05T16:46:47.2999686Z'
Number of updated asset objects reloaded before import = 0
Number of asset objects unloaded after import = 0
========================================================================
Received Import Request.
  Time since last request: 0.015263 seconds.
  path: Assets/Scripts/SceneManagerController.cs
  artifactKey: Guid(f8c1f5b52e608604e99a51b88c3fb697) Importer(815301076,1909f56bfc062723c751e8b465ee728b)
Start importing Assets/Scripts/SceneManagerController.cs using Guid(f8c1f5b52e608604e99a51b88c3fb697) Importer(815301076,1909f56bfc062723c751e8b465ee728b) [PhysX] Initialized MultithreadedTaskDispatcher with 4 workers.
 -> (artifact id: '00000000000000000000000000000000') in 0.001358 seconds
Import Error Code:(4)
Message: Build asset version error: assets/scripts/scenemanagercontroller.cs in SourceAssetDB has modification time of '2024-12-05T16:46:12.6373848Z' while content on disk has modification time of '2024-12-05T16:46:47.2999686Z'
  ERROR: Build asset version error: assets/scripts/scenemanagercontroller.cs in SourceAssetDB has modification time of '2024-12-05T16:46:12.6373848Z' while content on disk has modification time of '2024-12-05T16:46:47.2999686Z'
Number of updated asset objects reloaded before import = 0
Number of asset objects unloaded after import = 0
========================================================================
Received Import Request.
  Time since last request: 0.014891 seconds.
  path: Assets/Scripts/SceneManagerController.cs
  artifactKey: Guid(f8c1f5b52e608604e99a51b88c3fb697) Importer(815301076,1909f56bfc062723c751e8b465ee728b)
Start importing Assets/Scripts/SceneManagerController.cs using Guid(f8c1f5b52e608604e99a51b88c3fb697) Importer(815301076,1909f56bfc062723c751e8b465ee728b) [PhysX] Initialized MultithreadedTaskDispatcher with 4 workers.
 -> (artifact id: '00000000000000000000000000000000') in 0.001089 seconds
Import Error Code:(4)
Message: Build asset version error: assets/scripts/scenemanagercontroller.cs in SourceAssetDB has modification time of '2024-12-05T16:46:12.6373848Z' while content on disk has modification time of '2024-12-05T16:46:47.2999686Z'
  ERROR: Build asset version error: assets/scripts/scenemanagercontroller.cs in SourceAssetDB has modification time of '2024-12-05T16:46:12.6373848Z' while content on disk has modification time of '2024-12-05T16:46:47.2999686Z'
Number of updated asset objects reloaded before import = 0
Number of asset objects unloaded after import = 0
========================================================================
Received Import Request.
  Time since last request: 0.014357 seconds.
  path: Assets/Scripts/SceneManagerController.cs
  artifactKey: Guid(f8c1f5b52e608604e99a51b88c3fb697) Importer(815301076,1909f56bfc062723c751e8b465ee728b)
Start importing Assets/Scripts/SceneManagerController.cs using Guid(f8c1f5b52e608604e99a51b88c3fb697) Importer(815301076,1909f56bfc062723c751e8b465ee728b) [PhysX] Initialized MultithreadedTaskDispatcher with 4 workers.
 -> (artifact id: '00000000000000000000000000000000') in 0.001146 seconds
Import Error Code:(4)
Message: Build asset version error: assets/scripts/scenemanagercontroller.cs in SourceAssetDB has modification time of '2024-12-05T16:46:12.6373848Z' while content on disk has modification time of '2024-12-05T16:46:47.2999686Z'
  ERROR: Build asset version error: assets/scripts/scenemanagercontroller.cs in SourceAssetDB has modification time of '2024-12-05T16:46:12.6373848Z' while content on disk has modification time of '2024-12-05T16:46:47.2999686Z'
Number of updated asset objects reloaded before import = 0
Number of asset objects unloaded after import = 0
========================================================================
Received Import Request.
  Time since last request: 0.014371 seconds.
  path: Assets/Scripts/SceneManagerController.cs
  artifactKey: Guid(f8c1f5b52e608604e99a51b88c3fb697) Importer(815301076,1909f56bfc062723c751e8b465ee728b)
Start importing Assets/Scripts/SceneManagerController.cs using Guid(f8c1f5b52e608604e99a51b88c3fb697) Importer(815301076,1909f56bfc062723c751e8b465ee728b) [PhysX] Initialized MultithreadedTaskDispatcher with 4 workers.
 -> (artifact id: '00000000000000000000000000000000') in 0.001123 seconds
Import Error Code:(4)
Message: Build asset version error: assets/scripts/scenemanagercontroller.cs in SourceAssetDB has modification time of '2024-12-05T16:46:12.6373848Z' while content on disk has modification time of '2024-12-05T16:46:47.2999686Z'
  ERROR: Build asset version error: assets/scripts/scenemanagercontroller.cs in SourceAssetDB has modification time of '2024-12-05T16:46:12.6373848Z' while content on disk has modification time of '2024-12-05T16:46:47.2999686Z'
Number of updated asset objects reloaded before import = 0
Number of asset objects unloaded after import = 0
========================================================================
Received Import Request.
  Time since last request: 0.015941 seconds.
  path: Assets/Scripts/SceneManagerController.cs
  artifactKey: Guid(f8c1f5b52e608604e99a51b88c3fb697) Importer(815301076,1909f56bfc062723c751e8b465ee728b)
Start importing Assets/Scripts/SceneManagerController.cs using Guid(f8c1f5b52e608604e99a51b88c3fb697) Importer(815301076,1909f56bfc062723c751e8b465ee728b) [PhysX] Initialized MultithreadedTaskDispatcher with 4 workers.
 -> (artifact id: '00000000000000000000000000000000') in 0.001597 seconds
Import Error Code:(4)
Message: Build asset version error: assets/scripts/scenemanagercontroller.cs in SourceAssetDB has modification time of '2024-12-05T16:46:12.6373848Z' while content on disk has modification time of '2024-12-05T16:46:47.2999686Z'
  ERROR: Build asset version error: assets/scripts/scenemanagercontroller.cs in SourceAssetDB has modification time of '2024-12-05T16:46:12.6373848Z' while content on disk has modification time of '2024-12-05T16:46:47.2999686Z'
Number of updated asset objects reloaded before import = 0
Number of asset objects unloaded after import = 0
========================================================================
Received Import Request.
  Time since last request: 0.015854 seconds.
  path: Assets/Scripts/SceneManagerController.cs
  artifactKey: Guid(f8c1f5b52e608604e99a51b88c3fb697) Importer(815301076,1909f56bfc062723c751e8b465ee728b)
Start importing Assets/Scripts/SceneManagerController.cs using Guid(f8c1f5b52e608604e99a51b88c3fb697) Importer(815301076,1909f56bfc062723c751e8b465ee728b) [PhysX] Initialized MultithreadedTaskDispatcher with 4 workers.
 -> (artifact id: '00000000000000000000000000000000') in 0.001381 seconds
Import Error Code:(4)
Message: Build asset version error: assets/scripts/scenemanagercontroller.cs in SourceAssetDB has modification time of '2024-12-05T16:46:12.6373848Z' while content on disk has modification time of '2024-12-05T16:46:47.2999686Z'
  ERROR: Build asset version error: assets/scripts/scenemanagercontroller.cs in SourceAssetDB has modification time of '2024-12-05T16:46:12.6373848Z' while content on disk has modification time of '2024-12-05T16:46:47.2999686Z'
Number of updated asset objects reloaded before import = 0
Number of asset objects unloaded after import = 0
========================================================================
Received Import Request.
  Time since last request: 0.015767 seconds.
  path: Assets/Scripts/SceneManagerController.cs
  artifactKey: Guid(f8c1f5b52e608604e99a51b88c3fb697) Importer(815301076,1909f56bfc062723c751e8b465ee728b)
Start importing Assets/Scripts/SceneManagerController.cs using Guid(f8c1f5b52e608604e99a51b88c3fb697) Importer(815301076,1909f56bfc062723c751e8b465ee728b) [PhysX] Initialized MultithreadedTaskDispatcher with 4 workers.
 -> (artifact id: '00000000000000000000000000000000') in 0.001108 seconds
Import Error Code:(4)
Message: Build asset version error: assets/scripts/scenemanagercontroller.cs in SourceAssetDB has modification time of '2024-12-05T16:46:12.6373848Z' while content on disk has modification time of '2024-12-05T16:46:47.2999686Z'
  ERROR: Build asset version error: assets/scripts/scenemanagercontroller.cs in SourceAssetDB has modification time of '2024-12-05T16:46:12.6373848Z' while content on disk has modification time of '2024-12-05T16:46:47.2999686Z'
Number of updated asset objects reloaded before import = 0
Number of asset objects unloaded after import = 0
========================================================================
Received Import Request.
  Time since last request: 0.016610 seconds.
  path: Assets/Scripts/SceneManagerController.cs
  artifactKey: Guid(f8c1f5b52e608604e99a51b88c3fb697) Importer(815301076,1909f56bfc062723c751e8b465ee728b)
Start importing Assets/Scripts/SceneManagerController.cs using Guid(f8c1f5b52e608604e99a51b88c3fb697) Importer(815301076,1909f56bfc062723c751e8b465ee728b) [PhysX] Initialized MultithreadedTaskDispatcher with 4 workers.
 -> (artifact id: '00000000000000000000000000000000') in 0.001228 seconds
Import Error Code:(4)
Message: Build asset version error: assets/scripts/scenemanagercontroller.cs in SourceAssetDB has modification time of '2024-12-05T16:46:12.6373848Z' while content on disk has modification time of '2024-12-05T16:46:47.2999686Z'
  ERROR: Build asset version error: assets/scripts/scenemanagercontroller.cs in SourceAssetDB has modification time of '2024-12-05T16:46:12.6373848Z' while content on disk has modification time of '2024-12-05T16:46:47.2999686Z'
Number of updated asset objects reloaded before import = 0
Number of asset objects unloaded after import = 0
========================================================================
Received Import Request.
  Time since last request: 0.014134 seconds.
  path: Assets/Scripts/SceneManagerController.cs
  artifactKey: Guid(f8c1f5b52e608604e99a51b88c3fb697) Importer(815301076,1909f56bfc062723c751e8b465ee728b)
Start importing Assets/Scripts/SceneManagerController.cs using Guid(f8c1f5b52e608604e99a51b88c3fb697) Importer(815301076,1909f56bfc062723c751e8b465ee728b) [PhysX] Initialized MultithreadedTaskDispatcher with 4 workers.
 -> (artifact id: '00000000000000000000000000000000') in 0.001221 seconds
Import Error Code:(4)
Message: Build asset version error: assets/scripts/scenemanagercontroller.cs in SourceAssetDB has modification time of '2024-12-05T16:46:12.6373848Z' while content on disk has modification time of '2024-12-05T16:46:47.2999686Z'
  ERROR: Build asset version error: assets/scripts/scenemanagercontroller.cs in SourceAssetDB has modification time of '2024-12-05T16:46:12.6373848Z' while content on disk has modification time of '2024-12-05T16:46:47.2999686Z'
Number of updated asset objects reloaded before import = 0
Number of asset objects unloaded after import = 0
========================================================================
Received Import Request.
  Time since last request: 0.015326 seconds.
  path: Assets/Scripts/SceneManagerController.cs
  artifactKey: Guid(f8c1f5b52e608604e99a51b88c3fb697) Importer(815301076,1909f56bfc062723c751e8b465ee728b)
Start importing Assets/Scripts/SceneManagerController.cs using Guid(f8c1f5b52e608604e99a51b88c3fb697) Importer(815301076,1909f56bfc062723c751e8b465ee728b) [PhysX] Initialized MultithreadedTaskDispatcher with 4 workers.
 -> (artifact id: '00000000000000000000000000000000') in 0.001074 seconds
Import Error Code:(4)
Message: Build asset version error: assets/scripts/scenemanagercontroller.cs in SourceAssetDB has modification time of '2024-12-05T16:46:12.6373848Z' while content on disk has modification time of '2024-12-05T16:46:47.2999686Z'
  ERROR: Build asset version error: assets/scripts/scenemanagercontroller.cs in SourceAssetDB has modification time of '2024-12-05T16:46:12.6373848Z' while content on disk has modification time of '2024-12-05T16:46:47.2999686Z'
Number of updated asset objects reloaded before import = 0
Number of asset objects unloaded after import = 0
========================================================================
Received Import Request.
  Time since last request: 0.015864 seconds.
  path: Assets/Scripts/SceneManagerController.cs
  artifactKey: Guid(f8c1f5b52e608604e99a51b88c3fb697) Importer(815301076,1909f56bfc062723c751e8b465ee728b)
Start importing Assets/Scripts/SceneManagerController.cs using Guid(f8c1f5b52e608604e99a51b88c3fb697) Importer(815301076,1909f56bfc062723c751e8b465ee728b) [PhysX] Initialized MultithreadedTaskDispatcher with 4 workers.
 -> (artifact id: '00000000000000000000000000000000') in 0.001205 seconds
Import Error Code:(4)
Message: Build asset version error: assets/scripts/scenemanagercontroller.cs in SourceAssetDB has modification time of '2024-12-05T16:46:12.6373848Z' while content on disk has modification time of '2024-12-05T16:46:47.2999686Z'
  ERROR: Build asset version error: assets/scripts/scenemanagercontroller.cs in SourceAssetDB has modification time of '2024-12-05T16:46:12.6373848Z' while content on disk has modification time of '2024-12-05T16:46:47.2999686Z'
Number of updated asset objects reloaded before import = 0
Number of asset objects unloaded after import = 0
========================================================================
Received Import Request.
  Time since last request: 0.015590 seconds.
  path: Assets/Scripts/SceneManagerController.cs
  artifactKey: Guid(f8c1f5b52e608604e99a51b88c3fb697) Importer(815301076,1909f56bfc062723c751e8b465ee728b)
Start importing Assets/Scripts/SceneManagerController.cs using Guid(f8c1f5b52e608604e99a51b88c3fb697) Importer(815301076,1909f56bfc062723c751e8b465ee728b) [PhysX] Initialized MultithreadedTaskDispatcher with 4 workers.
 -> (artifact id: '00000000000000000000000000000000') in 0.001044 seconds
Import Error Code:(4)
Message: Build asset version error: assets/scripts/scenemanagercontroller.cs in SourceAssetDB has modification time of '2024-12-05T16:46:12.6373848Z' while content on disk has modification time of '2024-12-05T16:46:47.2999686Z'
  ERROR: Build asset version error: assets/scripts/scenemanagercontroller.cs in SourceAssetDB has modification time of '2024-12-05T16:46:12.6373848Z' while content on disk has modification time of '2024-12-05T16:46:47.2999686Z'
Number of updated asset objects reloaded before import = 0
Number of asset objects unloaded after import = 0
========================================================================
Received Import Request.
  Time since last request: 0.016524 seconds.
  path: Assets/Scripts/SceneManagerController.cs
  artifactKey: Guid(f8c1f5b52e608604e99a51b88c3fb697) Importer(815301076,1909f56bfc062723c751e8b465ee728b)
Start importing Assets/Scripts/SceneManagerController.cs using Guid(f8c1f5b52e608604e99a51b88c3fb697) Importer(815301076,1909f56bfc062723c751e8b465ee728b) [PhysX] Initialized MultithreadedTaskDispatcher with 4 workers.
 -> (artifact id: '00000000000000000000000000000000') in 0.001303 seconds
Import Error Code:(4)
Message: Build asset version error: assets/scripts/scenemanagercontroller.cs in SourceAssetDB has modification time of '2024-12-05T16:46:12.6373848Z' while content on disk has modification time of '2024-12-05T16:46:47.2999686Z'
  ERROR: Build asset version error: assets/scripts/scenemanagercontroller.cs in SourceAssetDB has modification time of '2024-12-05T16:46:12.6373848Z' while content on disk has modification time of '2024-12-05T16:46:47.2999686Z'
Number of updated asset objects reloaded before import = 0
Number of asset objects unloaded after import = 0
========================================================================
Received Import Request.
  Time since last request: 0.016928 seconds.
  path: Assets/Scripts/SceneManagerController.cs
  artifactKey: Guid(f8c1f5b52e608604e99a51b88c3fb697) Importer(815301076,1909f56bfc062723c751e8b465ee728b)
Start importing Assets/Scripts/SceneManagerController.cs using Guid(f8c1f5b52e608604e99a51b88c3fb697) Importer(815301076,1909f56bfc062723c751e8b465ee728b) [PhysX] Initialized MultithreadedTaskDispatcher with 4 workers.
 -> (artifact id: '00000000000000000000000000000000') in 0.001186 seconds
Import Error Code:(4)
Message: Build asset version error: assets/scripts/scenemanagercontroller.cs in SourceAssetDB has modification time of '2024-12-05T16:46:12.6373848Z' while content on disk has modification time of '2024-12-05T16:46:47.2999686Z'
  ERROR: Build asset version error: assets/scripts/scenemanagercontroller.cs in SourceAssetDB has modification time of '2024-12-05T16:46:12.6373848Z' while content on disk has modification time of '2024-12-05T16:46:47.2999686Z'
Number of updated asset objects reloaded before import = 0
Number of asset objects unloaded after import = 0
========================================================================
Received Import Request.
  Time since last request: 0.016406 seconds.
  path: Assets/Scripts/SceneManagerController.cs
  artifactKey: Guid(f8c1f5b52e608604e99a51b88c3fb697) Importer(815301076,1909f56bfc062723c751e8b465ee728b)
Start importing Assets/Scripts/SceneManagerController.cs using Guid(f8c1f5b52e608604e99a51b88c3fb697) Importer(815301076,1909f56bfc062723c751e8b465ee728b) [PhysX] Initialized MultithreadedTaskDispatcher with 4 workers.
 -> (artifact id: '00000000000000000000000000000000') in 0.001229 seconds
Import Error Code:(4)
Message: Build asset version error: assets/scripts/scenemanagercontroller.cs in SourceAssetDB has modification time of '2024-12-05T16:46:12.6373848Z' while content on disk has modification time of '2024-12-05T16:46:47.2999686Z'
  ERROR: Build asset version error: assets/scripts/scenemanagercontroller.cs in SourceAssetDB has modification time of '2024-12-05T16:46:12.6373848Z' while content on disk has modification time of '2024-12-05T16:46:47.2999686Z'
Number of updated asset objects reloaded before import = 0
Number of asset objects unloaded after import = 0
========================================================================
Received Import Request.
  Time since last request: 0.015895 seconds.
  path: Assets/Scripts/SceneManagerController.cs
  artifactKey: Guid(f8c1f5b52e608604e99a51b88c3fb697) Importer(815301076,1909f56bfc062723c751e8b465ee728b)
Start importing Assets/Scripts/SceneManagerController.cs using Guid(f8c1f5b52e608604e99a51b88c3fb697) Importer(815301076,1909f56bfc062723c751e8b465ee728b) [PhysX] Initialized MultithreadedTaskDispatcher with 4 workers.
 -> (artifact id: '00000000000000000000000000000000') in 0.001026 seconds
Import Error Code:(4)
Message: Build asset version error: assets/scripts/scenemanagercontroller.cs in SourceAssetDB has modification time of '2024-12-05T16:46:12.6373848Z' while content on disk has modification time of '2024-12-05T16:46:47.2999686Z'
  ERROR: Build asset version error: assets/scripts/scenemanagercontroller.cs in SourceAssetDB has modification time of '2024-12-05T16:46:12.6373848Z' while content on disk has modification time of '2024-12-05T16:46:47.2999686Z'
Number of updated asset objects reloaded before import = 0
Number of asset objects unloaded after import = 0
========================================================================
Received Import Request.
  Time since last request: 0.015040 seconds.
  path: Assets/Scripts/SceneManagerController.cs
  artifactKey: Guid(f8c1f5b52e608604e99a51b88c3fb697) Importer(815301076,1909f56bfc062723c751e8b465ee728b)
Start importing Assets/Scripts/SceneManagerController.cs using Guid(f8c1f5b52e608604e99a51b88c3fb697) Importer(815301076,1909f56bfc062723c751e8b465ee728b) [PhysX] Initialized MultithreadedTaskDispatcher with 4 workers.
 -> (artifact id: '00000000000000000000000000000000') in 0.001121 seconds
Import Error Code:(4)
Message: Build asset version error: assets/scripts/scenemanagercontroller.cs in SourceAssetDB has modification time of '2024-12-05T16:46:12.6373848Z' while content on disk has modification time of '2024-12-05T16:46:47.2999686Z'
  ERROR: Build asset version error: assets/scripts/scenemanagercontroller.cs in SourceAssetDB has modification time of '2024-12-05T16:46:12.6373848Z' while content on disk has modification time of '2024-12-05T16:46:47.2999686Z'
Number of updated asset objects reloaded before import = 0
Number of asset objects unloaded after import = 0
========================================================================
Received Import Request.
  Time since last request: 0.015447 seconds.
  path: Assets/Scripts/SceneManagerController.cs
  artifactKey: Guid(f8c1f5b52e608604e99a51b88c3fb697) Importer(815301076,1909f56bfc062723c751e8b465ee728b)
Start importing Assets/Scripts/SceneManagerController.cs using Guid(f8c1f5b52e608604e99a51b88c3fb697) Importer(815301076,1909f56bfc062723c751e8b465ee728b) [PhysX] Initialized MultithreadedTaskDispatcher with 4 workers.
 -> (artifact id: '00000000000000000000000000000000') in 0.001006 seconds
Import Error Code:(4)
Message: Build asset version error: assets/scripts/scenemanagercontroller.cs in SourceAssetDB has modification time of '2024-12-05T16:46:12.6373848Z' while content on disk has modification time of '2024-12-05T16:46:47.2999686Z'
  ERROR: Build asset version error: assets/scripts/scenemanagercontroller.cs in SourceAssetDB has modification time of '2024-12-05T16:46:12.6373848Z' while content on disk has modification time of '2024-12-05T16:46:47.2999686Z'
Number of updated asset objects reloaded before import = 0
Number of asset objects unloaded after import = 0
========================================================================
Received Import Request.
  Time since last request: 0.015271 seconds.
  path: Assets/Scripts/SceneManagerController.cs
  artifactKey: Guid(f8c1f5b52e608604e99a51b88c3fb697) Importer(815301076,1909f56bfc062723c751e8b465ee728b)
Start importing Assets/Scripts/SceneManagerController.cs using Guid(f8c1f5b52e608604e99a51b88c3fb697) Importer(815301076,1909f56bfc062723c751e8b465ee728b) [PhysX] Initialized MultithreadedTaskDispatcher with 4 workers.
 -> (artifact id: '00000000000000000000000000000000') in 0.001318 seconds
Import Error Code:(4)
Message: Build asset version error: assets/scripts/scenemanagercontroller.cs in SourceAssetDB has modification time of '2024-12-05T16:46:12.6373848Z' while content on disk has modification time of '2024-12-05T16:46:47.2999686Z'
  ERROR: Build asset version error: assets/scripts/scenemanagercontroller.cs in SourceAssetDB has modification time of '2024-12-05T16:46:12.6373848Z' while content on disk has modification time of '2024-12-05T16:46:47.2999686Z'
Number of updated asset objects reloaded before import = 0
Number of asset objects unloaded after import = 0
========================================================================
Received Import Request.
  Time since last request: 0.016312 seconds.
  path: Assets/Scripts/SceneManagerController.cs
  artifactKey: Guid(f8c1f5b52e608604e99a51b88c3fb697) Importer(815301076,1909f56bfc062723c751e8b465ee728b)
Start importing Assets/Scripts/SceneManagerController.cs using Guid(f8c1f5b52e608604e99a51b88c3fb697) Importer(815301076,1909f56bfc062723c751e8b465ee728b) [PhysX] Initialized MultithreadedTaskDispatcher with 4 workers.
 -> (artifact id: '00000000000000000000000000000000') in 0.001590 seconds
Import Error Code:(4)
Message: Build asset version error: assets/scripts/scenemanagercontroller.cs in SourceAssetDB has modification time of '2024-12-05T16:46:12.6373848Z' while content on disk has modification time of '2024-12-05T16:46:47.2999686Z'
  ERROR: Build asset version error: assets/scripts/scenemanagercontroller.cs in SourceAssetDB has modification time of '2024-12-05T16:46:12.6373848Z' while content on disk has modification time of '2024-12-05T16:46:47.2999686Z'
Number of updated asset objects reloaded before import = 0
Number of asset objects unloaded after import = 0
========================================================================
Received Import Request.
  Time since last request: 0.016738 seconds.
  path: Assets/Scripts/SceneManagerController.cs
  artifactKey: Guid(f8c1f5b52e608604e99a51b88c3fb697) Importer(815301076,1909f56bfc062723c751e8b465ee728b)
Start importing Assets/Scripts/SceneManagerController.cs using Guid(f8c1f5b52e608604e99a51b88c3fb697) Importer(815301076,1909f56bfc062723c751e8b465ee728b) [PhysX] Initialized MultithreadedTaskDispatcher with 4 workers.
 -> (artifact id: '00000000000000000000000000000000') in 0.001129 seconds
Import Error Code:(4)
Message: Build asset version error: assets/scripts/scenemanagercontroller.cs in SourceAssetDB has modification time of '2024-12-05T16:46:12.6373848Z' while content on disk has modification time of '2024-12-05T16:46:47.2999686Z'
  ERROR: Build asset version error: assets/scripts/scenemanagercontroller.cs in SourceAssetDB has modification time of '2024-12-05T16:46:12.6373848Z' while content on disk has modification time of '2024-12-05T16:46:47.2999686Z'
Number of updated asset objects reloaded before import = 0
Number of asset objects unloaded after import = 0
========================================================================
Received Import Request.
  Time since last request: 0.016407 seconds.
  path: Assets/Scripts/SceneManagerController.cs
  artifactKey: Guid(f8c1f5b52e608604e99a51b88c3fb697) Importer(815301076,1909f56bfc062723c751e8b465ee728b)
Start importing Assets/Scripts/SceneManagerController.cs using Guid(f8c1f5b52e608604e99a51b88c3fb697) Importer(815301076,1909f56bfc062723c751e8b465ee728b) [PhysX] Initialized MultithreadedTaskDispatcher with 4 workers.
 -> (artifact id: '00000000000000000000000000000000') in 0.001212 seconds
Import Error Code:(4)
Message: Build asset version error: assets/scripts/scenemanagercontroller.cs in SourceAssetDB has modification time of '2024-12-05T16:46:12.6373848Z' while content on disk has modification time of '2024-12-05T16:46:47.2999686Z'
  ERROR: Build asset version error: assets/scripts/scenemanagercontroller.cs in SourceAssetDB has modification time of '2024-12-05T16:46:12.6373848Z' while content on disk has modification time of '2024-12-05T16:46:47.2999686Z'
Number of updated asset objects reloaded before import = 0
Number of asset objects unloaded after import = 0
========================================================================
Received Import Request.
  Time since last request: 0.015660 seconds.
  path: Assets/Scripts/SceneManagerController.cs
  artifactKey: Guid(f8c1f5b52e608604e99a51b88c3fb697) Importer(815301076,1909f56bfc062723c751e8b465ee728b)
Start importing Assets/Scripts/SceneManagerController.cs using Guid(f8c1f5b52e608604e99a51b88c3fb697) Importer(815301076,1909f56bfc062723c751e8b465ee728b) [PhysX] Initialized MultithreadedTaskDispatcher with 4 workers.
 -> (artifact id: '00000000000000000000000000000000') in 0.001081 seconds
Import Error Code:(4)
Message: Build asset version error: assets/scripts/scenemanagercontroller.cs in SourceAssetDB has modification time of '2024-12-05T16:46:12.6373848Z' while content on disk has modification time of '2024-12-05T16:46:47.2999686Z'
  ERROR: Build asset version error: assets/scripts/scenemanagercontroller.cs in SourceAssetDB has modification time of '2024-12-05T16:46:12.6373848Z' while content on disk has modification time of '2024-12-05T16:46:47.2999686Z'
Number of updated asset objects reloaded before import = 0
Number of asset objects unloaded after import = 0
========================================================================
Received Import Request.
  Time since last request: 0.014864 seconds.
  path: Assets/Scripts/SceneManagerController.cs
  artifactKey: Guid(f8c1f5b52e608604e99a51b88c3fb697) Importer(815301076,1909f56bfc062723c751e8b465ee728b)
Start importing Assets/Scripts/SceneManagerController.cs using Guid(f8c1f5b52e608604e99a51b88c3fb697) Importer(815301076,1909f56bfc062723c751e8b465ee728b) [PhysX] Initialized MultithreadedTaskDispatcher with 4 workers.
 -> (artifact id: '00000000000000000000000000000000') in 0.001055 seconds
Import Error Code:(4)
Message: Build asset version error: assets/scripts/scenemanagercontroller.cs in SourceAssetDB has modification time of '2024-12-05T16:46:12.6373848Z' while content on disk has modification time of '2024-12-05T16:46:47.2999686Z'
  ERROR: Build asset version error: assets/scripts/scenemanagercontroller.cs in SourceAssetDB has modification time of '2024-12-05T16:46:12.6373848Z' while content on disk has modification time of '2024-12-05T16:46:47.2999686Z'
Number of updated asset objects reloaded before import = 0
Number of asset objects unloaded after import = 0
========================================================================
Received Import Request.
  Time since last request: 0.016791 seconds.
  path: Assets/Scripts/SceneManagerController.cs
  artifactKey: Guid(f8c1f5b52e608604e99a51b88c3fb697) Importer(815301076,1909f56bfc062723c751e8b465ee728b)
Start importing Assets/Scripts/SceneManagerController.cs using Guid(f8c1f5b52e608604e99a51b88c3fb697) Importer(815301076,1909f56bfc062723c751e8b465ee728b) [PhysX] Initialized MultithreadedTaskDispatcher with 4 workers.
 -> (artifact id: '00000000000000000000000000000000') in 0.001454 seconds
Import Error Code:(4)
Message: Build asset version error: assets/scripts/scenemanagercontroller.cs in SourceAssetDB has modification time of '2024-12-05T16:46:12.6373848Z' while content on disk has modification time of '2024-12-05T16:46:47.2999686Z'
  ERROR: Build asset version error: assets/scripts/scenemanagercontroller.cs in SourceAssetDB has modification time of '2024-12-05T16:46:12.6373848Z' while content on disk has modification time of '2024-12-05T16:46:47.2999686Z'
Number of updated asset objects reloaded before import = 0
Number of asset objects unloaded after import = 0
========================================================================
Received Import Request.
  Time since last request: 0.016169 seconds.
  path: Assets/Scripts/SceneManagerController.cs
  artifactKey: Guid(f8c1f5b52e608604e99a51b88c3fb697) Importer(815301076,1909f56bfc062723c751e8b465ee728b)
Start importing Assets/Scripts/SceneManagerController.cs using Guid(f8c1f5b52e608604e99a51b88c3fb697) Importer(815301076,1909f56bfc062723c751e8b465ee728b) [PhysX] Initialized MultithreadedTaskDispatcher with 4 workers.
 -> (artifact id: '00000000000000000000000000000000') in 0.001047 seconds
Import Error Code:(4)
Message: Build asset version error: assets/scripts/scenemanagercontroller.cs in SourceAssetDB has modification time of '2024-12-05T16:46:12.6373848Z' while content on disk has modification time of '2024-12-05T16:46:47.2999686Z'
  ERROR: Build asset version error: assets/scripts/scenemanagercontroller.cs in SourceAssetDB has modification time of '2024-12-05T16:46:12.6373848Z' while content on disk has modification time of '2024-12-05T16:46:47.2999686Z'
Number of updated asset objects reloaded before import = 0
Number of asset objects unloaded after import = 0
========================================================================
Received Import Request.
  Time since last request: 0.015381 seconds.
  path: Assets/Scripts/SceneManagerController.cs
  artifactKey: Guid(f8c1f5b52e608604e99a51b88c3fb697) Importer(815301076,1909f56bfc062723c751e8b465ee728b)
Start importing Assets/Scripts/SceneManagerController.cs using Guid(f8c1f5b52e608604e99a51b88c3fb697) Importer(815301076,1909f56bfc062723c751e8b465ee728b) [PhysX] Initialized MultithreadedTaskDispatcher with 4 workers.
 -> (artifact id: '00000000000000000000000000000000') in 0.001109 seconds
Import Error Code:(4)
Message: Build asset version error: assets/scripts/scenemanagercontroller.cs in SourceAssetDB has modification time of '2024-12-05T16:46:12.6373848Z' while content on disk has modification time of '2024-12-05T16:46:47.2999686Z'
  ERROR: Build asset version error: assets/scripts/scenemanagercontroller.cs in SourceAssetDB has modification time of '2024-12-05T16:46:12.6373848Z' while content on disk has modification time of '2024-12-05T16:46:47.2999686Z'
Number of updated asset objects reloaded before import = 0
Number of asset objects unloaded after import = 0
========================================================================
Received Import Request.
  Time since last request: 0.014989 seconds.
  path: Assets/Scripts/SceneManagerController.cs
  artifactKey: Guid(f8c1f5b52e608604e99a51b88c3fb697) Importer(815301076,1909f56bfc062723c751e8b465ee728b)
Start importing Assets/Scripts/SceneManagerController.cs using Guid(f8c1f5b52e608604e99a51b88c3fb697) Importer(815301076,1909f56bfc062723c751e8b465ee728b) [PhysX] Initialized MultithreadedTaskDispatcher with 4 workers.
 -> (artifact id: '00000000000000000000000000000000') in 0.001136 seconds
Import Error Code:(4)
Message: Build asset version error: assets/scripts/scenemanagercontroller.cs in SourceAssetDB has modification time of '2024-12-05T16:46:12.6373848Z' while content on disk has modification time of '2024-12-05T16:46:47.2999686Z'
  ERROR: Build asset version error: assets/scripts/scenemanagercontroller.cs in SourceAssetDB has modification time of '2024-12-05T16:46:12.6373848Z' while content on disk has modification time of '2024-12-05T16:46:47.2999686Z'
Number of updated asset objects reloaded before import = 0
Number of asset objects unloaded after import = 0
========================================================================
Received Import Request.
  Time since last request: 0.015859 seconds.
  path: Assets/Scripts/SceneManagerController.cs
  artifactKey: Guid(f8c1f5b52e608604e99a51b88c3fb697) Importer(815301076,1909f56bfc062723c751e8b465ee728b)
Start importing Assets/Scripts/SceneManagerController.cs using Guid(f8c1f5b52e608604e99a51b88c3fb697) Importer(815301076,1909f56bfc062723c751e8b465ee728b) [PhysX] Initialized MultithreadedTaskDispatcher with 4 workers.
 -> (artifact id: '00000000000000000000000000000000') in 0.001117 seconds
Import Error Code:(4)
Message: Build asset version error: assets/scripts/scenemanagercontroller.cs in SourceAssetDB has modification time of '2024-12-05T16:46:12.6373848Z' while content on disk has modification time of '2024-12-05T16:46:47.2999686Z'
  ERROR: Build asset version error: assets/scripts/scenemanagercontroller.cs in SourceAssetDB has modification time of '2024-12-05T16:46:12.6373848Z' while content on disk has modification time of '2024-12-05T16:46:47.2999686Z'
Number of updated asset objects reloaded before import = 0
Number of asset objects unloaded after import = 0
========================================================================
Received Import Request.
  Time since last request: 0.015335 seconds.
  path: Assets/Scripts/SceneManagerController.cs
  artifactKey: Guid(f8c1f5b52e608604e99a51b88c3fb697) Importer(815301076,1909f56bfc062723c751e8b465ee728b)
Start importing Assets/Scripts/SceneManagerController.cs using Guid(f8c1f5b52e608604e99a51b88c3fb697) Importer(815301076,1909f56bfc062723c751e8b465ee728b) [PhysX] Initialized MultithreadedTaskDispatcher with 4 workers.
 -> (artifact id: '00000000000000000000000000000000') in 0.001382 seconds
Import Error Code:(4)
Message: Build asset version error: assets/scripts/scenemanagercontroller.cs in SourceAssetDB has modification time of '2024-12-05T16:46:12.6373848Z' while content on disk has modification time of '2024-12-05T16:46:47.2999686Z'
  ERROR: Build asset version error: assets/scripts/scenemanagercontroller.cs in SourceAssetDB has modification time of '2024-12-05T16:46:12.6373848Z' while content on disk has modification time of '2024-12-05T16:46:47.2999686Z'
Number of updated asset objects reloaded before import = 0
Number of asset objects unloaded after import = 0
========================================================================
Received Import Request.
  Time since last request: 0.016601 seconds.
  path: Assets/Scripts/SceneManagerController.cs
  artifactKey: Guid(f8c1f5b52e608604e99a51b88c3fb697) Importer(815301076,1909f56bfc062723c751e8b465ee728b)
Start importing Assets/Scripts/SceneManagerController.cs using Guid(f8c1f5b52e608604e99a51b88c3fb697) Importer(815301076,1909f56bfc062723c751e8b465ee728b) [PhysX] Initialized MultithreadedTaskDispatcher with 4 workers.
 -> (artifact id: '00000000000000000000000000000000') in 0.001194 seconds
Import Error Code:(4)
Message: Build asset version error: assets/scripts/scenemanagercontroller.cs in SourceAssetDB has modification time of '2024-12-05T16:46:12.6373848Z' while content on disk has modification time of '2024-12-05T16:46:47.2999686Z'
  ERROR: Build asset version error: assets/scripts/scenemanagercontroller.cs in SourceAssetDB has modification time of '2024-12-05T16:46:12.6373848Z' while content on disk has modification time of '2024-12-05T16:46:47.2999686Z'
Number of updated asset objects reloaded before import = 0
Number of asset objects unloaded after import = 0
========================================================================
Received Import Request.
  Time since last request: 0.018369 seconds.
  path: Assets/Scripts/SceneManagerController.cs
  artifactKey: Guid(f8c1f5b52e608604e99a51b88c3fb697) Importer(815301076,1909f56bfc062723c751e8b465ee728b)
Start importing Assets/Scripts/SceneManagerController.cs using Guid(f8c1f5b52e608604e99a51b88c3fb697) Importer(815301076,1909f56bfc062723c751e8b465ee728b) [PhysX] Initialized MultithreadedTaskDispatcher with 4 workers.
 -> (artifact id: '00000000000000000000000000000000') in 0.001615 seconds
Import Error Code:(4)
Message: Build asset version error: assets/scripts/scenemanagercontroller.cs in SourceAssetDB has modification time of '2024-12-05T16:46:12.6373848Z' while content on disk has modification time of '2024-12-05T16:46:47.2999686Z'
  ERROR: Build asset version error: assets/scripts/scenemanagercontroller.cs in SourceAssetDB has modification time of '2024-12-05T16:46:12.6373848Z' while content on disk has modification time of '2024-12-05T16:46:47.2999686Z'
Number of updated asset objects reloaded before import = 0
Number of asset objects unloaded after import = 0
========================================================================
Received Import Request.
  Time since last request: 0.016970 seconds.
  path: Assets/Scripts/SceneManagerController.cs
  artifactKey: Guid(f8c1f5b52e608604e99a51b88c3fb697) Importer(815301076,1909f56bfc062723c751e8b465ee728b)
Start importing Assets/Scripts/SceneManagerController.cs using Guid(f8c1f5b52e608604e99a51b88c3fb697) Importer(815301076,1909f56bfc062723c751e8b465ee728b) [PhysX] Initialized MultithreadedTaskDispatcher with 4 workers.
 -> (artifact id: '00000000000000000000000000000000') in 0.001192 seconds
Import Error Code:(4)
Message: Build asset version error: assets/scripts/scenemanagercontroller.cs in SourceAssetDB has modification time of '2024-12-05T16:46:12.6373848Z' while content on disk has modification time of '2024-12-05T16:46:47.2999686Z'
  ERROR: Build asset version error: assets/scripts/scenemanagercontroller.cs in SourceAssetDB has modification time of '2024-12-05T16:46:12.6373848Z' while content on disk has modification time of '2024-12-05T16:46:47.2999686Z'
Number of updated asset objects reloaded before import = 0
Number of asset objects unloaded after import = 0
========================================================================
Received Import Request.
  Time since last request: 0.016714 seconds.
  path: Assets/Scripts/SceneManagerController.cs
  artifactKey: Guid(f8c1f5b52e608604e99a51b88c3fb697) Importer(815301076,1909f56bfc062723c751e8b465ee728b)
Start importing Assets/Scripts/SceneManagerController.cs using Guid(f8c1f5b52e608604e99a51b88c3fb697) Importer(815301076,1909f56bfc062723c751e8b465ee728b) [PhysX] Initialized MultithreadedTaskDispatcher with 4 workers.
 -> (artifact id: '00000000000000000000000000000000') in 0.001355 seconds
Import Error Code:(4)
Message: Build asset version error: assets/scripts/scenemanagercontroller.cs in SourceAssetDB has modification time of '2024-12-05T16:46:12.6373848Z' while content on disk has modification time of '2024-12-05T16:46:47.2999686Z'
  ERROR: Build asset version error: assets/scripts/scenemanagercontroller.cs in SourceAssetDB has modification time of '2024-12-05T16:46:12.6373848Z' while content on disk has modification time of '2024-12-05T16:46:47.2999686Z'
Number of updated asset objects reloaded before import = 0
Number of asset objects unloaded after import = 0
========================================================================
Received Import Request.
  Time since last request: 0.016775 seconds.
  path: Assets/Scripts/SceneManagerController.cs
  artifactKey: Guid(f8c1f5b52e608604e99a51b88c3fb697) Importer(815301076,1909f56bfc062723c751e8b465ee728b)
Start importing Assets/Scripts/SceneManagerController.cs using Guid(f8c1f5b52e608604e99a51b88c3fb697) Importer(815301076,1909f56bfc062723c751e8b465ee728b) [PhysX] Initialized MultithreadedTaskDispatcher with 4 workers.
 -> (artifact id: '00000000000000000000000000000000') in 0.001491 seconds
Import Error Code:(4)
Message: Build asset version error: assets/scripts/scenemanagercontroller.cs in SourceAssetDB has modification time of '2024-12-05T16:46:12.6373848Z' while content on disk has modification time of '2024-12-05T16:46:47.2999686Z'
  ERROR: Build asset version error: assets/scripts/scenemanagercontroller.cs in SourceAssetDB has modification time of '2024-12-05T16:46:12.6373848Z' while content on disk has modification time of '2024-12-05T16:46:47.2999686Z'
Number of updated asset objects reloaded before import = 0
Number of asset objects unloaded after import = 0
========================================================================
Received Import Request.
  Time since last request: 0.017272 seconds.
  path: Assets/Scripts/SceneManagerController.cs
  artifactKey: Guid(f8c1f5b52e608604e99a51b88c3fb697) Importer(815301076,1909f56bfc062723c751e8b465ee728b)
Start importing Assets/Scripts/SceneManagerController.cs using Guid(f8c1f5b52e608604e99a51b88c3fb697) Importer(815301076,1909f56bfc062723c751e8b465ee728b) [PhysX] Initialized MultithreadedTaskDispatcher with 4 workers.
 -> (artifact id: '00000000000000000000000000000000') in 0.001089 seconds
Import Error Code:(4)
Message: Build asset version error: assets/scripts/scenemanagercontroller.cs in SourceAssetDB has modification time of '2024-12-05T16:46:12.6373848Z' while content on disk has modification time of '2024-12-05T16:46:47.2999686Z'
  ERROR: Build asset version error: assets/scripts/scenemanagercontroller.cs in SourceAssetDB has modification time of '2024-12-05T16:46:12.6373848Z' while content on disk has modification time of '2024-12-05T16:46:47.2999686Z'
Number of updated asset objects reloaded before import = 0
Number of asset objects unloaded after import = 0
========================================================================
Received Import Request.
  Time since last request: 0.018701 seconds.
  path: Assets/Scripts/SceneManagerController.cs
  artifactKey: Guid(f8c1f5b52e608604e99a51b88c3fb697) Importer(815301076,1909f56bfc062723c751e8b465ee728b)
Start importing Assets/Scripts/SceneManagerController.cs using Guid(f8c1f5b52e608604e99a51b88c3fb697) Importer(815301076,1909f56bfc062723c751e8b465ee728b) [PhysX] Initialized MultithreadedTaskDispatcher with 4 workers.
 -> (artifact id: '00000000000000000000000000000000') in 0.001238 seconds
Import Error Code:(4)
Message: Build asset version error: assets/scripts/scenemanagercontroller.cs in SourceAssetDB has modification time of '2024-12-05T16:46:12.6373848Z' while content on disk has modification time of '2024-12-05T16:46:47.2999686Z'
  ERROR: Build asset version error: assets/scripts/scenemanagercontroller.cs in SourceAssetDB has modification time of '2024-12-05T16:46:12.6373848Z' while content on disk has modification time of '2024-12-05T16:46:47.2999686Z'
Number of updated asset objects reloaded before import = 0
Number of asset objects unloaded after import = 0
========================================================================
Received Import Request.
  Time since last request: 0.016960 seconds.
  path: Assets/Scripts/SceneManagerController.cs
  artifactKey: Guid(f8c1f5b52e608604e99a51b88c3fb697) Importer(815301076,1909f56bfc062723c751e8b465ee728b)
Start importing Assets/Scripts/SceneManagerController.cs using Guid(f8c1f5b52e608604e99a51b88c3fb697) Importer(815301076,1909f56bfc062723c751e8b465ee728b) [PhysX] Initialized MultithreadedTaskDispatcher with 4 workers.
 -> (artifact id: '00000000000000000000000000000000') in 0.001217 seconds
Import Error Code:(4)
Message: Build asset version error: assets/scripts/scenemanagercontroller.cs in SourceAssetDB has modification time of '2024-12-05T16:46:12.6373848Z' while content on disk has modification time of '2024-12-05T16:46:47.2999686Z'
  ERROR: Build asset version error: assets/scripts/scenemanagercontroller.cs in SourceAssetDB has modification time of '2024-12-05T16:46:12.6373848Z' while content on disk has modification time of '2024-12-05T16:46:47.2999686Z'
Number of updated asset objects reloaded before import = 0
Number of asset objects unloaded after import = 0
========================================================================
Received Import Request.
  Time since last request: 0.016777 seconds.
  path: Assets/Scripts/SceneManagerController.cs
  artifactKey: Guid(f8c1f5b52e608604e99a51b88c3fb697) Importer(815301076,1909f56bfc062723c751e8b465ee728b)
Start importing Assets/Scripts/SceneManagerController.cs using Guid(f8c1f5b52e608604e99a51b88c3fb697) Importer(815301076,1909f56bfc062723c751e8b465ee728b) [PhysX] Initialized MultithreadedTaskDispatcher with 4 workers.
 -> (artifact id: '00000000000000000000000000000000') in 0.001662 seconds
Import Error Code:(4)
Message: Build asset version error: assets/scripts/scenemanagercontroller.cs in SourceAssetDB has modification time of '2024-12-05T16:46:12.6373848Z' while content on disk has modification time of '2024-12-05T16:46:47.2999686Z'
  ERROR: Build asset version error: assets/scripts/scenemanagercontroller.cs in SourceAssetDB has modification time of '2024-12-05T16:46:12.6373848Z' while content on disk has modification time of '2024-12-05T16:46:47.2999686Z'
Number of updated asset objects reloaded before import = 0
Number of asset objects unloaded after import = 0
========================================================================
Received Import Request.
  Time since last request: 0.017331 seconds.
  path: Assets/Scripts/SceneManagerController.cs
  artifactKey: Guid(f8c1f5b52e608604e99a51b88c3fb697) Importer(815301076,1909f56bfc062723c751e8b465ee728b)
Start importing Assets/Scripts/SceneManagerController.cs using Guid(f8c1f5b52e608604e99a51b88c3fb697) Importer(815301076,1909f56bfc062723c751e8b465ee728b) [PhysX] Initialized MultithreadedTaskDispatcher with 4 workers.
 -> (artifact id: '00000000000000000000000000000000') in 0.001633 seconds
Import Error Code:(4)
Message: Build asset version error: assets/scripts/scenemanagercontroller.cs in SourceAssetDB has modification time of '2024-12-05T16:46:12.6373848Z' while content on disk has modification time of '2024-12-05T16:46:47.2999686Z'
  ERROR: Build asset version error: assets/scripts/scenemanagercontroller.cs in SourceAssetDB has modification time of '2024-12-05T16:46:12.6373848Z' while content on disk has modification time of '2024-12-05T16:46:47.2999686Z'
Number of updated asset objects reloaded before import = 0
Number of asset objects unloaded after import = 0
========================================================================
Received Import Request.
  Time since last request: 0.018716 seconds.
  path: Assets/Scripts/SceneManagerController.cs
  artifactKey: Guid(f8c1f5b52e608604e99a51b88c3fb697) Importer(815301076,1909f56bfc062723c751e8b465ee728b)
Start importing Assets/Scripts/SceneManagerController.cs using Guid(f8c1f5b52e608604e99a51b88c3fb697) Importer(815301076,1909f56bfc062723c751e8b465ee728b) [PhysX] Initialized MultithreadedTaskDispatcher with 4 workers.
 -> (artifact id: '00000000000000000000000000000000') in 0.001688 seconds
Import Error Code:(4)
Message: Build asset version error: assets/scripts/scenemanagercontroller.cs in SourceAssetDB has modification time of '2024-12-05T16:46:12.6373848Z' while content on disk has modification time of '2024-12-05T16:46:47.2999686Z'
  ERROR: Build asset version error: assets/scripts/scenemanagercontroller.cs in SourceAssetDB has modification time of '2024-12-05T16:46:12.6373848Z' while content on disk has modification time of '2024-12-05T16:46:47.2999686Z'
Number of updated asset objects reloaded before import = 0
Number of asset objects unloaded after import = 0
========================================================================
Received Import Request.
  Time since last request: 0.017707 seconds.
  path: Assets/Scripts/SceneManagerController.cs
  artifactKey: Guid(f8c1f5b52e608604e99a51b88c3fb697) Importer(815301076,1909f56bfc062723c751e8b465ee728b)
Start importing Assets/Scripts/SceneManagerController.cs using Guid(f8c1f5b52e608604e99a51b88c3fb697) Importer(815301076,1909f56bfc062723c751e8b465ee728b) [PhysX] Initialized MultithreadedTaskDispatcher with 4 workers.
 -> (artifact id: '00000000000000000000000000000000') in 0.001152 seconds
Import Error Code:(4)
Message: Build asset version error: assets/scripts/scenemanagercontroller.cs in SourceAssetDB has modification time of '2024-12-05T16:46:12.6373848Z' while content on disk has modification time of '2024-12-05T16:46:47.2999686Z'
  ERROR: Build asset version error: assets/scripts/scenemanagercontroller.cs in SourceAssetDB has modification time of '2024-12-05T16:46:12.6373848Z' while content on disk has modification time of '2024-12-05T16:46:47.2999686Z'
Number of updated asset objects reloaded before import = 0
Number of asset objects unloaded after import = 0
========================================================================
Received Import Request.
  Time since last request: 0.018984 seconds.
  path: Assets/Scripts/SceneManagerController.cs
  artifactKey: Guid(f8c1f5b52e608604e99a51b88c3fb697) Importer(815301076,1909f56bfc062723c751e8b465ee728b)
Start importing Assets/Scripts/SceneManagerController.cs using Guid(f8c1f5b52e608604e99a51b88c3fb697) Importer(815301076,1909f56bfc062723c751e8b465ee728b) [PhysX] Initialized MultithreadedTaskDispatcher with 4 workers.
 -> (artifact id: '00000000000000000000000000000000') in 0.001506 seconds
Import Error Code:(4)
Message: Build asset version error: assets/scripts/scenemanagercontroller.cs in SourceAssetDB has modification time of '2024-12-05T16:46:12.6373848Z' while content on disk has modification time of '2024-12-05T16:46:47.2999686Z'
  ERROR: Build asset version error: assets/scripts/scenemanagercontroller.cs in SourceAssetDB has modification time of '2024-12-05T16:46:12.6373848Z' while content on disk has modification time of '2024-12-05T16:46:47.2999686Z'
Number of updated asset objects reloaded before import = 0
Number of asset objects unloaded after import = 0
========================================================================
Received Import Request.
  Time since last request: 0.015814 seconds.
  path: Assets/Scripts/SceneManagerController.cs
  artifactKey: Guid(f8c1f5b52e608604e99a51b88c3fb697) Importer(815301076,1909f56bfc062723c751e8b465ee728b)
Start importing Assets/Scripts/SceneManagerController.cs using Guid(f8c1f5b52e608604e99a51b88c3fb697) Importer(815301076,1909f56bfc062723c751e8b465ee728b) [PhysX] Initialized MultithreadedTaskDispatcher with 4 workers.
 -> (artifact id: '00000000000000000000000000000000') in 0.001044 seconds
Import Error Code:(4)
Message: Build asset version error: assets/scripts/scenemanagercontroller.cs in SourceAssetDB has modification time of '2024-12-05T16:46:12.6373848Z' while content on disk has modification time of '2024-12-05T16:46:47.2999686Z'
  ERROR: Build asset version error: assets/scripts/scenemanagercontroller.cs in SourceAssetDB has modification time of '2024-12-05T16:46:12.6373848Z' while content on disk has modification time of '2024-12-05T16:46:47.2999686Z'
Number of updated asset objects reloaded before import = 0
Number of asset objects unloaded after import = 0
========================================================================
Received Import Request.
  Time since last request: 0.016113 seconds.
  path: Assets/Scripts/SceneManagerController.cs
  artifactKey: Guid(f8c1f5b52e608604e99a51b88c3fb697) Importer(815301076,1909f56bfc062723c751e8b465ee728b)
Start importing Assets/Scripts/SceneManagerController.cs using Guid(f8c1f5b52e608604e99a51b88c3fb697) Importer(815301076,1909f56bfc062723c751e8b465ee728b) [PhysX] Initialized MultithreadedTaskDispatcher with 4 workers.
 -> (artifact id: '00000000000000000000000000000000') in 0.001058 seconds
Import Error Code:(4)
Message: Build asset version error: assets/scripts/scenemanagercontroller.cs in SourceAssetDB has modification time of '2024-12-05T16:46:12.6373848Z' while content on disk has modification time of '2024-12-05T16:46:47.2999686Z'
  ERROR: Build asset version error: assets/scripts/scenemanagercontroller.cs in SourceAssetDB has modification time of '2024-12-05T16:46:12.6373848Z' while content on disk has modification time of '2024-12-05T16:46:47.2999686Z'
Number of updated asset objects reloaded before import = 0
Number of asset objects unloaded after import = 0
========================================================================
Received Import Request.
  Time since last request: 0.015650 seconds.
  path: Assets/Scripts/SceneManagerController.cs
  artifactKey: Guid(f8c1f5b52e608604e99a51b88c3fb697) Importer(815301076,1909f56bfc062723c751e8b465ee728b)
Start importing Assets/Scripts/SceneManagerController.cs using Guid(f8c1f5b52e608604e99a51b88c3fb697) Importer(815301076,1909f56bfc062723c751e8b465ee728b) [PhysX] Initialized MultithreadedTaskDispatcher with 4 workers.
 -> (artifact id: '00000000000000000000000000000000') in 0.001194 seconds
Import Error Code:(4)
Message: Build asset version error: assets/scripts/scenemanagercontroller.cs in SourceAssetDB has modification time of '2024-12-05T16:46:12.6373848Z' while content on disk has modification time of '2024-12-05T16:46:47.2999686Z'
  ERROR: Build asset version error: assets/scripts/scenemanagercontroller.cs in SourceAssetDB has modification time of '2024-12-05T16:46:12.6373848Z' while content on disk has modification time of '2024-12-05T16:46:47.2999686Z'
Number of updated asset objects reloaded before import = 0
Number of asset objects unloaded after import = 0
========================================================================
Received Import Request.
  Time since last request: 0.017317 seconds.
  path: Assets/Scripts/SceneManagerController.cs
  artifactKey: Guid(f8c1f5b52e608604e99a51b88c3fb697) Importer(815301076,1909f56bfc062723c751e8b465ee728b)
Start importing Assets/Scripts/SceneManagerController.cs using Guid(f8c1f5b52e608604e99a51b88c3fb697) Importer(815301076,1909f56bfc062723c751e8b465ee728b) [PhysX] Initialized MultithreadedTaskDispatcher with 4 workers.
 -> (artifact id: '00000000000000000000000000000000') in 0.001544 seconds
Import Error Code:(4)
Message: Build asset version error: assets/scripts/scenemanagercontroller.cs in SourceAssetDB has modification time of '2024-12-05T16:46:12.6373848Z' while content on disk has modification time of '2024-12-05T16:46:47.2999686Z'
  ERROR: Build asset version error: assets/scripts/scenemanagercontroller.cs in SourceAssetDB has modification time of '2024-12-05T16:46:12.6373848Z' while content on disk has modification time of '2024-12-05T16:46:47.2999686Z'
Number of updated asset objects reloaded before import = 0
Number of asset objects unloaded after import = 0
========================================================================
Received Import Request.
  Time since last request: 0.026162 seconds.
  path: Assets/Scripts/SceneManagerController.cs
  artifactKey: Guid(f8c1f5b52e608604e99a51b88c3fb697) Importer(815301076,1909f56bfc062723c751e8b465ee728b)
Start importing Assets/Scripts/SceneManagerController.cs using Guid(f8c1f5b52e608604e99a51b88c3fb697) Importer(815301076,1909f56bfc062723c751e8b465ee728b) [PhysX] Initialized MultithreadedTaskDispatcher with 4 workers.
 -> (artifact id: '00000000000000000000000000000000') in 0.001735 seconds
Import Error Code:(4)
Message: Build asset version error: assets/scripts/scenemanagercontroller.cs in SourceAssetDB has modification time of '2024-12-05T16:46:12.6373848Z' while content on disk has modification time of '2024-12-05T16:46:47.2999686Z'
  ERROR: Build asset version error: assets/scripts/scenemanagercontroller.cs in SourceAssetDB has modification time of '2024-12-05T16:46:12.6373848Z' while content on disk has modification time of '2024-12-05T16:46:47.2999686Z'
Number of updated asset objects reloaded before import = 0
Number of asset objects unloaded after import = 0
========================================================================
Received Import Request.
  Time since last request: 0.027872 seconds.
  path: Assets/Scripts/SceneManagerController.cs
  artifactKey: Guid(f8c1f5b52e608604e99a51b88c3fb697) Importer(815301076,1909f56bfc062723c751e8b465ee728b)
Start importing Assets/Scripts/SceneManagerController.cs using Guid(f8c1f5b52e608604e99a51b88c3fb697) Importer(815301076,1909f56bfc062723c751e8b465ee728b) [PhysX] Initialized MultithreadedTaskDispatcher with 4 workers.
 -> (artifact id: '00000000000000000000000000000000') in 0.002239 seconds
Import Error Code:(4)
Message: Build asset version error: assets/scripts/scenemanagercontroller.cs in SourceAssetDB has modification time of '2024-12-05T16:46:12.6373848Z' while content on disk has modification time of '2024-12-05T16:46:47.2999686Z'
  ERROR: Build asset version error: assets/scripts/scenemanagercontroller.cs in SourceAssetDB has modification time of '2024-12-05T16:46:12.6373848Z' while content on disk has modification time of '2024-12-05T16:46:47.2999686Z'
Number of updated asset objects reloaded before import = 0
Number of asset objects unloaded after import = 0
========================================================================
Received Import Request.
  Time since last request: 0.025441 seconds.
  path: Assets/Scripts/SceneManagerController.cs
  artifactKey: Guid(f8c1f5b52e608604e99a51b88c3fb697) Importer(815301076,1909f56bfc062723c751e8b465ee728b)
Start importing Assets/Scripts/SceneManagerController.cs using Guid(f8c1f5b52e608604e99a51b88c3fb697) Importer(815301076,1909f56bfc062723c751e8b465ee728b) [PhysX] Initialized MultithreadedTaskDispatcher with 4 workers.
 -> (artifact id: '00000000000000000000000000000000') in 0.001850 seconds
Import Error Code:(4)
Message: Build asset version error: assets/scripts/scenemanagercontroller.cs in SourceAssetDB has modification time of '2024-12-05T16:46:12.6373848Z' while content on disk has modification time of '2024-12-05T16:46:47.2999686Z'
  ERROR: Build asset version error: assets/scripts/scenemanagercontroller.cs in SourceAssetDB has modification time of '2024-12-05T16:46:12.6373848Z' while content on disk has modification time of '2024-12-05T16:46:47.2999686Z'
Number of updated asset objects reloaded before import = 0
Number of asset objects unloaded after import = 0
========================================================================
Received Import Request.
  Time since last request: 0.024538 seconds.
  path: Assets/Scripts/SceneManagerController.cs
  artifactKey: Guid(f8c1f5b52e608604e99a51b88c3fb697) Importer(815301076,1909f56bfc062723c751e8b465ee728b)
Start importing Assets/Scripts/SceneManagerController.cs using Guid(f8c1f5b52e608604e99a51b88c3fb697) Importer(815301076,1909f56bfc062723c751e8b465ee728b) [PhysX] Initialized MultithreadedTaskDispatcher with 4 workers.
 -> (artifact id: '00000000000000000000000000000000') in 0.004029 seconds
Import Error Code:(4)
Message: Build asset version error: assets/scripts/scenemanagercontroller.cs in SourceAssetDB has modification time of '2024-12-05T16:46:12.6373848Z' while content on disk has modification time of '2024-12-05T16:46:47.2999686Z'
  ERROR: Build asset version error: assets/scripts/scenemanagercontroller.cs in SourceAssetDB has modification time of '2024-12-05T16:46:12.6373848Z' while content on disk has modification time of '2024-12-05T16:46:47.2999686Z'
Number of updated asset objects reloaded before import = 0
Number of asset objects unloaded after import = 0
========================================================================
Received Import Request.
  Time since last request: 0.015915 seconds.
  path: Assets/Scripts/SceneManagerController.cs
  artifactKey: Guid(f8c1f5b52e608604e99a51b88c3fb697) Importer(815301076,1909f56bfc062723c751e8b465ee728b)
Start importing Assets/Scripts/SceneManagerController.cs using Guid(f8c1f5b52e608604e99a51b88c3fb697) Importer(815301076,1909f56bfc062723c751e8b465ee728b) [PhysX] Initialized MultithreadedTaskDispatcher with 4 workers.
 -> (artifact id: '00000000000000000000000000000000') in 0.001837 seconds
Import Error Code:(4)
Message: Build asset version error: assets/scripts/scenemanagercontroller.cs in SourceAssetDB has modification time of '2024-12-05T16:46:12.6373848Z' while content on disk has modification time of '2024-12-05T16:46:47.2999686Z'
  ERROR: Build asset version error: assets/scripts/scenemanagercontroller.cs in SourceAssetDB has modification time of '2024-12-05T16:46:12.6373848Z' while content on disk has modification time of '2024-12-05T16:46:47.2999686Z'
Number of updated asset objects reloaded before import = 0
Number of asset objects unloaded after import = 0
========================================================================
Received Import Request.
  Time since last request: 0.020163 seconds.
  path: Assets/Scripts/SceneManagerController.cs
  artifactKey: Guid(f8c1f5b52e608604e99a51b88c3fb697) Importer(815301076,1909f56bfc062723c751e8b465ee728b)
Start importing Assets/Scripts/SceneManagerController.cs using Guid(f8c1f5b52e608604e99a51b88c3fb697) Importer(815301076,1909f56bfc062723c751e8b465ee728b) [PhysX] Initialized MultithreadedTaskDispatcher with 4 workers.
 -> (artifact id: '00000000000000000000000000000000') in 0.001125 seconds
Import Error Code:(4)
Message: Build asset version error: assets/scripts/scenemanagercontroller.cs in SourceAssetDB has modification time of '2024-12-05T16:46:12.6373848Z' while content on disk has modification time of '2024-12-05T16:46:47.2999686Z'
  ERROR: Build asset version error: assets/scripts/scenemanagercontroller.cs in SourceAssetDB has modification time of '2024-12-05T16:46:12.6373848Z' while content on disk has modification time of '2024-12-05T16:46:47.2999686Z'
Number of updated asset objects reloaded before import = 0
Number of asset objects unloaded after import = 0
========================================================================
Received Import Request.
  Time since last request: 0.017254 seconds.
  path: Assets/Scripts/SceneManagerController.cs
  artifactKey: Guid(f8c1f5b52e608604e99a51b88c3fb697) Importer(815301076,1909f56bfc062723c751e8b465ee728b)
Start importing Assets/Scripts/SceneManagerController.cs using Guid(f8c1f5b52e608604e99a51b88c3fb697) Importer(815301076,1909f56bfc062723c751e8b465ee728b) [PhysX] Initialized MultithreadedTaskDispatcher with 4 workers.
 -> (artifact id: '00000000000000000000000000000000') in 0.001806 seconds
Import Error Code:(4)
Message: Build asset version error: assets/scripts/scenemanagercontroller.cs in SourceAssetDB has modification time of '2024-12-05T16:46:12.6373848Z' while content on disk has modification time of '2024-12-05T16:46:47.2999686Z'
  ERROR: Build asset version error: assets/scripts/scenemanagercontroller.cs in SourceAssetDB has modification time of '2024-12-05T16:46:12.6373848Z' while content on disk has modification time of '2024-12-05T16:46:47.2999686Z'
Number of updated asset objects reloaded before import = 0
Number of asset objects unloaded after import = 0
========================================================================
Received Import Request.
  Time since last request: 0.019132 seconds.
  path: Assets/Scripts/SceneManagerController.cs
  artifactKey: Guid(f8c1f5b52e608604e99a51b88c3fb697) Importer(815301076,1909f56bfc062723c751e8b465ee728b)
Start importing Assets/Scripts/SceneManagerController.cs using Guid(f8c1f5b52e608604e99a51b88c3fb697) Importer(815301076,1909f56bfc062723c751e8b465ee728b) [PhysX] Initialized MultithreadedTaskDispatcher with 4 workers.
 -> (artifact id: '00000000000000000000000000000000') in 0.003601 seconds
Import Error Code:(4)
Message: Build asset version error: assets/scripts/scenemanagercontroller.cs in SourceAssetDB has modification time of '2024-12-05T16:46:12.6373848Z' while content on disk has modification time of '2024-12-05T16:46:47.2999686Z'
  ERROR: Build asset version error: assets/scripts/scenemanagercontroller.cs in SourceAssetDB has modification time of '2024-12-05T16:46:12.6373848Z' while content on disk has modification time of '2024-12-05T16:46:47.2999686Z'
Number of updated asset objects reloaded before import = 0
Number of asset objects unloaded after import = 0
========================================================================
Received Import Request.
  Time since last request: 0.002563 seconds.
  path: Assets/Scripts/SceneManagerController.cs
  artifactKey: Guid(f8c1f5b52e608604e99a51b88c3fb697) Importer(815301076,1909f56bfc062723c751e8b465ee728b)
Start importing Assets/Scripts/SceneManagerController.cs using Guid(f8c1f5b52e608604e99a51b88c3fb697) Importer(815301076,1909f56bfc062723c751e8b465ee728b) [PhysX] Initialized MultithreadedTaskDispatcher with 4 workers.
 -> (artifact id: '00000000000000000000000000000000') in 0.001254 seconds
Import Error Code:(4)
Message: Build asset version error: assets/scripts/scenemanagercontroller.cs in SourceAssetDB has modification time of '2024-12-05T16:46:12.6373848Z' while content on disk has modification time of '2024-12-05T16:46:47.2999686Z'
  ERROR: Build asset version error: assets/scripts/scenemanagercontroller.cs in SourceAssetDB has modification time of '2024-12-05T16:46:12.6373848Z' while content on disk has modification time of '2024-12-05T16:46:47.2999686Z'
Number of updated asset objects reloaded before import = 0
Number of asset objects unloaded after import = 0
========================================================================
Received Import Request.
  Time since last request: 0.019284 seconds.
  path: Assets/Scripts/SceneManagerController.cs
  artifactKey: Guid(f8c1f5b52e608604e99a51b88c3fb697) Importer(815301076,1909f56bfc062723c751e8b465ee728b)
Start importing Assets/Scripts/SceneManagerController.cs using Guid(f8c1f5b52e608604e99a51b88c3fb697) Importer(815301076,1909f56bfc062723c751e8b465ee728b) [PhysX] Initialized MultithreadedTaskDispatcher with 4 workers.
 -> (artifact id: '00000000000000000000000000000000') in 0.002955 seconds
Import Error Code:(4)
Message: Build asset version error: assets/scripts/scenemanagercontroller.cs in SourceAssetDB has modification time of '2024-12-05T16:46:12.6373848Z' while content on disk has modification time of '2024-12-05T16:46:47.2999686Z'
  ERROR: Build asset version error: assets/scripts/scenemanagercontroller.cs in SourceAssetDB has modification time of '2024-12-05T16:46:12.6373848Z' while content on disk has modification time of '2024-12-05T16:46:47.2999686Z'
Number of updated asset objects reloaded before import = 0
Number of asset objects unloaded after import = 0
========================================================================
Received Import Request.
  Time since last request: 0.002652 seconds.
  path: Assets/Scripts/SceneManagerController.cs
  artifactKey: Guid(f8c1f5b52e608604e99a51b88c3fb697) Importer(815301076,1909f56bfc062723c751e8b465ee728b)
Start importing Assets/Scripts/SceneManagerController.cs using Guid(f8c1f5b52e608604e99a51b88c3fb697) Importer(815301076,1909f56bfc062723c751e8b465ee728b) [PhysX] Initialized MultithreadedTaskDispatcher with 4 workers.
 -> (artifact id: '00000000000000000000000000000000') in 0.001237 seconds
Import Error Code:(4)
Message: Build asset version error: assets/scripts/scenemanagercontroller.cs in SourceAssetDB has modification time of '2024-12-05T16:46:12.6373848Z' while content on disk has modification time of '2024-12-05T16:46:47.2999686Z'
  ERROR: Build asset version error: assets/scripts/scenemanagercontroller.cs in SourceAssetDB has modification time of '2024-12-05T16:46:12.6373848Z' while content on disk has modification time of '2024-12-05T16:46:47.2999686Z'
Number of updated asset objects reloaded before import = 0
Number of asset objects unloaded after import = 0
========================================================================
Received Import Request.
  Time since last request: 0.015185 seconds.
  path: Assets/Scripts/SceneManagerController.cs
  artifactKey: Guid(f8c1f5b52e608604e99a51b88c3fb697) Importer(815301076,1909f56bfc062723c751e8b465ee728b)
Start importing Assets/Scripts/SceneManagerController.cs using Guid(f8c1f5b52e608604e99a51b88c3fb697) Importer(815301076,1909f56bfc062723c751e8b465ee728b) [PhysX] Initialized MultithreadedTaskDispatcher with 4 workers.
 -> (artifact id: '00000000000000000000000000000000') in 0.001099 seconds
Import Error Code:(4)
Message: Build asset version error: assets/scripts/scenemanagercontroller.cs in SourceAssetDB has modification time of '2024-12-05T16:46:12.6373848Z' while content on disk has modification time of '2024-12-05T16:46:47.2999686Z'
  ERROR: Build asset version error: assets/scripts/scenemanagercontroller.cs in SourceAssetDB has modification time of '2024-12-05T16:46:12.6373848Z' while content on disk has modification time of '2024-12-05T16:46:47.2999686Z'
Number of updated asset objects reloaded before import = 0
Number of asset objects unloaded after import = 0
========================================================================
Received Import Request.
  Time since last request: 0.016815 seconds.
  path: Assets/Scripts/SceneManagerController.cs
  artifactKey: Guid(f8c1f5b52e608604e99a51b88c3fb697) Importer(815301076,1909f56bfc062723c751e8b465ee728b)
Start importing Assets/Scripts/SceneManagerController.cs using Guid(f8c1f5b52e608604e99a51b88c3fb697) Importer(815301076,1909f56bfc062723c751e8b465ee728b) [PhysX] Initialized MultithreadedTaskDispatcher with 4 workers.
 -> (artifact id: '00000000000000000000000000000000') in 0.001258 seconds
Import Error Code:(4)
Message: Build asset version error: assets/scripts/scenemanagercontroller.cs in SourceAssetDB has modification time of '2024-12-05T16:46:12.6373848Z' while content on disk has modification time of '2024-12-05T16:46:47.2999686Z'
  ERROR: Build asset version error: assets/scripts/scenemanagercontroller.cs in SourceAssetDB has modification time of '2024-12-05T16:46:12.6373848Z' while content on disk has modification time of '2024-12-05T16:46:47.2999686Z'
Number of updated asset objects reloaded before import = 0
Number of asset objects unloaded after import = 0
========================================================================
Received Import Request.
  Time since last request: 0.018458 seconds.
  path: Assets/Scripts/SceneManagerController.cs
  artifactKey: Guid(f8c1f5b52e608604e99a51b88c3fb697) Importer(815301076,1909f56bfc062723c751e8b465ee728b)
Start importing Assets/Scripts/SceneManagerController.cs using Guid(f8c1f5b52e608604e99a51b88c3fb697) Importer(815301076,1909f56bfc062723c751e8b465ee728b) [PhysX] Initialized MultithreadedTaskDispatcher with 4 workers.
 -> (artifact id: '00000000000000000000000000000000') in 0.001979 seconds
Import Error Code:(4)
Message: Build asset version error: assets/scripts/scenemanagercontroller.cs in SourceAssetDB has modification time of '2024-12-05T16:46:12.6373848Z' while content on disk has modification time of '2024-12-05T16:46:47.2999686Z'
  ERROR: Build asset version error: assets/scripts/scenemanagercontroller.cs in SourceAssetDB has modification time of '2024-12-05T16:46:12.6373848Z' while content on disk has modification time of '2024-12-05T16:46:47.2999686Z'
Number of updated asset objects reloaded before import = 0
Number of asset objects unloaded after import = 0
========================================================================
Received Import Request.
  Time since last request: 0.016908 seconds.
  path: Assets/Scripts/SceneManagerController.cs
  artifactKey: Guid(f8c1f5b52e608604e99a51b88c3fb697) Importer(815301076,1909f56bfc062723c751e8b465ee728b)
Start importing Assets/Scripts/SceneManagerController.cs using Guid(f8c1f5b52e608604e99a51b88c3fb697) Importer(815301076,1909f56bfc062723c751e8b465ee728b) [PhysX] Initialized MultithreadedTaskDispatcher with 4 workers.
 -> (artifact id: '00000000000000000000000000000000') in 0.001033 seconds
Import Error Code:(4)
Message: Build asset version error: assets/scripts/scenemanagercontroller.cs in SourceAssetDB has modification time of '2024-12-05T16:46:12.6373848Z' while content on disk has modification time of '2024-12-05T16:46:47.2999686Z'
  ERROR: Build asset version error: assets/scripts/scenemanagercontroller.cs in SourceAssetDB has modification time of '2024-12-05T16:46:12.6373848Z' while content on disk has modification time of '2024-12-05T16:46:47.2999686Z'
Number of updated asset objects reloaded before import = 0
Number of asset objects unloaded after import = 0
========================================================================
Received Import Request.
  Time since last request: 0.019650 seconds.
  path: Assets/Scripts/SceneManagerController.cs
  artifactKey: Guid(f8c1f5b52e608604e99a51b88c3fb697) Importer(815301076,1909f56bfc062723c751e8b465ee728b)
Start importing Assets/Scripts/SceneManagerController.cs using Guid(f8c1f5b52e608604e99a51b88c3fb697) Importer(815301076,1909f56bfc062723c751e8b465ee728b) [PhysX] Initialized MultithreadedTaskDispatcher with 4 workers.
 -> (artifact id: '00000000000000000000000000000000') in 0.001199 seconds
Import Error Code:(4)
Message: Build asset version error: assets/scripts/scenemanagercontroller.cs in SourceAssetDB has modification time of '2024-12-05T16:46:12.6373848Z' while content on disk has modification time of '2024-12-05T16:46:47.2999686Z'
  ERROR: Build asset version error: assets/scripts/scenemanagercontroller.cs in SourceAssetDB has modification time of '2024-12-05T16:46:12.6373848Z' while content on disk has modification time of '2024-12-05T16:46:47.2999686Z'
Number of updated asset objects reloaded before import = 0
Number of asset objects unloaded after import = 0
========================================================================
Received Import Request.
  Time since last request: 0.032030 seconds.
  path: Assets/Scripts/SceneManagerController.cs
  artifactKey: Guid(f8c1f5b52e608604e99a51b88c3fb697) Importer(815301076,1909f56bfc062723c751e8b465ee728b)
Start importing Assets/Scripts/SceneManagerController.cs using Guid(f8c1f5b52e608604e99a51b88c3fb697) Importer(815301076,1909f56bfc062723c751e8b465ee728b) [PhysX] Initialized MultithreadedTaskDispatcher with 4 workers.
 -> (artifact id: '00000000000000000000000000000000') in 0.009849 seconds
Import Error Code:(4)
Message: Build asset version error: assets/scripts/scenemanagercontroller.cs in SourceAssetDB has modification time of '2024-12-05T16:46:12.6373848Z' while content on disk has modification time of '2024-12-05T16:46:47.2999686Z'
  ERROR: Build asset version error: assets/scripts/scenemanagercontroller.cs in SourceAssetDB has modification time of '2024-12-05T16:46:12.6373848Z' while content on disk has modification time of '2024-12-05T16:46:47.2999686Z'
Number of updated asset objects reloaded before import = 0
Number of asset objects unloaded after import = 0
========================================================================
Received Import Request.
  Time since last request: 0.002548 seconds.
  path: Assets/Scripts/SceneManagerController.cs
  artifactKey: Guid(f8c1f5b52e608604e99a51b88c3fb697) Importer(815301076,1909f56bfc062723c751e8b465ee728b)
Start importing Assets/Scripts/SceneManagerController.cs using Guid(f8c1f5b52e608604e99a51b88c3fb697) Importer(815301076,1909f56bfc062723c751e8b465ee728b) [PhysX] Initialized MultithreadedTaskDispatcher with 4 workers.
 -> (artifact id: '00000000000000000000000000000000') in 0.001134 seconds
Import Error Code:(4)
Message: Build asset version error: assets/scripts/scenemanagercontroller.cs in SourceAssetDB has modification time of '2024-12-05T16:46:12.6373848Z' while content on disk has modification time of '2024-12-05T16:46:47.2999686Z'
  ERROR: Build asset version error: assets/scripts/scenemanagercontroller.cs in SourceAssetDB has modification time of '2024-12-05T16:46:12.6373848Z' while content on disk has modification time of '2024-12-05T16:46:47.2999686Z'
Number of updated asset objects reloaded before import = 0
Number of asset objects unloaded after import = 0
========================================================================
Received Import Request.
  Time since last request: 0.027409 seconds.
  path: Assets/Scripts/SceneManagerController.cs
  artifactKey: Guid(f8c1f5b52e608604e99a51b88c3fb697) Importer(815301076,1909f56bfc062723c751e8b465ee728b)
Start importing Assets/Scripts/SceneManagerController.cs using Guid(f8c1f5b52e608604e99a51b88c3fb697) Importer(815301076,1909f56bfc062723c751e8b465ee728b) [PhysX] Initialized MultithreadedTaskDispatcher with 4 workers.
 -> (artifact id: '00000000000000000000000000000000') in 0.001614 seconds
Import Error Code:(4)
Message: Build asset version error: assets/scripts/scenemanagercontroller.cs in SourceAssetDB has modification time of '2024-12-05T16:46:12.6373848Z' while content on disk has modification time of '2024-12-05T16:46:47.2999686Z'
  ERROR: Build asset version error: assets/scripts/scenemanagercontroller.cs in SourceAssetDB has modification time of '2024-12-05T16:46:12.6373848Z' while content on disk has modification time of '2024-12-05T16:46:47.2999686Z'
Number of updated asset objects reloaded before import = 0
Number of asset objects unloaded after import = 0
========================================================================
Received Import Request.
  Time since last request: 0.021875 seconds.
  path: Assets/Scripts/SceneManagerController.cs
  artifactKey: Guid(f8c1f5b52e608604e99a51b88c3fb697) Importer(815301076,1909f56bfc062723c751e8b465ee728b)
Start importing Assets/Scripts/SceneManagerController.cs using Guid(f8c1f5b52e608604e99a51b88c3fb697) Importer(815301076,1909f56bfc062723c751e8b465ee728b) [PhysX] Initialized MultithreadedTaskDispatcher with 4 workers.
 -> (artifact id: '00000000000000000000000000000000') in 0.002458 seconds
Import Error Code:(4)
Message: Build asset version error: assets/scripts/scenemanagercontroller.cs in SourceAssetDB has modification time of '2024-12-05T16:46:12.6373848Z' while content on disk has modification time of '2024-12-05T16:46:47.2999686Z'
  ERROR: Build asset version error: assets/scripts/scenemanagercontroller.cs in SourceAssetDB has modification time of '2024-12-05T16:46:12.6373848Z' while content on disk has modification time of '2024-12-05T16:46:47.2999686Z'
Number of updated asset objects reloaded before import = 0
Number of asset objects unloaded after import = 0
========================================================================
Received Import Request.
  Time since last request: 0.017377 seconds.
  path: Assets/Scripts/SceneManagerController.cs
  artifactKey: Guid(f8c1f5b52e608604e99a51b88c3fb697) Importer(815301076,1909f56bfc062723c751e8b465ee728b)
Start importing Assets/Scripts/SceneManagerController.cs using Guid(f8c1f5b52e608604e99a51b88c3fb697) Importer(815301076,1909f56bfc062723c751e8b465ee728b) [PhysX] Initialized MultithreadedTaskDispatcher with 4 workers.
 -> (artifact id: '00000000000000000000000000000000') in 0.001080 seconds
Import Error Code:(4)
Message: Build asset version error: assets/scripts/scenemanagercontroller.cs in SourceAssetDB has modification time of '2024-12-05T16:46:12.6373848Z' while content on disk has modification time of '2024-12-05T16:46:47.2999686Z'
  ERROR: Build asset version error: assets/scripts/scenemanagercontroller.cs in SourceAssetDB has modification time of '2024-12-05T16:46:12.6373848Z' while content on disk has modification time of '2024-12-05T16:46:47.2999686Z'
Number of updated asset objects reloaded before import = 0
Number of asset objects unloaded after import = 0
========================================================================
Received Import Request.
  Time since last request: 0.017799 seconds.
  path: Assets/Scripts/SceneManagerController.cs
  artifactKey: Guid(f8c1f5b52e608604e99a51b88c3fb697) Importer(815301076,1909f56bfc062723c751e8b465ee728b)
Start importing Assets/Scripts/SceneManagerController.cs using Guid(f8c1f5b52e608604e99a51b88c3fb697) Importer(815301076,1909f56bfc062723c751e8b465ee728b) [PhysX] Initialized MultithreadedTaskDispatcher with 4 workers.
 -> (artifact id: '00000000000000000000000000000000') in 0.001550 seconds
Import Error Code:(4)
Message: Build asset version error: assets/scripts/scenemanagercontroller.cs in SourceAssetDB has modification time of '2024-12-05T16:46:12.6373848Z' while content on disk has modification time of '2024-12-05T16:46:47.2999686Z'
  ERROR: Build asset version error: assets/scripts/scenemanagercontroller.cs in SourceAssetDB has modification time of '2024-12-05T16:46:12.6373848Z' while content on disk has modification time of '2024-12-05T16:46:47.2999686Z'
Number of updated asset objects reloaded before import = 0
Number of asset objects unloaded after import = 0
========================================================================
Received Import Request.
  Time since last request: 0.016872 seconds.
  path: Assets/Scripts/SceneManagerController.cs
  artifactKey: Guid(f8c1f5b52e608604e99a51b88c3fb697) Importer(815301076,1909f56bfc062723c751e8b465ee728b)
Start importing Assets/Scripts/SceneManagerController.cs using Guid(f8c1f5b52e608604e99a51b88c3fb697) Importer(815301076,1909f56bfc062723c751e8b465ee728b) [PhysX] Initialized MultithreadedTaskDispatcher with 4 workers.
 -> (artifact id: '00000000000000000000000000000000') in 0.001035 seconds
Import Error Code:(4)
Message: Build asset version error: assets/scripts/scenemanagercontroller.cs in SourceAssetDB has modification time of '2024-12-05T16:46:12.6373848Z' while content on disk has modification time of '2024-12-05T16:46:47.2999686Z'
  ERROR: Build asset version error: assets/scripts/scenemanagercontroller.cs in SourceAssetDB has modification time of '2024-12-05T16:46:12.6373848Z' while content on disk has modification time of '2024-12-05T16:46:47.2999686Z'
Number of updated asset objects reloaded before import = 0
Number of asset objects unloaded after import = 0
========================================================================
Received Import Request.
  Time since last request: 0.021216 seconds.
  path: Assets/Scripts/SceneManagerController.cs
  artifactKey: Guid(f8c1f5b52e608604e99a51b88c3fb697) Importer(815301076,1909f56bfc062723c751e8b465ee728b)
Start importing Assets/Scripts/SceneManagerController.cs using Guid(f8c1f5b52e608604e99a51b88c3fb697) Importer(815301076,1909f56bfc062723c751e8b465ee728b) [PhysX] Initialized MultithreadedTaskDispatcher with 4 workers.
 -> (artifact id: '00000000000000000000000000000000') in 0.003120 seconds
Import Error Code:(4)
Message: Build asset version error: assets/scripts/scenemanagercontroller.cs in SourceAssetDB has modification time of '2024-12-05T16:46:12.6373848Z' while content on disk has modification time of '2024-12-05T16:46:47.2999686Z'
  ERROR: Build asset version error: assets/scripts/scenemanagercontroller.cs in SourceAssetDB has modification time of '2024-12-05T16:46:12.6373848Z' while content on disk has modification time of '2024-12-05T16:46:47.2999686Z'
Number of updated asset objects reloaded before import = 0
Number of asset objects unloaded after import = 0
========================================================================
Received Import Request.
  Time since last request: 0.002377 seconds.
  path: Assets/Scripts/SceneManagerController.cs
  artifactKey: Guid(f8c1f5b52e608604e99a51b88c3fb697) Importer(815301076,1909f56bfc062723c751e8b465ee728b)
Start importing Assets/Scripts/SceneManagerController.cs using Guid(f8c1f5b52e608604e99a51b88c3fb697) Importer(815301076,1909f56bfc062723c751e8b465ee728b) [PhysX] Initialized MultithreadedTaskDispatcher with 4 workers.
 -> (artifact id: '00000000000000000000000000000000') in 0.003717 seconds
Import Error Code:(4)
Message: Build asset version error: assets/scripts/scenemanagercontroller.cs in SourceAssetDB has modification time of '2024-12-05T16:46:12.6373848Z' while content on disk has modification time of '2024-12-05T16:46:47.2999686Z'
  ERROR: Build asset version error: assets/scripts/scenemanagercontroller.cs in SourceAssetDB has modification time of '2024-12-05T16:46:12.6373848Z' while content on disk has modification time of '2024-12-05T16:46:47.2999686Z'
Number of updated asset objects reloaded before import = 0
Number of asset objects unloaded after import = 0
========================================================================
Received Import Request.
  Time since last request: 0.060320 seconds.
  path: Assets/Scripts/SceneManagerController.cs
  artifactKey: Guid(f8c1f5b52e608604e99a51b88c3fb697) Importer(815301076,1909f56bfc062723c751e8b465ee728b)
Start importing Assets/Scripts/SceneManagerController.cs using Guid(f8c1f5b52e608604e99a51b88c3fb697) Importer(815301076,1909f56bfc062723c751e8b465ee728b) [PhysX] Initialized MultithreadedTaskDispatcher with 4 workers.
 -> (artifact id: '00000000000000000000000000000000') in 0.003455 seconds
Import Error Code:(4)
Message: Build asset version error: assets/scripts/scenemanagercontroller.cs in SourceAssetDB has modification time of '2024-12-05T16:46:12.6373848Z' while content on disk has modification time of '2024-12-05T16:46:47.2999686Z'
  ERROR: Build asset version error: assets/scripts/scenemanagercontroller.cs in SourceAssetDB has modification time of '2024-12-05T16:46:12.6373848Z' while content on disk has modification time of '2024-12-05T16:46:47.2999686Z'
Number of updated asset objects reloaded before import = 0
Number of asset objects unloaded after import = 0
========================================================================
Received Import Request.
  Time since last request: 0.020272 seconds.
  path: Assets/Scripts/SceneManagerController.cs
  artifactKey: Guid(f8c1f5b52e608604e99a51b88c3fb697) Importer(815301076,1909f56bfc062723c751e8b465ee728b)
Start importing Assets/Scripts/SceneManagerController.cs using Guid(f8c1f5b52e608604e99a51b88c3fb697) Importer(815301076,1909f56bfc062723c751e8b465ee728b) [PhysX] Initialized MultithreadedTaskDispatcher with 4 workers.
 -> (artifact id: '00000000000000000000000000000000') in 0.001124 seconds
Import Error Code:(4)
Message: Build asset version error: assets/scripts/scenemanagercontroller.cs in SourceAssetDB has modification time of '2024-12-05T16:46:12.6373848Z' while content on disk has modification time of '2024-12-05T16:46:47.2999686Z'
  ERROR: Build asset version error: assets/scripts/scenemanagercontroller.cs in SourceAssetDB has modification time of '2024-12-05T16:46:12.6373848Z' while content on disk has modification time of '2024-12-05T16:46:47.2999686Z'
Number of updated asset objects reloaded before import = 0
Number of asset objects unloaded after import = 0
========================================================================
Received Import Request.
  Time since last request: 0.017408 seconds.
  path: Assets/Scripts/SceneManagerController.cs
  artifactKey: Guid(f8c1f5b52e608604e99a51b88c3fb697) Importer(815301076,1909f56bfc062723c751e8b465ee728b)
Start importing Assets/Scripts/SceneManagerController.cs using Guid(f8c1f5b52e608604e99a51b88c3fb697) Importer(815301076,1909f56bfc062723c751e8b465ee728b) [PhysX] Initialized MultithreadedTaskDispatcher with 4 workers.
 -> (artifact id: '00000000000000000000000000000000') in 0.001610 seconds
Import Error Code:(4)
Message: Build asset version error: assets/scripts/scenemanagercontroller.cs in SourceAssetDB has modification time of '2024-12-05T16:46:12.6373848Z' while content on disk has modification time of '2024-12-05T16:46:47.2999686Z'
  ERROR: Build asset version error: assets/scripts/scenemanagercontroller.cs in SourceAssetDB has modification time of '2024-12-05T16:46:12.6373848Z' while content on disk has modification time of '2024-12-05T16:46:47.2999686Z'
Number of updated asset objects reloaded before import = 0
Number of asset objects unloaded after import = 0
========================================================================
Received Import Request.
  Time since last request: 0.067267 seconds.
  path: Assets/Scripts/SceneManagerController.cs
  artifactKey: Guid(f8c1f5b52e608604e99a51b88c3fb697) Importer(815301076,1909f56bfc062723c751e8b465ee728b)
Start importing Assets/Scripts/SceneManagerController.cs using Guid(f8c1f5b52e608604e99a51b88c3fb697) Importer(815301076,1909f56bfc062723c751e8b465ee728b) [PhysX] Initialized MultithreadedTaskDispatcher with 4 workers.
 -> (artifact id: '00000000000000000000000000000000') in 0.004187 seconds
Import Error Code:(4)
Message: Build asset version error: assets/scripts/scenemanagercontroller.cs in SourceAssetDB has modification time of '2024-12-05T16:46:12.6373848Z' while content on disk has modification time of '2024-12-05T16:46:47.2999686Z'
  ERROR: Build asset version error: assets/scripts/scenemanagercontroller.cs in SourceAssetDB has modification time of '2024-12-05T16:46:12.6373848Z' while content on disk has modification time of '2024-12-05T16:46:47.2999686Z'
Number of updated asset objects reloaded before import = 0
Number of asset objects unloaded after import = 0
========================================================================
Received Import Request.
  Time since last request: 0.003274 seconds.
  path: Assets/Scripts/SceneManagerController.cs
  artifactKey: Guid(f8c1f5b52e608604e99a51b88c3fb697) Importer(815301076,1909f56bfc062723c751e8b465ee728b)
Start importing Assets/Scripts/SceneManagerController.cs using Guid(f8c1f5b52e608604e99a51b88c3fb697) Importer(815301076,1909f56bfc062723c751e8b465ee728b) [PhysX] Initialized MultithreadedTaskDispatcher with 4 workers.
 -> (artifact id: '00000000000000000000000000000000') in 0.012210 seconds
Import Error Code:(4)
Message: Build asset version error: assets/scripts/scenemanagercontroller.cs in SourceAssetDB has modification time of '2024-12-05T16:46:12.6373848Z' while content on disk has modification time of '2024-12-05T16:46:47.2999686Z'
  ERROR: Build asset version error: assets/scripts/scenemanagercontroller.cs in SourceAssetDB has modification time of '2024-12-05T16:46:12.6373848Z' while content on disk has modification time of '2024-12-05T16:46:47.2999686Z'
Number of updated asset objects reloaded before import = 0
Number of asset objects unloaded after import = 0
========================================================================
Received Import Request.
  Time since last request: 0.018597 seconds.
  path: Assets/Scripts/SceneManagerController.cs
  artifactKey: Guid(f8c1f5b52e608604e99a51b88c3fb697) Importer(815301076,1909f56bfc062723c751e8b465ee728b)
Start importing Assets/Scripts/SceneManagerController.cs using Guid(f8c1f5b52e608604e99a51b88c3fb697) Importer(815301076,1909f56bfc062723c751e8b465ee728b) [PhysX] Initialized MultithreadedTaskDispatcher with 4 workers.
 -> (artifact id: '00000000000000000000000000000000') in 0.007940 seconds
Import Error Code:(4)
Message: Build asset version error: assets/scripts/scenemanagercontroller.cs in SourceAssetDB has modification time of '2024-12-05T16:46:12.6373848Z' while content on disk has modification time of '2024-12-05T16:46:47.2999686Z'
  ERROR: Build asset version error: assets/scripts/scenemanagercontroller.cs in SourceAssetDB has modification time of '2024-12-05T16:46:12.6373848Z' while content on disk has modification time of '2024-12-05T16:46:47.2999686Z'
Number of updated asset objects reloaded before import = 0
Number of asset objects unloaded after import = 0
========================================================================
Received Import Request.
  Time since last request: 0.018337 seconds.
  path: Assets/Scripts/SceneManagerController.cs
  artifactKey: Guid(f8c1f5b52e608604e99a51b88c3fb697) Importer(815301076,1909f56bfc062723c751e8b465ee728b)
Start importing Assets/Scripts/SceneManagerController.cs using Guid(f8c1f5b52e608604e99a51b88c3fb697) Importer(815301076,1909f56bfc062723c751e8b465ee728b) [PhysX] Initialized MultithreadedTaskDispatcher with 4 workers.
 -> (artifact id: '00000000000000000000000000000000') in 0.001287 seconds
Import Error Code:(4)
Message: Build asset version error: assets/scripts/scenemanagercontroller.cs in SourceAssetDB has modification time of '2024-12-05T16:46:12.6373848Z' while content on disk has modification time of '2024-12-05T16:46:47.2999686Z'
  ERROR: Build asset version error: assets/scripts/scenemanagercontroller.cs in SourceAssetDB has modification time of '2024-12-05T16:46:12.6373848Z' while content on disk has modification time of '2024-12-05T16:46:47.2999686Z'
Number of updated asset objects reloaded before import = 0
Number of asset objects unloaded after import = 0
========================================================================
Received Import Request.
  Time since last request: 0.017253 seconds.
  path: Assets/Scripts/SceneManagerController.cs
  artifactKey: Guid(f8c1f5b52e608604e99a51b88c3fb697) Importer(815301076,1909f56bfc062723c751e8b465ee728b)
Start importing Assets/Scripts/SceneManagerController.cs using Guid(f8c1f5b52e608604e99a51b88c3fb697) Importer(815301076,1909f56bfc062723c751e8b465ee728b) [PhysX] Initialized MultithreadedTaskDispatcher with 4 workers.
 -> (artifact id: '00000000000000000000000000000000') in 0.001213 seconds
Import Error Code:(4)
Message: Build asset version error: assets/scripts/scenemanagercontroller.cs in SourceAssetDB has modification time of '2024-12-05T16:46:12.6373848Z' while content on disk has modification time of '2024-12-05T16:46:47.2999686Z'
  ERROR: Build asset version error: assets/scripts/scenemanagercontroller.cs in SourceAssetDB has modification time of '2024-12-05T16:46:12.6373848Z' while content on disk has modification time of '2024-12-05T16:46:47.2999686Z'
Number of updated asset objects reloaded before import = 0
Number of asset objects unloaded after import = 0
========================================================================
Received Import Request.
  Time since last request: 0.017247 seconds.
  path: Assets/Scripts/SceneManagerController.cs
  artifactKey: Guid(f8c1f5b52e608604e99a51b88c3fb697) Importer(815301076,1909f56bfc062723c751e8b465ee728b)
Start importing Assets/Scripts/SceneManagerController.cs using Guid(f8c1f5b52e608604e99a51b88c3fb697) Importer(815301076,1909f56bfc062723c751e8b465ee728b) [PhysX] Initialized MultithreadedTaskDispatcher with 4 workers.
 -> (artifact id: '00000000000000000000000000000000') in 0.001321 seconds
Import Error Code:(4)
Message: Build asset version error: assets/scripts/scenemanagercontroller.cs in SourceAssetDB has modification time of '2024-12-05T16:46:12.6373848Z' while content on disk has modification time of '2024-12-05T16:46:47.2999686Z'
  ERROR: Build asset version error: assets/scripts/scenemanagercontroller.cs in SourceAssetDB has modification time of '2024-12-05T16:46:12.6373848Z' while content on disk has modification time of '2024-12-05T16:46:47.2999686Z'
Number of updated asset objects reloaded before import = 0
Number of asset objects unloaded after import = 0
========================================================================
Received Import Request.
  Time since last request: 0.017240 seconds.
  path: Assets/Scripts/SceneManagerController.cs
  artifactKey: Guid(f8c1f5b52e608604e99a51b88c3fb697) Importer(815301076,1909f56bfc062723c751e8b465ee728b)
Start importing Assets/Scripts/SceneManagerController.cs using Guid(f8c1f5b52e608604e99a51b88c3fb697) Importer(815301076,1909f56bfc062723c751e8b465ee728b) [PhysX] Initialized MultithreadedTaskDispatcher with 4 workers.
 -> (artifact id: '00000000000000000000000000000000') in 0.001358 seconds
Import Error Code:(4)
Message: Build asset version error: assets/scripts/scenemanagercontroller.cs in SourceAssetDB has modification time of '2024-12-05T16:46:12.6373848Z' while content on disk has modification time of '2024-12-05T16:46:47.2999686Z'
  ERROR: Build asset version error: assets/scripts/scenemanagercontroller.cs in SourceAssetDB has modification time of '2024-12-05T16:46:12.6373848Z' while content on disk has modification time of '2024-12-05T16:46:47.2999686Z'
Number of updated asset objects reloaded before import = 0
Number of asset objects unloaded after import = 0
========================================================================
Received Import Request.
  Time since last request: 0.018356 seconds.
  path: Assets/Scripts/SceneManagerController.cs
  artifactKey: Guid(f8c1f5b52e608604e99a51b88c3fb697) Importer(815301076,1909f56bfc062723c751e8b465ee728b)
Start importing Assets/Scripts/SceneManagerController.cs using Guid(f8c1f5b52e608604e99a51b88c3fb697) Importer(815301076,1909f56bfc062723c751e8b465ee728b) [PhysX] Initialized MultithreadedTaskDispatcher with 4 workers.
 -> (artifact id: '00000000000000000000000000000000') in 0.001517 seconds
Import Error Code:(4)
Message: Build asset version error: assets/scripts/scenemanagercontroller.cs in SourceAssetDB has modification time of '2024-12-05T16:46:12.6373848Z' while content on disk has modification time of '2024-12-05T16:46:47.2999686Z'
  ERROR: Build asset version error: assets/scripts/scenemanagercontroller.cs in SourceAssetDB has modification time of '2024-12-05T16:46:12.6373848Z' while content on disk has modification time of '2024-12-05T16:46:47.2999686Z'
Number of updated asset objects reloaded before import = 0
Number of asset objects unloaded after import = 0
========================================================================
Received Import Request.
  Time since last request: 0.017184 seconds.
  path: Assets/Scripts/SceneManagerController.cs
  artifactKey: Guid(f8c1f5b52e608604e99a51b88c3fb697) Importer(815301076,1909f56bfc062723c751e8b465ee728b)
Start importing Assets/Scripts/SceneManagerController.cs using Guid(f8c1f5b52e608604e99a51b88c3fb697) Importer(815301076,1909f56bfc062723c751e8b465ee728b) [PhysX] Initialized MultithreadedTaskDispatcher with 4 workers.
 -> (artifact id: '00000000000000000000000000000000') in 0.002993 seconds
Import Error Code:(4)
Message: Build asset version error: assets/scripts/scenemanagercontroller.cs in SourceAssetDB has modification time of '2024-12-05T16:46:12.6373848Z' while content on disk has modification time of '2024-12-05T16:46:47.2999686Z'
  ERROR: Build asset version error: assets/scripts/scenemanagercontroller.cs in SourceAssetDB has modification time of '2024-12-05T16:46:12.6373848Z' while content on disk has modification time of '2024-12-05T16:46:47.2999686Z'
Number of updated asset objects reloaded before import = 0
Number of asset objects unloaded after import = 0
========================================================================
Received Import Request.
  Time since last request: 0.016627 seconds.
  path: Assets/Scripts/SceneManagerController.cs
  artifactKey: Guid(f8c1f5b52e608604e99a51b88c3fb697) Importer(815301076,1909f56bfc062723c751e8b465ee728b)
Start importing Assets/Scripts/SceneManagerController.cs using Guid(f8c1f5b52e608604e99a51b88c3fb697) Importer(815301076,1909f56bfc062723c751e8b465ee728b) [PhysX] Initialized MultithreadedTaskDispatcher with 4 workers.
 -> (artifact id: '00000000000000000000000000000000') in 0.001136 seconds
Import Error Code:(4)
Message: Build asset version error: assets/scripts/scenemanagercontroller.cs in SourceAssetDB has modification time of '2024-12-05T16:46:12.6373848Z' while content on disk has modification time of '2024-12-05T16:46:47.2999686Z'
  ERROR: Build asset version error: assets/scripts/scenemanagercontroller.cs in SourceAssetDB has modification time of '2024-12-05T16:46:12.6373848Z' while content on disk has modification time of '2024-12-05T16:46:47.2999686Z'
Number of updated asset objects reloaded before import = 0
Number of asset objects unloaded after import = 0
========================================================================
Received Import Request.
  Time since last request: 0.018875 seconds.
  path: Assets/Scripts/SceneManagerController.cs
  artifactKey: Guid(f8c1f5b52e608604e99a51b88c3fb697) Importer(815301076,1909f56bfc062723c751e8b465ee728b)
Start importing Assets/Scripts/SceneManagerController.cs using Guid(f8c1f5b52e608604e99a51b88c3fb697) Importer(815301076,1909f56bfc062723c751e8b465ee728b) [PhysX] Initialized MultithreadedTaskDispatcher with 4 workers.
 -> (artifact id: '00000000000000000000000000000000') in 0.001425 seconds
Import Error Code:(4)
Message: Build asset version error: assets/scripts/scenemanagercontroller.cs in SourceAssetDB has modification time of '2024-12-05T16:46:12.6373848Z' while content on disk has modification time of '2024-12-05T16:46:47.2999686Z'
  ERROR: Build asset version error: assets/scripts/scenemanagercontroller.cs in SourceAssetDB has modification time of '2024-12-05T16:46:12.6373848Z' while content on disk has modification time of '2024-12-05T16:46:47.2999686Z'
Number of updated asset objects reloaded before import = 0
Number of asset objects unloaded after import = 0
========================================================================
Received Import Request.
  Time since last request: 0.017550 seconds.
  path: Assets/Scripts/SceneManagerController.cs
  artifactKey: Guid(f8c1f5b52e608604e99a51b88c3fb697) Importer(815301076,1909f56bfc062723c751e8b465ee728b)
Start importing Assets/Scripts/SceneManagerController.cs using Guid(f8c1f5b52e608604e99a51b88c3fb697) Importer(815301076,1909f56bfc062723c751e8b465ee728b) [PhysX] Initialized MultithreadedTaskDispatcher with 4 workers.
 -> (artifact id: '00000000000000000000000000000000') in 0.001360 seconds
Import Error Code:(4)
Message: Build asset version error: assets/scripts/scenemanagercontroller.cs in SourceAssetDB has modification time of '2024-12-05T16:46:12.6373848Z' while content on disk has modification time of '2024-12-05T16:46:47.2999686Z'
  ERROR: Build asset version error: assets/scripts/scenemanagercontroller.cs in SourceAssetDB has modification time of '2024-12-05T16:46:12.6373848Z' while content on disk has modification time of '2024-12-05T16:46:47.2999686Z'
Number of updated asset objects reloaded before import = 0
Number of asset objects unloaded after import = 0
========================================================================
Received Import Request.
  Time since last request: 0.017073 seconds.
  path: Assets/Scripts/SceneManagerController.cs
  artifactKey: Guid(f8c1f5b52e608604e99a51b88c3fb697) Importer(815301076,1909f56bfc062723c751e8b465ee728b)
Start importing Assets/Scripts/SceneManagerController.cs using Guid(f8c1f5b52e608604e99a51b88c3fb697) Importer(815301076,1909f56bfc062723c751e8b465ee728b) [PhysX] Initialized MultithreadedTaskDispatcher with 4 workers.
 -> (artifact id: '00000000000000000000000000000000') in 0.001528 seconds
Import Error Code:(4)
Message: Build asset version error: assets/scripts/scenemanagercontroller.cs in SourceAssetDB has modification time of '2024-12-05T16:46:12.6373848Z' while content on disk has modification time of '2024-12-05T16:46:47.2999686Z'
  ERROR: Build asset version error: assets/scripts/scenemanagercontroller.cs in SourceAssetDB has modification time of '2024-12-05T16:46:12.6373848Z' while content on disk has modification time of '2024-12-05T16:46:47.2999686Z'
Number of updated asset objects reloaded before import = 0
Number of asset objects unloaded after import = 0
========================================================================
Received Import Request.
  Time since last request: 0.018271 seconds.
  path: Assets/Scripts/SceneManagerController.cs
  artifactKey: Guid(f8c1f5b52e608604e99a51b88c3fb697) Importer(815301076,1909f56bfc062723c751e8b465ee728b)
Start importing Assets/Scripts/SceneManagerController.cs using Guid(f8c1f5b52e608604e99a51b88c3fb697) Importer(815301076,1909f56bfc062723c751e8b465ee728b) [PhysX] Initialized MultithreadedTaskDispatcher with 4 workers.
 -> (artifact id: '00000000000000000000000000000000') in 0.001235 seconds
Import Error Code:(4)
Message: Build asset version error: assets/scripts/scenemanagercontroller.cs in SourceAssetDB has modification time of '2024-12-05T16:46:12.6373848Z' while content on disk has modification time of '2024-12-05T16:46:47.2999686Z'
  ERROR: Build asset version error: assets/scripts/scenemanagercontroller.cs in SourceAssetDB has modification time of '2024-12-05T16:46:12.6373848Z' while content on disk has modification time of '2024-12-05T16:46:47.2999686Z'
Number of updated asset objects reloaded before import = 0
Number of asset objects unloaded after import = 0
========================================================================
Received Import Request.
  Time since last request: 0.022955 seconds.
  path: Assets/Scripts/SceneManagerController.cs
  artifactKey: Guid(f8c1f5b52e608604e99a51b88c3fb697) Importer(815301076,1909f56bfc062723c751e8b465ee728b)
Start importing Assets/Scripts/SceneManagerController.cs using Guid(f8c1f5b52e608604e99a51b88c3fb697) Importer(815301076,1909f56bfc062723c751e8b465ee728b) [PhysX] Initialized MultithreadedTaskDispatcher with 4 workers.
 -> (artifact id: '00000000000000000000000000000000') in 0.001472 seconds
Import Error Code:(4)
Message: Build asset version error: assets/scripts/scenemanagercontroller.cs in SourceAssetDB has modification time of '2024-12-05T16:46:12.6373848Z' while content on disk has modification time of '2024-12-05T16:46:47.2999686Z'
  ERROR: Build asset version error: assets/scripts/scenemanagercontroller.cs in SourceAssetDB has modification time of '2024-12-05T16:46:12.6373848Z' while content on disk has modification time of '2024-12-05T16:46:47.2999686Z'
Number of updated asset objects reloaded before import = 0
Number of asset objects unloaded after import = 0
========================================================================
Received Import Request.
  Time since last request: 0.017927 seconds.
  path: Assets/Scripts/SceneManagerController.cs
  artifactKey: Guid(f8c1f5b52e608604e99a51b88c3fb697) Importer(815301076,1909f56bfc062723c751e8b465ee728b)
Start importing Assets/Scripts/SceneManagerController.cs using Guid(f8c1f5b52e608604e99a51b88c3fb697) Importer(815301076,1909f56bfc062723c751e8b465ee728b) [PhysX] Initialized MultithreadedTaskDispatcher with 4 workers.
 -> (artifact id: '00000000000000000000000000000000') in 0.001035 seconds
Import Error Code:(4)
Message: Build asset version error: assets/scripts/scenemanagercontroller.cs in SourceAssetDB has modification time of '2024-12-05T16:46:12.6373848Z' while content on disk has modification time of '2024-12-05T16:46:47.2999686Z'
  ERROR: Build asset version error: assets/scripts/scenemanagercontroller.cs in SourceAssetDB has modification time of '2024-12-05T16:46:12.6373848Z' while content on disk has modification time of '2024-12-05T16:46:47.2999686Z'
Number of updated asset objects reloaded before import = 0
Number of asset objects unloaded after import = 0
========================================================================
Received Import Request.
  Time since last request: 0.015783 seconds.
  path: Assets/Scripts/SceneManagerController.cs
  artifactKey: Guid(f8c1f5b52e608604e99a51b88c3fb697) Importer(815301076,1909f56bfc062723c751e8b465ee728b)
Start importing Assets/Scripts/SceneManagerController.cs using Guid(f8c1f5b52e608604e99a51b88c3fb697) Importer(815301076,1909f56bfc062723c751e8b465ee728b) [PhysX] Initialized MultithreadedTaskDispatcher with 4 workers.
 -> (artifact id: '00000000000000000000000000000000') in 0.001178 seconds
Import Error Code:(4)
Message: Build asset version error: assets/scripts/scenemanagercontroller.cs in SourceAssetDB has modification time of '2024-12-05T16:46:12.6373848Z' while content on disk has modification time of '2024-12-05T16:46:47.2999686Z'
  ERROR: Build asset version error: assets/scripts/scenemanagercontroller.cs in SourceAssetDB has modification time of '2024-12-05T16:46:12.6373848Z' while content on disk has modification time of '2024-12-05T16:46:47.2999686Z'
Number of updated asset objects reloaded before import = 0
Number of asset objects unloaded after import = 0
========================================================================
Received Import Request.
  Time since last request: 0.018454 seconds.
  path: Assets/Scripts/SceneManagerController.cs
  artifactKey: Guid(f8c1f5b52e608604e99a51b88c3fb697) Importer(815301076,1909f56bfc062723c751e8b465ee728b)
Start importing Assets/Scripts/SceneManagerController.cs using Guid(f8c1f5b52e608604e99a51b88c3fb697) Importer(815301076,1909f56bfc062723c751e8b465ee728b) [PhysX] Initialized MultithreadedTaskDispatcher with 4 workers.
 -> (artifact id: '00000000000000000000000000000000') in 0.001228 seconds
Import Error Code:(4)
Message: Build asset version error: assets/scripts/scenemanagercontroller.cs in SourceAssetDB has modification time of '2024-12-05T16:46:12.6373848Z' while content on disk has modification time of '2024-12-05T16:46:47.2999686Z'
  ERROR: Build asset version error: assets/scripts/scenemanagercontroller.cs in SourceAssetDB has modification time of '2024-12-05T16:46:12.6373848Z' while content on disk has modification time of '2024-12-05T16:46:47.2999686Z'
Number of updated asset objects reloaded before import = 0
Number of asset objects unloaded after import = 0
========================================================================
Received Import Request.
  Time since last request: 0.017173 seconds.
  path: Assets/Scripts/SceneManagerController.cs
  artifactKey: Guid(f8c1f5b52e608604e99a51b88c3fb697) Importer(815301076,1909f56bfc062723c751e8b465ee728b)
Start importing Assets/Scripts/SceneManagerController.cs using Guid(f8c1f5b52e608604e99a51b88c3fb697) Importer(815301076,1909f56bfc062723c751e8b465ee728b) [PhysX] Initialized MultithreadedTaskDispatcher with 4 workers.
 -> (artifact id: '00000000000000000000000000000000') in 0.001423 seconds
Import Error Code:(4)
Message: Build asset version error: assets/scripts/scenemanagercontroller.cs in SourceAssetDB has modification time of '2024-12-05T16:46:12.6373848Z' while content on disk has modification time of '2024-12-05T16:46:47.2999686Z'
  ERROR: Build asset version error: assets/scripts/scenemanagercontroller.cs in SourceAssetDB has modification time of '2024-12-05T16:46:12.6373848Z' while content on disk has modification time of '2024-12-05T16:46:47.2999686Z'
Number of updated asset objects reloaded before import = 0
Number of asset objects unloaded after import = 0
========================================================================
Received Import Request.
  Time since last request: 0.017510 seconds.
  path: Assets/Scripts/SceneManagerController.cs
  artifactKey: Guid(f8c1f5b52e608604e99a51b88c3fb697) Importer(815301076,1909f56bfc062723c751e8b465ee728b)
Start importing Assets/Scripts/SceneManagerController.cs using Guid(f8c1f5b52e608604e99a51b88c3fb697) Importer(815301076,1909f56bfc062723c751e8b465ee728b) [PhysX] Initialized MultithreadedTaskDispatcher with 4 workers.
 -> (artifact id: '00000000000000000000000000000000') in 0.002940 seconds
Import Error Code:(4)
Message: Build asset version error: assets/scripts/scenemanagercontroller.cs in SourceAssetDB has modification time of '2024-12-05T16:46:12.6373848Z' while content on disk has modification time of '2024-12-05T16:46:47.2999686Z'
  ERROR: Build asset version error: assets/scripts/scenemanagercontroller.cs in SourceAssetDB has modification time of '2024-12-05T16:46:12.6373848Z' while content on disk has modification time of '2024-12-05T16:46:47.2999686Z'
Number of updated asset objects reloaded before import = 0
Number of asset objects unloaded after import = 0
========================================================================
Received Import Request.
  Time since last request: 0.024962 seconds.
  path: Assets/Scripts/SceneManagerController.cs
  artifactKey: Guid(f8c1f5b52e608604e99a51b88c3fb697) Importer(815301076,1909f56bfc062723c751e8b465ee728b)
Start importing Assets/Scripts/SceneManagerController.cs using Guid(f8c1f5b52e608604e99a51b88c3fb697) Importer(815301076,1909f56bfc062723c751e8b465ee728b) [PhysX] Initialized MultithreadedTaskDispatcher with 4 workers.
 -> (artifact id: '00000000000000000000000000000000') in 0.007454 seconds
Import Error Code:(4)
Message: Build asset version error: assets/scripts/scenemanagercontroller.cs in SourceAssetDB has modification time of '2024-12-05T16:46:12.6373848Z' while content on disk has modification time of '2024-12-05T16:46:47.2999686Z'
  ERROR: Build asset version error: assets/scripts/scenemanagercontroller.cs in SourceAssetDB has modification time of '2024-12-05T16:46:12.6373848Z' while content on disk has modification time of '2024-12-05T16:46:47.2999686Z'
Number of updated asset objects reloaded before import = 0
Number of asset objects unloaded after import = 0
========================================================================
Received Import Request.
  Time since last request: 0.003348 seconds.
  path: Assets/Scripts/SceneManagerController.cs
  artifactKey: Guid(f8c1f5b52e608604e99a51b88c3fb697) Importer(815301076,1909f56bfc062723c751e8b465ee728b)
Start importing Assets/Scripts/SceneManagerController.cs using Guid(f8c1f5b52e608604e99a51b88c3fb697) Importer(815301076,1909f56bfc062723c751e8b465ee728b) [PhysX] Initialized MultithreadedTaskDispatcher with 4 workers.
 -> (artifact id: '00000000000000000000000000000000') in 0.001322 seconds
Import Error Code:(4)
Message: Build asset version error: assets/scripts/scenemanagercontroller.cs in SourceAssetDB has modification time of '2024-12-05T16:46:12.6373848Z' while content on disk has modification time of '2024-12-05T16:46:47.2999686Z'
  ERROR: Build asset version error: assets/scripts/scenemanagercontroller.cs in SourceAssetDB has modification time of '2024-12-05T16:46:12.6373848Z' while content on disk has modification time of '2024-12-05T16:46:47.2999686Z'
Number of updated asset objects reloaded before import = 0
Number of asset objects unloaded after import = 0
========================================================================
Received Import Request.
  Time since last request: 0.028183 seconds.
  path: Assets/Scripts/SceneManagerController.cs
  artifactKey: Guid(f8c1f5b52e608604e99a51b88c3fb697) Importer(815301076,1909f56bfc062723c751e8b465ee728b)
Start importing Assets/Scripts/SceneManagerController.cs using Guid(f8c1f5b52e608604e99a51b88c3fb697) Importer(815301076,1909f56bfc062723c751e8b465ee728b) [PhysX] Initialized MultithreadedTaskDispatcher with 4 workers.
 -> (artifact id: '00000000000000000000000000000000') in 0.001673 seconds
Import Error Code:(4)
Message: Build asset version error: assets/scripts/scenemanagercontroller.cs in SourceAssetDB has modification time of '2024-12-05T16:46:12.6373848Z' while content on disk has modification time of '2024-12-05T16:46:47.2999686Z'
  ERROR: Build asset version error: assets/scripts/scenemanagercontroller.cs in SourceAssetDB has modification time of '2024-12-05T16:46:12.6373848Z' while content on disk has modification time of '2024-12-05T16:46:47.2999686Z'
Number of updated asset objects reloaded before import = 0
Number of asset objects unloaded after import = 0
========================================================================
Received Import Request.
  Time since last request: 0.022074 seconds.
  path: Assets/Scripts/SceneManagerController.cs
  artifactKey: Guid(f8c1f5b52e608604e99a51b88c3fb697) Importer(815301076,1909f56bfc062723c751e8b465ee728b)
Start importing Assets/Scripts/SceneManagerController.cs using Guid(f8c1f5b52e608604e99a51b88c3fb697) Importer(815301076,1909f56bfc062723c751e8b465ee728b) [PhysX] Initialized MultithreadedTaskDispatcher with 4 workers.
 -> (artifact id: '00000000000000000000000000000000') in 0.002402 seconds
Import Error Code:(4)
Message: Build asset version error: assets/scripts/scenemanagercontroller.cs in SourceAssetDB has modification time of '2024-12-05T16:46:12.6373848Z' while content on disk has modification time of '2024-12-05T16:46:47.2999686Z'
  ERROR: Build asset version error: assets/scripts/scenemanagercontroller.cs in SourceAssetDB has modification time of '2024-12-05T16:46:12.6373848Z' while content on disk has modification time of '2024-12-05T16:46:47.2999686Z'
Number of updated asset objects reloaded before import = 0
Number of asset objects unloaded after import = 0
========================================================================
Received Import Request.
  Time since last request: 0.017717 seconds.
  path: Assets/Scripts/SceneManagerController.cs
  artifactKey: Guid(f8c1f5b52e608604e99a51b88c3fb697) Importer(815301076,1909f56bfc062723c751e8b465ee728b)
Start importing Assets/Scripts/SceneManagerController.cs using Guid(f8c1f5b52e608604e99a51b88c3fb697) Importer(815301076,1909f56bfc062723c751e8b465ee728b) [PhysX] Initialized MultithreadedTaskDispatcher with 4 workers.
 -> (artifact id: '00000000000000000000000000000000') in 0.001367 seconds
Import Error Code:(4)
Message: Build asset version error: assets/scripts/scenemanagercontroller.cs in SourceAssetDB has modification time of '2024-12-05T16:46:12.6373848Z' while content on disk has modification time of '2024-12-05T16:46:47.2999686Z'
  ERROR: Build asset version error: assets/scripts/scenemanagercontroller.cs in SourceAssetDB has modification time of '2024-12-05T16:46:12.6373848Z' while content on disk has modification time of '2024-12-05T16:46:47.2999686Z'
Number of updated asset objects reloaded before import = 0
Number of asset objects unloaded after import = 0
========================================================================
Received Import Request.
  Time since last request: 0.016863 seconds.
  path: Assets/Scripts/SceneManagerController.cs
  artifactKey: Guid(f8c1f5b52e608604e99a51b88c3fb697) Importer(815301076,1909f56bfc062723c751e8b465ee728b)
Start importing Assets/Scripts/SceneManagerController.cs using Guid(f8c1f5b52e608604e99a51b88c3fb697) Importer(815301076,1909f56bfc062723c751e8b465ee728b) [PhysX] Initialized MultithreadedTaskDispatcher with 4 workers.
 -> (artifact id: '00000000000000000000000000000000') in 0.001254 seconds
Import Error Code:(4)
Message: Build asset version error: assets/scripts/scenemanagercontroller.cs in SourceAssetDB has modification time of '2024-12-05T16:46:12.6373848Z' while content on disk has modification time of '2024-12-05T16:46:47.2999686Z'
  ERROR: Build asset version error: assets/scripts/scenemanagercontroller.cs in SourceAssetDB has modification time of '2024-12-05T16:46:12.6373848Z' while content on disk has modification time of '2024-12-05T16:46:47.2999686Z'
Number of updated asset objects reloaded before import = 0
Number of asset objects unloaded after import = 0
========================================================================
Received Import Request.
  Time since last request: 0.016245 seconds.
  path: Assets/Scripts/SceneManagerController.cs
  artifactKey: Guid(f8c1f5b52e608604e99a51b88c3fb697) Importer(815301076,1909f56bfc062723c751e8b465ee728b)
Start importing Assets/Scripts/SceneManagerController.cs using Guid(f8c1f5b52e608604e99a51b88c3fb697) Importer(815301076,1909f56bfc062723c751e8b465ee728b) [PhysX] Initialized MultithreadedTaskDispatcher with 4 workers.
 -> (artifact id: '00000000000000000000000000000000') in 0.001319 seconds
Import Error Code:(4)
Message: Build asset version error: assets/scripts/scenemanagercontroller.cs in SourceAssetDB has modification time of '2024-12-05T16:46:12.6373848Z' while content on disk has modification time of '2024-12-05T16:46:47.2999686Z'
  ERROR: Build asset version error: assets/scripts/scenemanagercontroller.cs in SourceAssetDB has modification time of '2024-12-05T16:46:12.6373848Z' while content on disk has modification time of '2024-12-05T16:46:47.2999686Z'
Number of updated asset objects reloaded before import = 0
Number of asset objects unloaded after import = 0
========================================================================
Received Import Request.
  Time since last request: 0.019986 seconds.
  path: Assets/Scripts/SceneManagerController.cs
  artifactKey: Guid(f8c1f5b52e608604e99a51b88c3fb697) Importer(815301076,1909f56bfc062723c751e8b465ee728b)
Start importing Assets/Scripts/SceneManagerController.cs using Guid(f8c1f5b52e608604e99a51b88c3fb697) Importer(815301076,1909f56bfc062723c751e8b465ee728b) [PhysX] Initialized MultithreadedTaskDispatcher with 4 workers.
 -> (artifact id: '00000000000000000000000000000000') in 0.002096 seconds
Import Error Code:(4)
Message: Build asset version error: assets/scripts/scenemanagercontroller.cs in SourceAssetDB has modification time of '2024-12-05T16:46:12.6373848Z' while content on disk has modification time of '2024-12-05T16:46:47.2999686Z'
  ERROR: Build asset version error: assets/scripts/scenemanagercontroller.cs in SourceAssetDB has modification time of '2024-12-05T16:46:12.6373848Z' while content on disk has modification time of '2024-12-05T16:46:47.2999686Z'
Number of updated asset objects reloaded before import = 0
Number of asset objects unloaded after import = 0
========================================================================
Received Import Request.
  Time since last request: 0.018318 seconds.
  path: Assets/Scripts/SceneManagerController.cs
  artifactKey: Guid(f8c1f5b52e608604e99a51b88c3fb697) Importer(815301076,1909f56bfc062723c751e8b465ee728b)
Start importing Assets/Scripts/SceneManagerController.cs using Guid(f8c1f5b52e608604e99a51b88c3fb697) Importer(815301076,1909f56bfc062723c751e8b465ee728b) [PhysX] Initialized MultithreadedTaskDispatcher with 4 workers.
 -> (artifact id: '00000000000000000000000000000000') in 0.001104 seconds
Import Error Code:(4)
Message: Build asset version error: assets/scripts/scenemanagercontroller.cs in SourceAssetDB has modification time of '2024-12-05T16:46:12.6373848Z' while content on disk has modification time of '2024-12-05T16:46:47.2999686Z'
  ERROR: Build asset version error: assets/scripts/scenemanagercontroller.cs in SourceAssetDB has modification time of '2024-12-05T16:46:12.6373848Z' while content on disk has modification time of '2024-12-05T16:46:47.2999686Z'
Number of updated asset objects reloaded before import = 0
Number of asset objects unloaded after import = 0
========================================================================
Received Import Request.
  Time since last request: 0.017184 seconds.
  path: Assets/Scripts/SceneManagerController.cs
  artifactKey: Guid(f8c1f5b52e608604e99a51b88c3fb697) Importer(815301076,1909f56bfc062723c751e8b465ee728b)
Start importing Assets/Scripts/SceneManagerController.cs using Guid(f8c1f5b52e608604e99a51b88c3fb697) Importer(815301076,1909f56bfc062723c751e8b465ee728b) [PhysX] Initialized MultithreadedTaskDispatcher with 4 workers.
 -> (artifact id: '00000000000000000000000000000000') in 0.001175 seconds
Import Error Code:(4)
Message: Build asset version error: assets/scripts/scenemanagercontroller.cs in SourceAssetDB has modification time of '2024-12-05T16:46:12.6373848Z' while content on disk has modification time of '2024-12-05T16:46:47.2999686Z'
  ERROR: Build asset version error: assets/scripts/scenemanagercontroller.cs in SourceAssetDB has modification time of '2024-12-05T16:46:12.6373848Z' while content on disk has modification time of '2024-12-05T16:46:47.2999686Z'
Number of updated asset objects reloaded before import = 0
Number of asset objects unloaded after import = 0
========================================================================
Received Import Request.
  Time since last request: 0.016255 seconds.
  path: Assets/Scripts/SceneManagerController.cs
  artifactKey: Guid(f8c1f5b52e608604e99a51b88c3fb697) Importer(815301076,1909f56bfc062723c751e8b465ee728b)
Start importing Assets/Scripts/SceneManagerController.cs using Guid(f8c1f5b52e608604e99a51b88c3fb697) Importer(815301076,1909f56bfc062723c751e8b465ee728b) [PhysX] Initialized MultithreadedTaskDispatcher with 4 workers.
 -> (artifact id: '00000000000000000000000000000000') in 0.001271 seconds
Import Error Code:(4)
Message: Build asset version error: assets/scripts/scenemanagercontroller.cs in SourceAssetDB has modification time of '2024-12-05T16:46:12.6373848Z' while content on disk has modification time of '2024-12-05T16:46:47.2999686Z'
  ERROR: Build asset version error: assets/scripts/scenemanagercontroller.cs in SourceAssetDB has modification time of '2024-12-05T16:46:12.6373848Z' while content on disk has modification time of '2024-12-05T16:46:47.2999686Z'
Number of updated asset objects reloaded before import = 0
Number of asset objects unloaded after import = 0
========================================================================
Received Import Request.
  Time since last request: 0.018138 seconds.
  path: Assets/Scripts/SceneManagerController.cs
  artifactKey: Guid(f8c1f5b52e608604e99a51b88c3fb697) Importer(815301076,1909f56bfc062723c751e8b465ee728b)
Start importing Assets/Scripts/SceneManagerController.cs using Guid(f8c1f5b52e608604e99a51b88c3fb697) Importer(815301076,1909f56bfc062723c751e8b465ee728b) [PhysX] Initialized MultithreadedTaskDispatcher with 4 workers.
 -> (artifact id: '00000000000000000000000000000000') in 0.002152 seconds
Import Error Code:(4)
Message: Build asset version error: assets/scripts/scenemanagercontroller.cs in SourceAssetDB has modification time of '2024-12-05T16:46:12.6373848Z' while content on disk has modification time of '2024-12-05T16:46:47.2999686Z'
  ERROR: Build asset version error: assets/scripts/scenemanagercontroller.cs in SourceAssetDB has modification time of '2024-12-05T16:46:12.6373848Z' while content on disk has modification time of '2024-12-05T16:46:47.2999686Z'
Number of updated asset objects reloaded before import = 0
Number of asset objects unloaded after import = 0
========================================================================
Received Import Request.
  Time since last request: 0.003008 seconds.
  path: Assets/Scripts/SceneManagerController.cs
  artifactKey: Guid(f8c1f5b52e608604e99a51b88c3fb697) Importer(815301076,1909f56bfc062723c751e8b465ee728b)
Start importing Assets/Scripts/SceneManagerController.cs using Guid(f8c1f5b52e608604e99a51b88c3fb697) Importer(815301076,1909f56bfc062723c751e8b465ee728b) [PhysX] Initialized MultithreadedTaskDispatcher with 4 workers.
 -> (artifact id: '00000000000000000000000000000000') in 0.001269 seconds
Import Error Code:(4)
Message: Build asset version error: assets/scripts/scenemanagercontroller.cs in SourceAssetDB has modification time of '2024-12-05T16:46:12.6373848Z' while content on disk has modification time of '2024-12-05T16:46:47.2999686Z'
  ERROR: Build asset version error: assets/scripts/scenemanagercontroller.cs in SourceAssetDB has modification time of '2024-12-05T16:46:12.6373848Z' while content on disk has modification time of '2024-12-05T16:46:47.2999686Z'
Number of updated asset objects reloaded before import = 0
Number of asset objects unloaded after import = 0
========================================================================
Received Import Request.
  Time since last request: 0.016609 seconds.
  path: Assets/Scripts/SceneManagerController.cs
  artifactKey: Guid(f8c1f5b52e608604e99a51b88c3fb697) Importer(815301076,1909f56bfc062723c751e8b465ee728b)
Start importing Assets/Scripts/SceneManagerController.cs using Guid(f8c1f5b52e608604e99a51b88c3fb697) Importer(815301076,1909f56bfc062723c751e8b465ee728b) [PhysX] Initialized MultithreadedTaskDispatcher with 4 workers.
 -> (artifact id: '00000000000000000000000000000000') in 0.001167 seconds
Import Error Code:(4)
Message: Build asset version error: assets/scripts/scenemanagercontroller.cs in SourceAssetDB has modification time of '2024-12-05T16:46:12.6373848Z' while content on disk has modification time of '2024-12-05T16:46:47.2999686Z'
  ERROR: Build asset version error: assets/scripts/scenemanagercontroller.cs in SourceAssetDB has modification time of '2024-12-05T16:46:12.6373848Z' while content on disk has modification time of '2024-12-05T16:46:47.2999686Z'
Number of updated asset objects reloaded before import = 0
Number of asset objects unloaded after import = 0
========================================================================
Received Import Request.
  Time since last request: 0.020031 seconds.
  path: Assets/Scripts/SceneManagerController.cs
  artifactKey: Guid(f8c1f5b52e608604e99a51b88c3fb697) Importer(815301076,1909f56bfc062723c751e8b465ee728b)
Start importing Assets/Scripts/SceneManagerController.cs using Guid(f8c1f5b52e608604e99a51b88c3fb697) Importer(815301076,1909f56bfc062723c751e8b465ee728b) [PhysX] Initialized MultithreadedTaskDispatcher with 4 workers.
 -> (artifact id: '00000000000000000000000000000000') in 0.002591 seconds
Import Error Code:(4)
Message: Build asset version error: assets/scripts/scenemanagercontroller.cs in SourceAssetDB has modification time of '2024-12-05T16:46:12.6373848Z' while content on disk has modification time of '2024-12-05T16:46:47.2999686Z'
  ERROR: Build asset version error: assets/scripts/scenemanagercontroller.cs in SourceAssetDB has modification time of '2024-12-05T16:46:12.6373848Z' while content on disk has modification time of '2024-12-05T16:46:47.2999686Z'
Number of updated asset objects reloaded before import = 0
Number of asset objects unloaded after import = 0
========================================================================
Received Import Request.
  Time since last request: 0.019066 seconds.
  path: Assets/Scripts/SceneManagerController.cs
  artifactKey: Guid(f8c1f5b52e608604e99a51b88c3fb697) Importer(815301076,1909f56bfc062723c751e8b465ee728b)
Start importing Assets/Scripts/SceneManagerController.cs using Guid(f8c1f5b52e608604e99a51b88c3fb697) Importer(815301076,1909f56bfc062723c751e8b465ee728b) [PhysX] Initialized MultithreadedTaskDispatcher with 4 workers.
 -> (artifact id: '00000000000000000000000000000000') in 0.001630 seconds
Import Error Code:(4)
Message: Build asset version error: assets/scripts/scenemanagercontroller.cs in SourceAssetDB has modification time of '2024-12-05T16:46:12.6373848Z' while content on disk has modification time of '2024-12-05T16:46:47.2999686Z'
  ERROR: Build asset version error: assets/scripts/scenemanagercontroller.cs in SourceAssetDB has modification time of '2024-12-05T16:46:12.6373848Z' while content on disk has modification time of '2024-12-05T16:46:47.2999686Z'
Number of updated asset objects reloaded before import = 0
Number of asset objects unloaded after import = 0
========================================================================
Received Import Request.
  Time since last request: 0.021026 seconds.
  path: Assets/Scripts/SceneManagerController.cs
  artifactKey: Guid(f8c1f5b52e608604e99a51b88c3fb697) Importer(815301076,1909f56bfc062723c751e8b465ee728b)
Start importing Assets/Scripts/SceneManagerController.cs using Guid(f8c1f5b52e608604e99a51b88c3fb697) Importer(815301076,1909f56bfc062723c751e8b465ee728b) [PhysX] Initialized MultithreadedTaskDispatcher with 4 workers.
 -> (artifact id: '00000000000000000000000000000000') in 0.001286 seconds
Import Error Code:(4)
Message: Build asset version error: assets/scripts/scenemanagercontroller.cs in SourceAssetDB has modification time of '2024-12-05T16:46:12.6373848Z' while content on disk has modification time of '2024-12-05T16:46:47.2999686Z'
  ERROR: Build asset version error: assets/scripts/scenemanagercontroller.cs in SourceAssetDB has modification time of '2024-12-05T16:46:12.6373848Z' while content on disk has modification time of '2024-12-05T16:46:47.2999686Z'
Number of updated asset objects reloaded before import = 0
Number of asset objects unloaded after import = 0
========================================================================
Received Import Request.
  Time since last request: 0.024105 seconds.
  path: Assets/Scripts/SceneManagerController.cs
  artifactKey: Guid(f8c1f5b52e608604e99a51b88c3fb697) Importer(815301076,1909f56bfc062723c751e8b465ee728b)
Start importing Assets/Scripts/SceneManagerController.cs using Guid(f8c1f5b52e608604e99a51b88c3fb697) Importer(815301076,1909f56bfc062723c751e8b465ee728b) [PhysX] Initialized MultithreadedTaskDispatcher with 4 workers.
 -> (artifact id: '00000000000000000000000000000000') in 0.006206 seconds
Import Error Code:(4)
Message: Build asset version error: assets/scripts/scenemanagercontroller.cs in SourceAssetDB has modification time of '2024-12-05T16:46:12.6373848Z' while content on disk has modification time of '2024-12-05T16:46:47.2999686Z'
  ERROR: Build asset version error: assets/scripts/scenemanagercontroller.cs in SourceAssetDB has modification time of '2024-12-05T16:46:12.6373848Z' while content on disk has modification time of '2024-12-05T16:46:47.2999686Z'
Number of updated asset objects reloaded before import = 0
Number of asset objects unloaded after import = 0
========================================================================
Received Import Request.
  Time since last request: 0.023591 seconds.
  path: Assets/Scripts/SceneManagerController.cs
  artifactKey: Guid(f8c1f5b52e608604e99a51b88c3fb697) Importer(815301076,1909f56bfc062723c751e8b465ee728b)
Start importing Assets/Scripts/SceneManagerController.cs using Guid(f8c1f5b52e608604e99a51b88c3fb697) Importer(815301076,1909f56bfc062723c751e8b465ee728b) [PhysX] Initialized MultithreadedTaskDispatcher with 4 workers.
 -> (artifact id: '00000000000000000000000000000000') in 0.001073 seconds
Import Error Code:(4)
Message: Build asset version error: assets/scripts/scenemanagercontroller.cs in SourceAssetDB has modification time of '2024-12-05T16:46:12.6373848Z' while content on disk has modification time of '2024-12-05T16:46:47.2999686Z'
  ERROR: Build asset version error: assets/scripts/scenemanagercontroller.cs in SourceAssetDB has modification time of '2024-12-05T16:46:12.6373848Z' while content on disk has modification time of '2024-12-05T16:46:47.2999686Z'
Number of updated asset objects reloaded before import = 0
Number of asset objects unloaded after import = 0
========================================================================
Received Import Request.
  Time since last request: 0.018230 seconds.
  path: Assets/Scripts/SceneManagerController.cs
  artifactKey: Guid(f8c1f5b52e608604e99a51b88c3fb697) Importer(815301076,1909f56bfc062723c751e8b465ee728b)
Start importing Assets/Scripts/SceneManagerController.cs using Guid(f8c1f5b52e608604e99a51b88c3fb697) Importer(815301076,1909f56bfc062723c751e8b465ee728b) [PhysX] Initialized MultithreadedTaskDispatcher with 4 workers.
 -> (artifact id: '00000000000000000000000000000000') in 0.001065 seconds
Import Error Code:(4)
Message: Build asset version error: assets/scripts/scenemanagercontroller.cs in SourceAssetDB has modification time of '2024-12-05T16:46:12.6373848Z' while content on disk has modification time of '2024-12-05T16:46:47.2999686Z'
  ERROR: Build asset version error: assets/scripts/scenemanagercontroller.cs in SourceAssetDB has modification time of '2024-12-05T16:46:12.6373848Z' while content on disk has modification time of '2024-12-05T16:46:47.2999686Z'
Number of updated asset objects reloaded before import = 0
Number of asset objects unloaded after import = 0
========================================================================
Received Import Request.
  Time since last request: 0.017884 seconds.
  path: Assets/Scripts/SceneManagerController.cs
  artifactKey: Guid(f8c1f5b52e608604e99a51b88c3fb697) Importer(815301076,1909f56bfc062723c751e8b465ee728b)
Start importing Assets/Scripts/SceneManagerController.cs using Guid(f8c1f5b52e608604e99a51b88c3fb697) Importer(815301076,1909f56bfc062723c751e8b465ee728b) [PhysX] Initialized MultithreadedTaskDispatcher with 4 workers.
 -> (artifact id: '00000000000000000000000000000000') in 0.001213 seconds
Import Error Code:(4)
Message: Build asset version error: assets/scripts/scenemanagercontroller.cs in SourceAssetDB has modification time of '2024-12-05T16:46:12.6373848Z' while content on disk has modification time of '2024-12-05T16:46:47.2999686Z'
  ERROR: Build asset version error: assets/scripts/scenemanagercontroller.cs in SourceAssetDB has modification time of '2024-12-05T16:46:12.6373848Z' while content on disk has modification time of '2024-12-05T16:46:47.2999686Z'
Number of updated asset objects reloaded before import = 0
Number of asset objects unloaded after import = 0
========================================================================
Received Import Request.
  Time since last request: 0.016688 seconds.
  path: Assets/Scripts/SceneManagerController.cs
  artifactKey: Guid(f8c1f5b52e608604e99a51b88c3fb697) Importer(815301076,1909f56bfc062723c751e8b465ee728b)
Start importing Assets/Scripts/SceneManagerController.cs using Guid(f8c1f5b52e608604e99a51b88c3fb697) Importer(815301076,1909f56bfc062723c751e8b465ee728b) [PhysX] Initialized MultithreadedTaskDispatcher with 4 workers.
 -> (artifact id: '00000000000000000000000000000000') in 0.001291 seconds
Import Error Code:(4)
Message: Build asset version error: assets/scripts/scenemanagercontroller.cs in SourceAssetDB has modification time of '2024-12-05T16:46:12.6373848Z' while content on disk has modification time of '2024-12-05T16:46:47.2999686Z'
  ERROR: Build asset version error: assets/scripts/scenemanagercontroller.cs in SourceAssetDB has modification time of '2024-12-05T16:46:12.6373848Z' while content on disk has modification time of '2024-12-05T16:46:47.2999686Z'
Number of updated asset objects reloaded before import = 0
Number of asset objects unloaded after import = 0
========================================================================
Received Import Request.
  Time since last request: 0.018122 seconds.
  path: Assets/Scripts/SceneManagerController.cs
  artifactKey: Guid(f8c1f5b52e608604e99a51b88c3fb697) Importer(815301076,1909f56bfc062723c751e8b465ee728b)
Start importing Assets/Scripts/SceneManagerController.cs using Guid(f8c1f5b52e608604e99a51b88c3fb697) Importer(815301076,1909f56bfc062723c751e8b465ee728b) [PhysX] Initialized MultithreadedTaskDispatcher with 4 workers.
 -> (artifact id: '00000000000000000000000000000000') in 0.001288 seconds
Import Error Code:(4)
Message: Build asset version error: assets/scripts/scenemanagercontroller.cs in SourceAssetDB has modification time of '2024-12-05T16:46:12.6373848Z' while content on disk has modification time of '2024-12-05T16:46:47.2999686Z'
  ERROR: Build asset version error: assets/scripts/scenemanagercontroller.cs in SourceAssetDB has modification time of '2024-12-05T16:46:12.6373848Z' while content on disk has modification time of '2024-12-05T16:46:47.2999686Z'
Number of updated asset objects reloaded before import = 0
Number of asset objects unloaded after import = 0
========================================================================
Received Import Request.
  Time since last request: 0.018122 seconds.
  path: Assets/Scripts/SceneManagerController.cs
  artifactKey: Guid(f8c1f5b52e608604e99a51b88c3fb697) Importer(815301076,1909f56bfc062723c751e8b465ee728b)
Start importing Assets/Scripts/SceneManagerController.cs using Guid(f8c1f5b52e608604e99a51b88c3fb697) Importer(815301076,1909f56bfc062723c751e8b465ee728b) [PhysX] Initialized MultithreadedTaskDispatcher with 4 workers.
 -> (artifact id: '00000000000000000000000000000000') in 0.001066 seconds
Import Error Code:(4)
Message: Build asset version error: assets/scripts/scenemanagercontroller.cs in SourceAssetDB has modification time of '2024-12-05T16:46:12.6373848Z' while content on disk has modification time of '2024-12-05T16:46:47.2999686Z'
  ERROR: Build asset version error: assets/scripts/scenemanagercontroller.cs in SourceAssetDB has modification time of '2024-12-05T16:46:12.6373848Z' while content on disk has modification time of '2024-12-05T16:46:47.2999686Z'
Number of updated asset objects reloaded before import = 0
Number of asset objects unloaded after import = 0
========================================================================
Received Import Request.
  Time since last request: 0.019131 seconds.
  path: Assets/Scripts/SceneManagerController.cs
  artifactKey: Guid(f8c1f5b52e608604e99a51b88c3fb697) Importer(815301076,1909f56bfc062723c751e8b465ee728b)
Start importing Assets/Scripts/SceneManagerController.cs using Guid(f8c1f5b52e608604e99a51b88c3fb697) Importer(815301076,1909f56bfc062723c751e8b465ee728b) [PhysX] Initialized MultithreadedTaskDispatcher with 4 workers.
 -> (artifact id: '00000000000000000000000000000000') in 0.011244 seconds
Import Error Code:(4)
Message: Build asset version error: assets/scripts/scenemanagercontroller.cs in SourceAssetDB has modification time of '2024-12-05T16:46:12.6373848Z' while content on disk has modification time of '2024-12-05T16:46:47.2999686Z'
  ERROR: Build asset version error: assets/scripts/scenemanagercontroller.cs in SourceAssetDB has modification time of '2024-12-05T16:46:12.6373848Z' while content on disk has modification time of '2024-12-05T16:46:47.2999686Z'
Number of updated asset objects reloaded before import = 0
Number of asset objects unloaded after import = 0
========================================================================
Received Import Request.
  Time since last request: 0.001354 seconds.
  path: Assets/Scripts/SceneManagerController.cs
  artifactKey: Guid(f8c1f5b52e608604e99a51b88c3fb697) Importer(815301076,1909f56bfc062723c751e8b465ee728b)
Start importing Assets/Scripts/SceneManagerController.cs using Guid(f8c1f5b52e608604e99a51b88c3fb697) Importer(815301076,1909f56bfc062723c751e8b465ee728b) [PhysX] Initialized MultithreadedTaskDispatcher with 4 workers.
 -> (artifact id: '00000000000000000000000000000000') in 0.001507 seconds
Import Error Code:(4)
Message: Build asset version error: assets/scripts/scenemanagercontroller.cs in SourceAssetDB has modification time of '2024-12-05T16:46:12.6373848Z' while content on disk has modification time of '2024-12-05T16:46:47.2999686Z'
  ERROR: Build asset version error: assets/scripts/scenemanagercontroller.cs in SourceAssetDB has modification time of '2024-12-05T16:46:12.6373848Z' while content on disk has modification time of '2024-12-05T16:46:47.2999686Z'
Number of updated asset objects reloaded before import = 0
Number of asset objects unloaded after import = 0
========================================================================
Received Import Request.
  Time since last request: 0.022160 seconds.
  path: Assets/Scripts/SceneManagerController.cs
  artifactKey: Guid(f8c1f5b52e608604e99a51b88c3fb697) Importer(815301076,1909f56bfc062723c751e8b465ee728b)
Start importing Assets/Scripts/SceneManagerController.cs using Guid(f8c1f5b52e608604e99a51b88c3fb697) Importer(815301076,1909f56bfc062723c751e8b465ee728b) [PhysX] Initialized MultithreadedTaskDispatcher with 4 workers.
 -> (artifact id: '00000000000000000000000000000000') in 0.006330 seconds
Import Error Code:(4)
Message: Build asset version error: assets/scripts/scenemanagercontroller.cs in SourceAssetDB has modification time of '2024-12-05T16:46:12.6373848Z' while content on disk has modification time of '2024-12-05T16:46:47.2999686Z'
  ERROR: Build asset version error: assets/scripts/scenemanagercontroller.cs in SourceAssetDB has modification time of '2024-12-05T16:46:12.6373848Z' while content on disk has modification time of '2024-12-05T16:46:47.2999686Z'
Number of updated asset objects reloaded before import = 0
Number of asset objects unloaded after import = 0
========================================================================
Received Import Request.
  Time since last request: 0.016139 seconds.
  path: Assets/Scripts/SceneManagerController.cs
  artifactKey: Guid(f8c1f5b52e608604e99a51b88c3fb697) Importer(815301076,1909f56bfc062723c751e8b465ee728b)
Start importing Assets/Scripts/SceneManagerController.cs using Guid(f8c1f5b52e608604e99a51b88c3fb697) Importer(815301076,1909f56bfc062723c751e8b465ee728b) [PhysX] Initialized MultithreadedTaskDispatcher with 4 workers.
 -> (artifact id: '00000000000000000000000000000000') in 0.001096 seconds
Import Error Code:(4)
Message: Build asset version error: assets/scripts/scenemanagercontroller.cs in SourceAssetDB has modification time of '2024-12-05T16:46:12.6373848Z' while content on disk has modification time of '2024-12-05T16:46:47.2999686Z'
  ERROR: Build asset version error: assets/scripts/scenemanagercontroller.cs in SourceAssetDB has modification time of '2024-12-05T16:46:12.6373848Z' while content on disk has modification time of '2024-12-05T16:46:47.2999686Z'
Number of updated asset objects reloaded before import = 0
Number of asset objects unloaded after import = 0
========================================================================
Received Import Request.
  Time since last request: 0.017639 seconds.
  path: Assets/Scripts/SceneManagerController.cs
  artifactKey: Guid(f8c1f5b52e608604e99a51b88c3fb697) Importer(815301076,1909f56bfc062723c751e8b465ee728b)
Start importing Assets/Scripts/SceneManagerController.cs using Guid(f8c1f5b52e608604e99a51b88c3fb697) Importer(815301076,1909f56bfc062723c751e8b465ee728b) [PhysX] Initialized MultithreadedTaskDispatcher with 4 workers.
 -> (artifact id: '00000000000000000000000000000000') in 0.001540 seconds
Import Error Code:(4)
Message: Build asset version error: assets/scripts/scenemanagercontroller.cs in SourceAssetDB has modification time of '2024-12-05T16:46:12.6373848Z' while content on disk has modification time of '2024-12-05T16:46:47.2999686Z'
  ERROR: Build asset version error: assets/scripts/scenemanagercontroller.cs in SourceAssetDB has modification time of '2024-12-05T16:46:12.6373848Z' while content on disk has modification time of '2024-12-05T16:46:47.2999686Z'
Number of updated asset objects reloaded before import = 0
Number of asset objects unloaded after import = 0
========================================================================
Received Import Request.
  Time since last request: 0.017521 seconds.
  path: Assets/Scripts/SceneManagerController.cs
  artifactKey: Guid(f8c1f5b52e608604e99a51b88c3fb697) Importer(815301076,1909f56bfc062723c751e8b465ee728b)
Start importing Assets/Scripts/SceneManagerController.cs using Guid(f8c1f5b52e608604e99a51b88c3fb697) Importer(815301076,1909f56bfc062723c751e8b465ee728b) [PhysX] Initialized MultithreadedTaskDispatcher with 4 workers.
 -> (artifact id: '00000000000000000000000000000000') in 0.001282 seconds
Import Error Code:(4)
Message: Build asset version error: assets/scripts/scenemanagercontroller.cs in SourceAssetDB has modification time of '2024-12-05T16:46:12.6373848Z' while content on disk has modification time of '2024-12-05T16:46:47.2999686Z'
  ERROR: Build asset version error: assets/scripts/scenemanagercontroller.cs in SourceAssetDB has modification time of '2024-12-05T16:46:12.6373848Z' while content on disk has modification time of '2024-12-05T16:46:47.2999686Z'
Number of updated asset objects reloaded before import = 0
Number of asset objects unloaded after import = 0
========================================================================
Received Import Request.
  Time since last request: 0.018419 seconds.
  path: Assets/Scripts/SceneManagerController.cs
  artifactKey: Guid(f8c1f5b52e608604e99a51b88c3fb697) Importer(815301076,1909f56bfc062723c751e8b465ee728b)
Start importing Assets/Scripts/SceneManagerController.cs using Guid(f8c1f5b52e608604e99a51b88c3fb697) Importer(815301076,1909f56bfc062723c751e8b465ee728b) [PhysX] Initialized MultithreadedTaskDispatcher with 4 workers.
 -> (artifact id: '00000000000000000000000000000000') in 0.001473 seconds
Import Error Code:(4)
Message: Build asset version error: assets/scripts/scenemanagercontroller.cs in SourceAssetDB has modification time of '2024-12-05T16:46:12.6373848Z' while content on disk has modification time of '2024-12-05T16:46:47.2999686Z'
  ERROR: Build asset version error: assets/scripts/scenemanagercontroller.cs in SourceAssetDB has modification time of '2024-12-05T16:46:12.6373848Z' while content on disk has modification time of '2024-12-05T16:46:47.2999686Z'
Number of updated asset objects reloaded before import = 0
Number of asset objects unloaded after import = 0
========================================================================
Received Import Request.
  Time since last request: 0.019593 seconds.
  path: Assets/Scripts/SceneManagerController.cs
  artifactKey: Guid(f8c1f5b52e608604e99a51b88c3fb697) Importer(815301076,1909f56bfc062723c751e8b465ee728b)
Start importing Assets/Scripts/SceneManagerController.cs using Guid(f8c1f5b52e608604e99a51b88c3fb697) Importer(815301076,1909f56bfc062723c751e8b465ee728b) [PhysX] Initialized MultithreadedTaskDispatcher with 4 workers.
 -> (artifact id: '00000000000000000000000000000000') in 0.001367 seconds
Import Error Code:(4)
Message: Build asset version error: assets/scripts/scenemanagercontroller.cs in SourceAssetDB has modification time of '2024-12-05T16:46:12.6373848Z' while content on disk has modification time of '2024-12-05T16:46:47.2999686Z'
  ERROR: Build asset version error: assets/scripts/scenemanagercontroller.cs in SourceAssetDB has modification time of '2024-12-05T16:46:12.6373848Z' while content on disk has modification time of '2024-12-05T16:46:47.2999686Z'
Number of updated asset objects reloaded before import = 0
Number of asset objects unloaded after import = 0
========================================================================
Received Import Request.
  Time since last request: 0.016612 seconds.
  path: Assets/Scripts/SceneManagerController.cs
  artifactKey: Guid(f8c1f5b52e608604e99a51b88c3fb697) Importer(815301076,1909f56bfc062723c751e8b465ee728b)
Start importing Assets/Scripts/SceneManagerController.cs using Guid(f8c1f5b52e608604e99a51b88c3fb697) Importer(815301076,1909f56bfc062723c751e8b465ee728b) [PhysX] Initialized MultithreadedTaskDispatcher with 4 workers.
 -> (artifact id: '00000000000000000000000000000000') in 0.001300 seconds
Import Error Code:(4)
Message: Build asset version error: assets/scripts/scenemanagercontroller.cs in SourceAssetDB has modification time of '2024-12-05T16:46:12.6373848Z' while content on disk has modification time of '2024-12-05T16:46:47.2999686Z'
  ERROR: Build asset version error: assets/scripts/scenemanagercontroller.cs in SourceAssetDB has modification time of '2024-12-05T16:46:12.6373848Z' while content on disk has modification time of '2024-12-05T16:46:47.2999686Z'
Number of updated asset objects reloaded before import = 0
Number of asset objects unloaded after import = 0
========================================================================
Received Import Request.
  Time since last request: 0.016846 seconds.
  path: Assets/Scripts/SceneManagerController.cs
  artifactKey: Guid(f8c1f5b52e608604e99a51b88c3fb697) Importer(815301076,1909f56bfc062723c751e8b465ee728b)
Start importing Assets/Scripts/SceneManagerController.cs using Guid(f8c1f5b52e608604e99a51b88c3fb697) Importer(815301076,1909f56bfc062723c751e8b465ee728b) [PhysX] Initialized MultithreadedTaskDispatcher with 4 workers.
 -> (artifact id: '00000000000000000000000000000000') in 0.001189 seconds
Import Error Code:(4)
Message: Build asset version error: assets/scripts/scenemanagercontroller.cs in SourceAssetDB has modification time of '2024-12-05T16:46:12.6373848Z' while content on disk has modification time of '2024-12-05T16:46:47.2999686Z'
  ERROR: Build asset version error: assets/scripts/scenemanagercontroller.cs in SourceAssetDB has modification time of '2024-12-05T16:46:12.6373848Z' while content on disk has modification time of '2024-12-05T16:46:47.2999686Z'
Number of updated asset objects reloaded before import = 0
Number of asset objects unloaded after import = 0
========================================================================
Received Import Request.
  Time since last request: 0.017927 seconds.
  path: Assets/Scripts/SceneManagerController.cs
  artifactKey: Guid(f8c1f5b52e608604e99a51b88c3fb697) Importer(815301076,1909f56bfc062723c751e8b465ee728b)
Start importing Assets/Scripts/SceneManagerController.cs using Guid(f8c1f5b52e608604e99a51b88c3fb697) Importer(815301076,1909f56bfc062723c751e8b465ee728b) [PhysX] Initialized MultithreadedTaskDispatcher with 4 workers.
 -> (artifact id: '00000000000000000000000000000000') in 0.001331 seconds
Import Error Code:(4)
Message: Build asset version error: assets/scripts/scenemanagercontroller.cs in SourceAssetDB has modification time of '2024-12-05T16:46:12.6373848Z' while content on disk has modification time of '2024-12-05T16:46:47.2999686Z'
  ERROR: Build asset version error: assets/scripts/scenemanagercontroller.cs in SourceAssetDB has modification time of '2024-12-05T16:46:12.6373848Z' while content on disk has modification time of '2024-12-05T16:46:47.2999686Z'
Number of updated asset objects reloaded before import = 0
Number of asset objects unloaded after import = 0
========================================================================
Received Import Request.
  Time since last request: 0.015798 seconds.
  path: Assets/Scripts/SceneManagerController.cs
  artifactKey: Guid(f8c1f5b52e608604e99a51b88c3fb697) Importer(815301076,1909f56bfc062723c751e8b465ee728b)
Start importing Assets/Scripts/SceneManagerController.cs using Guid(f8c1f5b52e608604e99a51b88c3fb697) Importer(815301076,1909f56bfc062723c751e8b465ee728b) [PhysX] Initialized MultithreadedTaskDispatcher with 4 workers.
 -> (artifact id: '00000000000000000000000000000000') in 0.001054 seconds
Import Error Code:(4)
Message: Build asset version error: assets/scripts/scenemanagercontroller.cs in SourceAssetDB has modification time of '2024-12-05T16:46:12.6373848Z' while content on disk has modification time of '2024-12-05T16:46:47.2999686Z'
  ERROR: Build asset version error: assets/scripts/scenemanagercontroller.cs in SourceAssetDB has modification time of '2024-12-05T16:46:12.6373848Z' while content on disk has modification time of '2024-12-05T16:46:47.2999686Z'
Number of updated asset objects reloaded before import = 0
Number of asset objects unloaded after import = 0
========================================================================
Received Import Request.
  Time since last request: 0.015658 seconds.
  path: Assets/Scripts/SceneManagerController.cs
  artifactKey: Guid(f8c1f5b52e608604e99a51b88c3fb697) Importer(815301076,1909f56bfc062723c751e8b465ee728b)
Start importing Assets/Scripts/SceneManagerController.cs using Guid(f8c1f5b52e608604e99a51b88c3fb697) Importer(815301076,1909f56bfc062723c751e8b465ee728b) [PhysX] Initialized MultithreadedTaskDispatcher with 4 workers.
 -> (artifact id: '00000000000000000000000000000000') in 0.001040 seconds
Import Error Code:(4)
Message: Build asset version error: assets/scripts/scenemanagercontroller.cs in SourceAssetDB has modification time of '2024-12-05T16:46:12.6373848Z' while content on disk has modification time of '2024-12-05T16:46:47.2999686Z'
  ERROR: Build asset version error: assets/scripts/scenemanagercontroller.cs in SourceAssetDB has modification time of '2024-12-05T16:46:12.6373848Z' while content on disk has modification time of '2024-12-05T16:46:47.2999686Z'
Number of updated asset objects reloaded before import = 0
Number of asset objects unloaded after import = 0
========================================================================
Received Import Request.
  Time since last request: 0.015908 seconds.
  path: Assets/Scripts/SceneManagerController.cs
  artifactKey: Guid(f8c1f5b52e608604e99a51b88c3fb697) Importer(815301076,1909f56bfc062723c751e8b465ee728b)
Start importing Assets/Scripts/SceneManagerController.cs using Guid(f8c1f5b52e608604e99a51b88c3fb697) Importer(815301076,1909f56bfc062723c751e8b465ee728b) [PhysX] Initialized MultithreadedTaskDispatcher with 4 workers.
 -> (artifact id: '00000000000000000000000000000000') in 0.002549 seconds
Import Error Code:(4)
Message: Build asset version error: assets/scripts/scenemanagercontroller.cs in SourceAssetDB has modification time of '2024-12-05T16:46:12.6373848Z' while content on disk has modification time of '2024-12-05T16:46:47.2999686Z'
  ERROR: Build asset version error: assets/scripts/scenemanagercontroller.cs in SourceAssetDB has modification time of '2024-12-05T16:46:12.6373848Z' while content on disk has modification time of '2024-12-05T16:46:47.2999686Z'
Number of updated asset objects reloaded before import = 0
Number of asset objects unloaded after import = 0
========================================================================
Received Import Request.
  Time since last request: 0.020581 seconds.
  path: Assets/Scripts/SceneManagerController.cs
  artifactKey: Guid(f8c1f5b52e608604e99a51b88c3fb697) Importer(815301076,1909f56bfc062723c751e8b465ee728b)
Start importing Assets/Scripts/SceneManagerController.cs using Guid(f8c1f5b52e608604e99a51b88c3fb697) Importer(815301076,1909f56bfc062723c751e8b465ee728b) [PhysX] Initialized MultithreadedTaskDispatcher with 4 workers.
 -> (artifact id: '00000000000000000000000000000000') in 0.001461 seconds
Import Error Code:(4)
Message: Build asset version error: assets/scripts/scenemanagercontroller.cs in SourceAssetDB has modification time of '2024-12-05T16:46:12.6373848Z' while content on disk has modification time of '2024-12-05T16:46:47.2999686Z'
  ERROR: Build asset version error: assets/scripts/scenemanagercontroller.cs in SourceAssetDB has modification time of '2024-12-05T16:46:12.6373848Z' while content on disk has modification time of '2024-12-05T16:46:47.2999686Z'
Number of updated asset objects reloaded before import = 0
Number of asset objects unloaded after import = 0
========================================================================
Received Import Request.
  Time since last request: 0.022573 seconds.
  path: Assets/Scripts/SceneManagerController.cs
  artifactKey: Guid(f8c1f5b52e608604e99a51b88c3fb697) Importer(815301076,1909f56bfc062723c751e8b465ee728b)
Start importing Assets/Scripts/SceneManagerController.cs using Guid(f8c1f5b52e608604e99a51b88c3fb697) Importer(815301076,1909f56bfc062723c751e8b465ee728b) [PhysX] Initialized MultithreadedTaskDispatcher with 4 workers.
 -> (artifact id: '00000000000000000000000000000000') in 0.001664 seconds
Import Error Code:(4)
Message: Build asset version error: assets/scripts/scenemanagercontroller.cs in SourceAssetDB has modification time of '2024-12-05T16:46:12.6373848Z' while content on disk has modification time of '2024-12-05T16:46:47.2999686Z'
  ERROR: Build asset version error: assets/scripts/scenemanagercontroller.cs in SourceAssetDB has modification time of '2024-12-05T16:46:12.6373848Z' while content on disk has modification time of '2024-12-05T16:46:47.2999686Z'
Number of updated asset objects reloaded before import = 0
Number of asset objects unloaded after import = 0
========================================================================
Received Import Request.
  Time since last request: 0.002417 seconds.
  path: Assets/Scripts/SceneManagerController.cs
  artifactKey: Guid(f8c1f5b52e608604e99a51b88c3fb697) Importer(815301076,1909f56bfc062723c751e8b465ee728b)
Start importing Assets/Scripts/SceneManagerController.cs using Guid(f8c1f5b52e608604e99a51b88c3fb697) Importer(815301076,1909f56bfc062723c751e8b465ee728b) [PhysX] Initialized MultithreadedTaskDispatcher with 4 workers.
 -> (artifact id: '00000000000000000000000000000000') in 0.001669 seconds
Import Error Code:(4)
Message: Build asset version error: assets/scripts/scenemanagercontroller.cs in SourceAssetDB has modification time of '2024-12-05T16:46:12.6373848Z' while content on disk has modification time of '2024-12-05T16:46:47.2999686Z'
  ERROR: Build asset version error: assets/scripts/scenemanagercontroller.cs in SourceAssetDB has modification time of '2024-12-05T16:46:12.6373848Z' while content on disk has modification time of '2024-12-05T16:46:47.2999686Z'
Number of updated asset objects reloaded before import = 0
Number of asset objects unloaded after import = 0
========================================================================
Received Import Request.
  Time since last request: 0.017595 seconds.
  path: Assets/Scripts/SceneManagerController.cs
  artifactKey: Guid(f8c1f5b52e608604e99a51b88c3fb697) Importer(815301076,1909f56bfc062723c751e8b465ee728b)
Start importing Assets/Scripts/SceneManagerController.cs using Guid(f8c1f5b52e608604e99a51b88c3fb697) Importer(815301076,1909f56bfc062723c751e8b465ee728b) [PhysX] Initialized MultithreadedTaskDispatcher with 4 workers.
 -> (artifact id: '00000000000000000000000000000000') in 0.008496 seconds
Import Error Code:(4)
Message: Build asset version error: assets/scripts/scenemanagercontroller.cs in SourceAssetDB has modification time of '2024-12-05T16:46:12.6373848Z' while content on disk has modification time of '2024-12-05T16:46:47.2999686Z'
  ERROR: Build asset version error: assets/scripts/scenemanagercontroller.cs in SourceAssetDB has modification time of '2024-12-05T16:46:12.6373848Z' while content on disk has modification time of '2024-12-05T16:46:47.2999686Z'
Number of updated asset objects reloaded before import = 0
Number of asset objects unloaded after import = 0
========================================================================
Received Import Request.
  Time since last request: 0.001646 seconds.
  path: Assets/Scripts/SceneManagerController.cs
  artifactKey: Guid(f8c1f5b52e608604e99a51b88c3fb697) Importer(815301076,1909f56bfc062723c751e8b465ee728b)
Start importing Assets/Scripts/SceneManagerController.cs using Guid(f8c1f5b52e608604e99a51b88c3fb697) Importer(815301076,1909f56bfc062723c751e8b465ee728b) [PhysX] Initialized MultithreadedTaskDispatcher with 4 workers.
 -> (artifact id: '00000000000000000000000000000000') in 0.001115 seconds
Import Error Code:(4)
Message: Build asset version error: assets/scripts/scenemanagercontroller.cs in SourceAssetDB has modification time of '2024-12-05T16:46:12.6373848Z' while content on disk has modification time of '2024-12-05T16:46:47.2999686Z'
  ERROR: Build asset version error: assets/scripts/scenemanagercontroller.cs in SourceAssetDB has modification time of '2024-12-05T16:46:12.6373848Z' while content on disk has modification time of '2024-12-05T16:46:47.2999686Z'
Number of updated asset objects reloaded before import = 0
Number of asset objects unloaded after import = 0
========================================================================
Received Import Request.
  Time since last request: 0.017890 seconds.
  path: Assets/Scripts/SceneManagerController.cs
  artifactKey: Guid(f8c1f5b52e608604e99a51b88c3fb697) Importer(815301076,1909f56bfc062723c751e8b465ee728b)
Start importing Assets/Scripts/SceneManagerController.cs using Guid(f8c1f5b52e608604e99a51b88c3fb697) Importer(815301076,1909f56bfc062723c751e8b465ee728b) [PhysX] Initialized MultithreadedTaskDispatcher with 4 workers.
 -> (artifact id: '00000000000000000000000000000000') in 0.001364 seconds
Import Error Code:(4)
Message: Build asset version error: assets/scripts/scenemanagercontroller.cs in SourceAssetDB has modification time of '2024-12-05T16:46:12.6373848Z' while content on disk has modification time of '2024-12-05T16:46:47.2999686Z'
  ERROR: Build asset version error: assets/scripts/scenemanagercontroller.cs in SourceAssetDB has modification time of '2024-12-05T16:46:12.6373848Z' while content on disk has modification time of '2024-12-05T16:46:47.2999686Z'
Number of updated asset objects reloaded before import = 0
Number of asset objects unloaded after import = 0
========================================================================
Received Import Request.
  Time since last request: 0.019175 seconds.
  path: Assets/Scripts/SceneManagerController.cs
  artifactKey: Guid(f8c1f5b52e608604e99a51b88c3fb697) Importer(815301076,1909f56bfc062723c751e8b465ee728b)
Start importing Assets/Scripts/SceneManagerController.cs using Guid(f8c1f5b52e608604e99a51b88c3fb697) Importer(815301076,1909f56bfc062723c751e8b465ee728b) [PhysX] Initialized MultithreadedTaskDispatcher with 4 workers.
 -> (artifact id: '00000000000000000000000000000000') in 0.003850 seconds
Import Error Code:(4)
Message: Build asset version error: assets/scripts/scenemanagercontroller.cs in SourceAssetDB has modification time of '2024-12-05T16:46:12.6373848Z' while content on disk has modification time of '2024-12-05T16:46:47.2999686Z'
  ERROR: Build asset version error: assets/scripts/scenemanagercontroller.cs in SourceAssetDB has modification time of '2024-12-05T16:46:12.6373848Z' while content on disk has modification time of '2024-12-05T16:46:47.2999686Z'
Number of updated asset objects reloaded before import = 0
Number of asset objects unloaded after import = 0
========================================================================
Received Import Request.
  Time since last request: 0.001016 seconds.
  path: Assets/Scripts/SceneManagerController.cs
  artifactKey: Guid(f8c1f5b52e608604e99a51b88c3fb697) Importer(815301076,1909f56bfc062723c751e8b465ee728b)
Start importing Assets/Scripts/SceneManagerController.cs using Guid(f8c1f5b52e608604e99a51b88c3fb697) Importer(815301076,1909f56bfc062723c751e8b465ee728b) [PhysX] Initialized MultithreadedTaskDispatcher with 4 workers.
 -> (artifact id: '00000000000000000000000000000000') in 0.004372 seconds
Import Error Code:(4)
Message: Build asset version error: assets/scripts/scenemanagercontroller.cs in SourceAssetDB has modification time of '2024-12-05T16:46:12.6373848Z' while content on disk has modification time of '2024-12-05T16:46:47.2999686Z'
  ERROR: Build asset version error: assets/scripts/scenemanagercontroller.cs in SourceAssetDB has modification time of '2024-12-05T16:46:12.6373848Z' while content on disk has modification time of '2024-12-05T16:46:47.2999686Z'
Number of updated asset objects reloaded before import = 0
Number of asset objects unloaded after import = 0
========================================================================
Received Import Request.
  Time since last request: 0.011400 seconds.
  path: Assets/Scripts/SceneManagerController.cs
  artifactKey: Guid(f8c1f5b52e608604e99a51b88c3fb697) Importer(815301076,1909f56bfc062723c751e8b465ee728b)
Start importing Assets/Scripts/SceneManagerController.cs using Guid(f8c1f5b52e608604e99a51b88c3fb697) Importer(815301076,1909f56bfc062723c751e8b465ee728b) [PhysX] Initialized MultithreadedTaskDispatcher with 4 workers.
 -> (artifact id: '00000000000000000000000000000000') in 0.001803 seconds
Import Error Code:(4)
Message: Build asset version error: assets/scripts/scenemanagercontroller.cs in SourceAssetDB has modification time of '2024-12-05T16:46:12.6373848Z' while content on disk has modification time of '2024-12-05T16:46:47.2999686Z'
  ERROR: Build asset version error: assets/scripts/scenemanagercontroller.cs in SourceAssetDB has modification time of '2024-12-05T16:46:12.6373848Z' while content on disk has modification time of '2024-12-05T16:46:47.2999686Z'
Number of updated asset objects reloaded before import = 0
Number of asset objects unloaded after import = 0
========================================================================
Received Import Request.
  Time since last request: 0.016593 seconds.
  path: Assets/Scripts/SceneManagerController.cs
  artifactKey: Guid(f8c1f5b52e608604e99a51b88c3fb697) Importer(815301076,1909f56bfc062723c751e8b465ee728b)
Start importing Assets/Scripts/SceneManagerController.cs using Guid(f8c1f5b52e608604e99a51b88c3fb697) Importer(815301076,1909f56bfc062723c751e8b465ee728b) [PhysX] Initialized MultithreadedTaskDispatcher with 4 workers.
 -> (artifact id: '00000000000000000000000000000000') in 0.002766 seconds
Import Error Code:(4)
Message: Build asset version error: assets/scripts/scenemanagercontroller.cs in SourceAssetDB has modification time of '2024-12-05T16:46:12.6373848Z' while content on disk has modification time of '2024-12-05T16:46:47.2999686Z'
  ERROR: Build asset version error: assets/scripts/scenemanagercontroller.cs in SourceAssetDB has modification time of '2024-12-05T16:46:12.6373848Z' while content on disk has modification time of '2024-12-05T16:46:47.2999686Z'
Number of updated asset objects reloaded before import = 0
Number of asset objects unloaded after import = 0
========================================================================
Received Import Request.
  Time since last request: 0.003268 seconds.
  path: Assets/Scripts/SceneManagerController.cs
  artifactKey: Guid(f8c1f5b52e608604e99a51b88c3fb697) Importer(815301076,1909f56bfc062723c751e8b465ee728b)
Start importing Assets/Scripts/SceneManagerController.cs using Guid(f8c1f5b52e608604e99a51b88c3fb697) Importer(815301076,1909f56bfc062723c751e8b465ee728b) [PhysX] Initialized MultithreadedTaskDispatcher with 4 workers.
 -> (artifact id: '00000000000000000000000000000000') in 0.001628 seconds
Import Error Code:(4)
Message: Build asset version error: assets/scripts/scenemanagercontroller.cs in SourceAssetDB has modification time of '2024-12-05T16:46:12.6373848Z' while content on disk has modification time of '2024-12-05T16:46:47.2999686Z'
  ERROR: Build asset version error: assets/scripts/scenemanagercontroller.cs in SourceAssetDB has modification time of '2024-12-05T16:46:12.6373848Z' while content on disk has modification time of '2024-12-05T16:46:47.2999686Z'
Number of updated asset objects reloaded before import = 0
Number of asset objects unloaded after import = 0
========================================================================
Received Import Request.
  Time since last request: 0.023195 seconds.
  path: Assets/Scripts/SceneManagerController.cs
  artifactKey: Guid(f8c1f5b52e608604e99a51b88c3fb697) Importer(815301076,1909f56bfc062723c751e8b465ee728b)
Start importing Assets/Scripts/SceneManagerController.cs using Guid(f8c1f5b52e608604e99a51b88c3fb697) Importer(815301076,1909f56bfc062723c751e8b465ee728b) [PhysX] Initialized MultithreadedTaskDispatcher with 4 workers.
 -> (artifact id: '00000000000000000000000000000000') in 0.001256 seconds
Import Error Code:(4)
Message: Build asset version error: assets/scripts/scenemanagercontroller.cs in SourceAssetDB has modification time of '2024-12-05T16:46:12.6373848Z' while content on disk has modification time of '2024-12-05T16:46:47.2999686Z'
  ERROR: Build asset version error: assets/scripts/scenemanagercontroller.cs in SourceAssetDB has modification time of '2024-12-05T16:46:12.6373848Z' while content on disk has modification time of '2024-12-05T16:46:47.2999686Z'
Number of updated asset objects reloaded before import = 0
Number of asset objects unloaded after import = 0
========================================================================
Received Import Request.
  Time since last request: 0.017699 seconds.
  path: Assets/Scripts/SceneManagerController.cs
  artifactKey: Guid(f8c1f5b52e608604e99a51b88c3fb697) Importer(815301076,1909f56bfc062723c751e8b465ee728b)
Start importing Assets/Scripts/SceneManagerController.cs using Guid(f8c1f5b52e608604e99a51b88c3fb697) Importer(815301076,1909f56bfc062723c751e8b465ee728b) [PhysX] Initialized MultithreadedTaskDispatcher with 4 workers.
 -> (artifact id: '00000000000000000000000000000000') in 0.001208 seconds
Import Error Code:(4)
Message: Build asset version error: assets/scripts/scenemanagercontroller.cs in SourceAssetDB has modification time of '2024-12-05T16:46:12.6373848Z' while content on disk has modification time of '2024-12-05T16:46:47.2999686Z'
  ERROR: Build asset version error: assets/scripts/scenemanagercontroller.cs in SourceAssetDB has modification time of '2024-12-05T16:46:12.6373848Z' while content on disk has modification time of '2024-12-05T16:46:47.2999686Z'
Number of updated asset objects reloaded before import = 0
Number of asset objects unloaded after import = 0
========================================================================
Received Import Request.
  Time since last request: 0.018848 seconds.
  path: Assets/Scripts/SceneManagerController.cs
  artifactKey: Guid(f8c1f5b52e608604e99a51b88c3fb697) Importer(815301076,1909f56bfc062723c751e8b465ee728b)
Start importing Assets/Scripts/SceneManagerController.cs using Guid(f8c1f5b52e608604e99a51b88c3fb697) Importer(815301076,1909f56bfc062723c751e8b465ee728b) [PhysX] Initialized MultithreadedTaskDispatcher with 4 workers.
 -> (artifact id: '00000000000000000000000000000000') in 0.001512 seconds
Import Error Code:(4)
Message: Build asset version error: assets/scripts/scenemanagercontroller.cs in SourceAssetDB has modification time of '2024-12-05T16:46:12.6373848Z' while content on disk has modification time of '2024-12-05T16:46:47.2999686Z'
  ERROR: Build asset version error: assets/scripts/scenemanagercontroller.cs in SourceAssetDB has modification time of '2024-12-05T16:46:12.6373848Z' while content on disk has modification time of '2024-12-05T16:46:47.2999686Z'
Number of updated asset objects reloaded before import = 0
Number of asset objects unloaded after import = 0
========================================================================
Received Import Request.
  Time since last request: 0.017321 seconds.
  path: Assets/Scripts/SceneManagerController.cs
  artifactKey: Guid(f8c1f5b52e608604e99a51b88c3fb697) Importer(815301076,1909f56bfc062723c751e8b465ee728b)
Start importing Assets/Scripts/SceneManagerController.cs using Guid(f8c1f5b52e608604e99a51b88c3fb697) Importer(815301076,1909f56bfc062723c751e8b465ee728b) [PhysX] Initialized MultithreadedTaskDispatcher with 4 workers.
 -> (artifact id: '00000000000000000000000000000000') in 0.001479 seconds
Import Error Code:(4)
Message: Build asset version error: assets/scripts/scenemanagercontroller.cs in SourceAssetDB has modification time of '2024-12-05T16:46:12.6373848Z' while content on disk has modification time of '2024-12-05T16:46:47.2999686Z'
  ERROR: Build asset version error: assets/scripts/scenemanagercontroller.cs in SourceAssetDB has modification time of '2024-12-05T16:46:12.6373848Z' while content on disk has modification time of '2024-12-05T16:46:47.2999686Z'
Number of updated asset objects reloaded before import = 0
Number of asset objects unloaded after import = 0
========================================================================
Received Import Request.
  Time since last request: 0.017734 seconds.
  path: Assets/Scripts/SceneManagerController.cs
  artifactKey: Guid(f8c1f5b52e608604e99a51b88c3fb697) Importer(815301076,1909f56bfc062723c751e8b465ee728b)
Start importing Assets/Scripts/SceneManagerController.cs using Guid(f8c1f5b52e608604e99a51b88c3fb697) Importer(815301076,1909f56bfc062723c751e8b465ee728b) [PhysX] Initialized MultithreadedTaskDispatcher with 4 workers.
 -> (artifact id: '00000000000000000000000000000000') in 0.001940 seconds
Import Error Code:(4)
Message: Build asset version error: assets/scripts/scenemanagercontroller.cs in SourceAssetDB has modification time of '2024-12-05T16:46:12.6373848Z' while content on disk has modification time of '2024-12-05T16:46:47.2999686Z'
  ERROR: Build asset version error: assets/scripts/scenemanagercontroller.cs in SourceAssetDB has modification time of '2024-12-05T16:46:12.6373848Z' while content on disk has modification time of '2024-12-05T16:46:47.2999686Z'
Number of updated asset objects reloaded before import = 0
Number of asset objects unloaded after import = 0
========================================================================
Received Import Request.
  Time since last request: 0.016875 seconds.
  path: Assets/Scripts/SceneManagerController.cs
  artifactKey: Guid(f8c1f5b52e608604e99a51b88c3fb697) Importer(815301076,1909f56bfc062723c751e8b465ee728b)
Start importing Assets/Scripts/SceneManagerController.cs using Guid(f8c1f5b52e608604e99a51b88c3fb697) Importer(815301076,1909f56bfc062723c751e8b465ee728b) [PhysX] Initialized MultithreadedTaskDispatcher with 4 workers.
 -> (artifact id: '00000000000000000000000000000000') in 0.001769 seconds
Import Error Code:(4)
Message: Build asset version error: assets/scripts/scenemanagercontroller.cs in SourceAssetDB has modification time of '2024-12-05T16:46:12.6373848Z' while content on disk has modification time of '2024-12-05T16:46:47.2999686Z'
  ERROR: Build asset version error: assets/scripts/scenemanagercontroller.cs in SourceAssetDB has modification time of '2024-12-05T16:46:12.6373848Z' while content on disk has modification time of '2024-12-05T16:46:47.2999686Z'
Number of updated asset objects reloaded before import = 0
Number of asset objects unloaded after import = 0
========================================================================
Received Import Request.
  Time since last request: 0.016776 seconds.
  path: Assets/Scripts/SceneManagerController.cs
  artifactKey: Guid(f8c1f5b52e608604e99a51b88c3fb697) Importer(815301076,1909f56bfc062723c751e8b465ee728b)
Start importing Assets/Scripts/SceneManagerController.cs using Guid(f8c1f5b52e608604e99a51b88c3fb697) Importer(815301076,1909f56bfc062723c751e8b465ee728b) [PhysX] Initialized MultithreadedTaskDispatcher with 4 workers.
 -> (artifact id: '00000000000000000000000000000000') in 0.001228 seconds
Import Error Code:(4)
Message: Build asset version error: assets/scripts/scenemanagercontroller.cs in SourceAssetDB has modification time of '2024-12-05T16:46:12.6373848Z' while content on disk has modification time of '2024-12-05T16:46:47.2999686Z'
  ERROR: Build asset version error: assets/scripts/scenemanagercontroller.cs in SourceAssetDB has modification time of '2024-12-05T16:46:12.6373848Z' while content on disk has modification time of '2024-12-05T16:46:47.2999686Z'
Number of updated asset objects reloaded before import = 0
Number of asset objects unloaded after import = 0
========================================================================
Received Import Request.
  Time since last request: 0.014428 seconds.
  path: Assets/Scripts/SceneManagerController.cs
  artifactKey: Guid(f8c1f5b52e608604e99a51b88c3fb697) Importer(815301076,1909f56bfc062723c751e8b465ee728b)
Start importing Assets/Scripts/SceneManagerController.cs using Guid(f8c1f5b52e608604e99a51b88c3fb697) Importer(815301076,1909f56bfc062723c751e8b465ee728b) [PhysX] Initialized MultithreadedTaskDispatcher with 4 workers.
 -> (artifact id: '00000000000000000000000000000000') in 0.001064 seconds
Import Error Code:(4)
Message: Build asset version error: assets/scripts/scenemanagercontroller.cs in SourceAssetDB has modification time of '2024-12-05T16:46:12.6373848Z' while content on disk has modification time of '2024-12-05T16:46:47.2999686Z'
  ERROR: Build asset version error: assets/scripts/scenemanagercontroller.cs in SourceAssetDB has modification time of '2024-12-05T16:46:12.6373848Z' while content on disk has modification time of '2024-12-05T16:46:47.2999686Z'
Number of updated asset objects reloaded before import = 0
Number of asset objects unloaded after import = 0
========================================================================
Received Import Request.
  Time since last request: 0.015670 seconds.
  path: Assets/Scripts/SceneManagerController.cs
  artifactKey: Guid(f8c1f5b52e608604e99a51b88c3fb697) Importer(815301076,1909f56bfc062723c751e8b465ee728b)
Start importing Assets/Scripts/SceneManagerController.cs using Guid(f8c1f5b52e608604e99a51b88c3fb697) Importer(815301076,1909f56bfc062723c751e8b465ee728b) [PhysX] Initialized MultithreadedTaskDispatcher with 4 workers.
 -> (artifact id: '00000000000000000000000000000000') in 0.001037 seconds
Import Error Code:(4)
Message: Build asset version error: assets/scripts/scenemanagercontroller.cs in SourceAssetDB has modification time of '2024-12-05T16:46:12.6373848Z' while content on disk has modification time of '2024-12-05T16:46:47.2999686Z'
  ERROR: Build asset version error: assets/scripts/scenemanagercontroller.cs in SourceAssetDB has modification time of '2024-12-05T16:46:12.6373848Z' while content on disk has modification time of '2024-12-05T16:46:47.2999686Z'
Number of updated asset objects reloaded before import = 0
Number of asset objects unloaded after import = 0
========================================================================
Received Import Request.
  Time since last request: 0.015058 seconds.
  path: Assets/Scripts/SceneManagerController.cs
  artifactKey: Guid(f8c1f5b52e608604e99a51b88c3fb697) Importer(815301076,1909f56bfc062723c751e8b465ee728b)
Start importing Assets/Scripts/SceneManagerController.cs using Guid(f8c1f5b52e608604e99a51b88c3fb697) Importer(815301076,1909f56bfc062723c751e8b465ee728b) [PhysX] Initialized MultithreadedTaskDispatcher with 4 workers.
 -> (artifact id: '00000000000000000000000000000000') in 0.001239 seconds
Import Error Code:(4)
Message: Build asset version error: assets/scripts/scenemanagercontroller.cs in SourceAssetDB has modification time of '2024-12-05T16:46:12.6373848Z' while content on disk has modification time of '2024-12-05T16:46:47.2999686Z'
  ERROR: Build asset version error: assets/scripts/scenemanagercontroller.cs in SourceAssetDB has modification time of '2024-12-05T16:46:12.6373848Z' while content on disk has modification time of '2024-12-05T16:46:47.2999686Z'
Number of updated asset objects reloaded before import = 0
Number of asset objects unloaded after import = 0
========================================================================
Received Import Request.
  Time since last request: 0.015355 seconds.
  path: Assets/Scripts/SceneManagerController.cs
  artifactKey: Guid(f8c1f5b52e608604e99a51b88c3fb697) Importer(815301076,1909f56bfc062723c751e8b465ee728b)
Start importing Assets/Scripts/SceneManagerController.cs using Guid(f8c1f5b52e608604e99a51b88c3fb697) Importer(815301076,1909f56bfc062723c751e8b465ee728b) [PhysX] Initialized MultithreadedTaskDispatcher with 4 workers.
 -> (artifact id: '00000000000000000000000000000000') in 0.001487 seconds
Import Error Code:(4)
Message: Build asset version error: assets/scripts/scenemanagercontroller.cs in SourceAssetDB has modification time of '2024-12-05T16:46:12.6373848Z' while content on disk has modification time of '2024-12-05T16:46:47.2999686Z'
  ERROR: Build asset version error: assets/scripts/scenemanagercontroller.cs in SourceAssetDB has modification time of '2024-12-05T16:46:12.6373848Z' while content on disk has modification time of '2024-12-05T16:46:47.2999686Z'
Number of updated asset objects reloaded before import = 0
Number of asset objects unloaded after import = 0
========================================================================
Received Import Request.
  Time since last request: 0.015978 seconds.
  path: Assets/Scripts/SceneManagerController.cs
  artifactKey: Guid(f8c1f5b52e608604e99a51b88c3fb697) Importer(815301076,1909f56bfc062723c751e8b465ee728b)
Start importing Assets/Scripts/SceneManagerController.cs using Guid(f8c1f5b52e608604e99a51b88c3fb697) Importer(815301076,1909f56bfc062723c751e8b465ee728b) [PhysX] Initialized MultithreadedTaskDispatcher with 4 workers.
 -> (artifact id: '00000000000000000000000000000000') in 0.001247 seconds
Import Error Code:(4)
Message: Build asset version error: assets/scripts/scenemanagercontroller.cs in SourceAssetDB has modification time of '2024-12-05T16:46:12.6373848Z' while content on disk has modification time of '2024-12-05T16:46:47.2999686Z'
  ERROR: Build asset version error: assets/scripts/scenemanagercontroller.cs in SourceAssetDB has modification time of '2024-12-05T16:46:12.6373848Z' while content on disk has modification time of '2024-12-05T16:46:47.2999686Z'
Number of updated asset objects reloaded before import = 0
Number of asset objects unloaded after import = 0
========================================================================
Received Import Request.
  Time since last request: 0.017070 seconds.
  path: Assets/Scripts/SceneManagerController.cs
  artifactKey: Guid(f8c1f5b52e608604e99a51b88c3fb697) Importer(815301076,1909f56bfc062723c751e8b465ee728b)
Start importing Assets/Scripts/SceneManagerController.cs using Guid(f8c1f5b52e608604e99a51b88c3fb697) Importer(815301076,1909f56bfc062723c751e8b465ee728b) [PhysX] Initialized MultithreadedTaskDispatcher with 4 workers.
 -> (artifact id: '00000000000000000000000000000000') in 0.001353 seconds
Import Error Code:(4)
Message: Build asset version error: assets/scripts/scenemanagercontroller.cs in SourceAssetDB has modification time of '2024-12-05T16:46:12.6373848Z' while content on disk has modification time of '2024-12-05T16:46:47.2999686Z'
  ERROR: Build asset version error: assets/scripts/scenemanagercontroller.cs in SourceAssetDB has modification time of '2024-12-05T16:46:12.6373848Z' while content on disk has modification time of '2024-12-05T16:46:47.2999686Z'
Number of updated asset objects reloaded before import = 0
Number of asset objects unloaded after import = 0
========================================================================
Received Import Request.
  Time since last request: 0.016477 seconds.
  path: Assets/Scripts/SceneManagerController.cs
  artifactKey: Guid(f8c1f5b52e608604e99a51b88c3fb697) Importer(815301076,1909f56bfc062723c751e8b465ee728b)
Start importing Assets/Scripts/SceneManagerController.cs using Guid(f8c1f5b52e608604e99a51b88c3fb697) Importer(815301076,1909f56bfc062723c751e8b465ee728b) [PhysX] Initialized MultithreadedTaskDispatcher with 4 workers.
 -> (artifact id: '00000000000000000000000000000000') in 0.001058 seconds
Import Error Code:(4)
Message: Build asset version error: assets/scripts/scenemanagercontroller.cs in SourceAssetDB has modification time of '2024-12-05T16:46:12.6373848Z' while content on disk has modification time of '2024-12-05T16:46:47.2999686Z'
  ERROR: Build asset version error: assets/scripts/scenemanagercontroller.cs in SourceAssetDB has modification time of '2024-12-05T16:46:12.6373848Z' while content on disk has modification time of '2024-12-05T16:46:47.2999686Z'
Number of updated asset objects reloaded before import = 0
Number of asset objects unloaded after import = 0
========================================================================
Received Import Request.
  Time since last request: 0.015485 seconds.
  path: Assets/Scripts/SceneManagerController.cs
  artifactKey: Guid(f8c1f5b52e608604e99a51b88c3fb697) Importer(815301076,1909f56bfc062723c751e8b465ee728b)
Start importing Assets/Scripts/SceneManagerController.cs using Guid(f8c1f5b52e608604e99a51b88c3fb697) Importer(815301076,1909f56bfc062723c751e8b465ee728b) [PhysX] Initialized MultithreadedTaskDispatcher with 4 workers.
 -> (artifact id: '00000000000000000000000000000000') in 0.001109 seconds
Import Error Code:(4)
Message: Build asset version error: assets/scripts/scenemanagercontroller.cs in SourceAssetDB has modification time of '2024-12-05T16:46:12.6373848Z' while content on disk has modification time of '2024-12-05T16:46:47.2999686Z'
  ERROR: Build asset version error: assets/scripts/scenemanagercontroller.cs in SourceAssetDB has modification time of '2024-12-05T16:46:12.6373848Z' while content on disk has modification time of '2024-12-05T16:46:47.2999686Z'
Number of updated asset objects reloaded before import = 0
Number of asset objects unloaded after import = 0
========================================================================
Received Import Request.
  Time since last request: 0.014748 seconds.
  path: Assets/Scripts/SceneManagerController.cs
  artifactKey: Guid(f8c1f5b52e608604e99a51b88c3fb697) Importer(815301076,1909f56bfc062723c751e8b465ee728b)
Start importing Assets/Scripts/SceneManagerController.cs using Guid(f8c1f5b52e608604e99a51b88c3fb697) Importer(815301076,1909f56bfc062723c751e8b465ee728b) [PhysX] Initialized MultithreadedTaskDispatcher with 4 workers.
 -> (artifact id: '00000000000000000000000000000000') in 0.001860 seconds
Import Error Code:(4)
Message: Build asset version error: assets/scripts/scenemanagercontroller.cs in SourceAssetDB has modification time of '2024-12-05T16:46:12.6373848Z' while content on disk has modification time of '2024-12-05T16:46:47.2999686Z'
  ERROR: Build asset version error: assets/scripts/scenemanagercontroller.cs in SourceAssetDB has modification time of '2024-12-05T16:46:12.6373848Z' while content on disk has modification time of '2024-12-05T16:46:47.2999686Z'
Number of updated asset objects reloaded before import = 0
Number of asset objects unloaded after import = 0
========================================================================
Received Import Request.
  Time since last request: 0.016952 seconds.
  path: Assets/Scripts/SceneManagerController.cs
  artifactKey: Guid(f8c1f5b52e608604e99a51b88c3fb697) Importer(815301076,1909f56bfc062723c751e8b465ee728b)
Start importing Assets/Scripts/SceneManagerController.cs using Guid(f8c1f5b52e608604e99a51b88c3fb697) Importer(815301076,1909f56bfc062723c751e8b465ee728b) [PhysX] Initialized MultithreadedTaskDispatcher with 4 workers.
 -> (artifact id: '00000000000000000000000000000000') in 0.000993 seconds
Import Error Code:(4)
Message: Build asset version error: assets/scripts/scenemanagercontroller.cs in SourceAssetDB has modification time of '2024-12-05T16:46:12.6373848Z' while content on disk has modification time of '2024-12-05T16:46:47.2999686Z'
  ERROR: Build asset version error: assets/scripts/scenemanagercontroller.cs in SourceAssetDB has modification time of '2024-12-05T16:46:12.6373848Z' while content on disk has modification time of '2024-12-05T16:46:47.2999686Z'
Number of updated asset objects reloaded before import = 0
Number of asset objects unloaded after import = 0
========================================================================
Received Import Request.
  Time since last request: 0.018682 seconds.
  path: Assets/Scripts/SceneManagerController.cs
  artifactKey: Guid(f8c1f5b52e608604e99a51b88c3fb697) Importer(815301076,1909f56bfc062723c751e8b465ee728b)
Start importing Assets/Scripts/SceneManagerController.cs using Guid(f8c1f5b52e608604e99a51b88c3fb697) Importer(815301076,1909f56bfc062723c751e8b465ee728b) [PhysX] Initialized MultithreadedTaskDispatcher with 4 workers.
 -> (artifact id: '00000000000000000000000000000000') in 0.001224 seconds
Import Error Code:(4)
Message: Build asset version error: assets/scripts/scenemanagercontroller.cs in SourceAssetDB has modification time of '2024-12-05T16:46:12.6373848Z' while content on disk has modification time of '2024-12-05T16:46:47.2999686Z'
  ERROR: Build asset version error: assets/scripts/scenemanagercontroller.cs in SourceAssetDB has modification time of '2024-12-05T16:46:12.6373848Z' while content on disk has modification time of '2024-12-05T16:46:47.2999686Z'
Number of updated asset objects reloaded before import = 0
Number of asset objects unloaded after import = 0
========================================================================
Received Import Request.
  Time since last request: 0.017934 seconds.
  path: Assets/Scripts/SceneManagerController.cs
  artifactKey: Guid(f8c1f5b52e608604e99a51b88c3fb697) Importer(815301076,1909f56bfc062723c751e8b465ee728b)
Start importing Assets/Scripts/SceneManagerController.cs using Guid(f8c1f5b52e608604e99a51b88c3fb697) Importer(815301076,1909f56bfc062723c751e8b465ee728b) [PhysX] Initialized MultithreadedTaskDispatcher with 4 workers.
 -> (artifact id: '00000000000000000000000000000000') in 0.001023 seconds
Import Error Code:(4)
Message: Build asset version error: assets/scripts/scenemanagercontroller.cs in SourceAssetDB has modification time of '2024-12-05T16:46:12.6373848Z' while content on disk has modification time of '2024-12-05T16:46:47.2999686Z'
  ERROR: Build asset version error: assets/scripts/scenemanagercontroller.cs in SourceAssetDB has modification time of '2024-12-05T16:46:12.6373848Z' while content on disk has modification time of '2024-12-05T16:46:47.2999686Z'
Number of updated asset objects reloaded before import = 0
Number of asset objects unloaded after import = 0
========================================================================
Received Import Request.
  Time since last request: 0.018766 seconds.
  path: Assets/Scripts/SceneManagerController.cs
  artifactKey: Guid(f8c1f5b52e608604e99a51b88c3fb697) Importer(815301076,1909f56bfc062723c751e8b465ee728b)
Start importing Assets/Scripts/SceneManagerController.cs using Guid(f8c1f5b52e608604e99a51b88c3fb697) Importer(815301076,1909f56bfc062723c751e8b465ee728b) [PhysX] Initialized MultithreadedTaskDispatcher with 4 workers.
 -> (artifact id: '00000000000000000000000000000000') in 0.001180 seconds
Import Error Code:(4)
Message: Build asset version error: assets/scripts/scenemanagercontroller.cs in SourceAssetDB has modification time of '2024-12-05T16:46:12.6373848Z' while content on disk has modification time of '2024-12-05T16:46:47.2999686Z'
  ERROR: Build asset version error: assets/scripts/scenemanagercontroller.cs in SourceAssetDB has modification time of '2024-12-05T16:46:12.6373848Z' while content on disk has modification time of '2024-12-05T16:46:47.2999686Z'
Number of updated asset objects reloaded before import = 0
Number of asset objects unloaded after import = 0
========================================================================
Received Import Request.
  Time since last request: 0.020726 seconds.
  path: Assets/Scripts/SceneManagerController.cs
  artifactKey: Guid(f8c1f5b52e608604e99a51b88c3fb697) Importer(815301076,1909f56bfc062723c751e8b465ee728b)
Start importing Assets/Scripts/SceneManagerController.cs using Guid(f8c1f5b52e608604e99a51b88c3fb697) Importer(815301076,1909f56bfc062723c751e8b465ee728b) [PhysX] Initialized MultithreadedTaskDispatcher with 4 workers.
 -> (artifact id: '00000000000000000000000000000000') in 0.003027 seconds
Import Error Code:(4)
Message: Build asset version error: assets/scripts/scenemanagercontroller.cs in SourceAssetDB has modification time of '2024-12-05T16:46:12.6373848Z' while content on disk has modification time of '2024-12-05T16:46:47.2999686Z'
  ERROR: Build asset version error: assets/scripts/scenemanagercontroller.cs in SourceAssetDB has modification time of '2024-12-05T16:46:12.6373848Z' while content on disk has modification time of '2024-12-05T16:46:47.2999686Z'
Number of updated asset objects reloaded before import = 0
Number of asset objects unloaded after import = 0
========================================================================
Received Import Request.
  Time since last request: 0.004948 seconds.
  path: Assets/Scripts/SceneManagerController.cs
  artifactKey: Guid(f8c1f5b52e608604e99a51b88c3fb697) Importer(815301076,1909f56bfc062723c751e8b465ee728b)
Start importing Assets/Scripts/SceneManagerController.cs using Guid(f8c1f5b52e608604e99a51b88c3fb697) Importer(815301076,1909f56bfc062723c751e8b465ee728b) [PhysX] Initialized MultithreadedTaskDispatcher with 4 workers.
 -> (artifact id: '00000000000000000000000000000000') in 0.001471 seconds
Import Error Code:(4)
Message: Build asset version error: assets/scripts/scenemanagercontroller.cs in SourceAssetDB has modification time of '2024-12-05T16:46:12.6373848Z' while content on disk has modification time of '2024-12-05T16:46:47.2999686Z'
  ERROR: Build asset version error: assets/scripts/scenemanagercontroller.cs in SourceAssetDB has modification time of '2024-12-05T16:46:12.6373848Z' while content on disk has modification time of '2024-12-05T16:46:47.2999686Z'
Number of updated asset objects reloaded before import = 0
Number of asset objects unloaded after import = 0
========================================================================
Received Import Request.
  Time since last request: 0.014555 seconds.
  path: Assets/Scripts/SceneManagerController.cs
  artifactKey: Guid(f8c1f5b52e608604e99a51b88c3fb697) Importer(815301076,1909f56bfc062723c751e8b465ee728b)
Start importing Assets/Scripts/SceneManagerController.cs using Guid(f8c1f5b52e608604e99a51b88c3fb697) Importer(815301076,1909f56bfc062723c751e8b465ee728b) [PhysX] Initialized MultithreadedTaskDispatcher with 4 workers.
 -> (artifact id: '00000000000000000000000000000000') in 0.001386 seconds
Import Error Code:(4)
Message: Build asset version error: assets/scripts/scenemanagercontroller.cs in SourceAssetDB has modification time of '2024-12-05T16:46:12.6373848Z' while content on disk has modification time of '2024-12-05T16:46:47.2999686Z'
  ERROR: Build asset version error: assets/scripts/scenemanagercontroller.cs in SourceAssetDB has modification time of '2024-12-05T16:46:12.6373848Z' while content on disk has modification time of '2024-12-05T16:46:47.2999686Z'
Number of updated asset objects reloaded before import = 0
Number of asset objects unloaded after import = 0
========================================================================
Received Import Request.
  Time since last request: 0.095226 seconds.
  path: Assets/Scripts/SceneManagerController.cs
  artifactKey: Guid(f8c1f5b52e608604e99a51b88c3fb697) Importer(815301076,1909f56bfc062723c751e8b465ee728b)
Start importing Assets/Scripts/SceneManagerController.cs using Guid(f8c1f5b52e608604e99a51b88c3fb697) Importer(815301076,1909f56bfc062723c751e8b465ee728b) [PhysX] Initialized MultithreadedTaskDispatcher with 4 workers.
 -> (artifact id: '00000000000000000000000000000000') in 0.002436 seconds
Import Error Code:(4)
Message: Build asset version error: assets/scripts/scenemanagercontroller.cs in SourceAssetDB has modification time of '2024-12-05T16:46:12.6373848Z' while content on disk has modification time of '2024-12-05T16:46:47.2999686Z'
  ERROR: Build asset version error: assets/scripts/scenemanagercontroller.cs in SourceAssetDB has modification time of '2024-12-05T16:46:12.6373848Z' while content on disk has modification time of '2024-12-05T16:46:47.2999686Z'
Number of updated asset objects reloaded before import = 0
Number of asset objects unloaded after import = 0
========================================================================
Received Import Request.
  Time since last request: 0.000835 seconds.
  path: Assets/Scripts/SceneManagerController.cs
  artifactKey: Guid(f8c1f5b52e608604e99a51b88c3fb697) Importer(815301076,1909f56bfc062723c751e8b465ee728b)
Start importing Assets/Scripts/SceneManagerController.cs using Guid(f8c1f5b52e608604e99a51b88c3fb697) Importer(815301076,1909f56bfc062723c751e8b465ee728b) [PhysX] Initialized MultithreadedTaskDispatcher with 4 workers.
 -> (artifact id: '00000000000000000000000000000000') in 0.003951 seconds
Import Error Code:(4)
Message: Build asset version error: assets/scripts/scenemanagercontroller.cs in SourceAssetDB has modification time of '2024-12-05T16:46:12.6373848Z' while content on disk has modification time of '2024-12-05T16:46:47.2999686Z'
  ERROR: Build asset version error: assets/scripts/scenemanagercontroller.cs in SourceAssetDB has modification time of '2024-12-05T16:46:12.6373848Z' while content on disk has modification time of '2024-12-05T16:46:47.2999686Z'
Number of updated asset objects reloaded before import = 0
Number of asset objects unloaded after import = 0
========================================================================
Received Import Request.
  Time since last request: 0.013702 seconds.
  path: Assets/Scripts/SceneManagerController.cs
  artifactKey: Guid(f8c1f5b52e608604e99a51b88c3fb697) Importer(815301076,1909f56bfc062723c751e8b465ee728b)
Start importing Assets/Scripts/SceneManagerController.cs using Guid(f8c1f5b52e608604e99a51b88c3fb697) Importer(815301076,1909f56bfc062723c751e8b465ee728b) [PhysX] Initialized MultithreadedTaskDispatcher with 4 workers.
 -> (artifact id: '00000000000000000000000000000000') in 0.003951 seconds
Import Error Code:(4)
Message: Build asset version error: assets/scripts/scenemanagercontroller.cs in SourceAssetDB has modification time of '2024-12-05T16:46:12.6373848Z' while content on disk has modification time of '2024-12-05T16:46:47.2999686Z'
  ERROR: Build asset version error: assets/scripts/scenemanagercontroller.cs in SourceAssetDB has modification time of '2024-12-05T16:46:12.6373848Z' while content on disk has modification time of '2024-12-05T16:46:47.2999686Z'
Number of updated asset objects reloaded before import = 0
Number of asset objects unloaded after import = 0
========================================================================
Received Import Request.
  Time since last request: 0.017740 seconds.
  path: Assets/Scripts/SceneManagerController.cs
  artifactKey: Guid(f8c1f5b52e608604e99a51b88c3fb697) Importer(815301076,1909f56bfc062723c751e8b465ee728b)
Start importing Assets/Scripts/SceneManagerController.cs using Guid(f8c1f5b52e608604e99a51b88c3fb697) Importer(815301076,1909f56bfc062723c751e8b465ee728b) [PhysX] Initialized MultithreadedTaskDispatcher with 4 workers.
 -> (artifact id: '00000000000000000000000000000000') in 0.001543 seconds
Import Error Code:(4)
Message: Build asset version error: assets/scripts/scenemanagercontroller.cs in SourceAssetDB has modification time of '2024-12-05T16:46:12.6373848Z' while content on disk has modification time of '2024-12-05T16:46:47.2999686Z'
  ERROR: Build asset version error: assets/scripts/scenemanagercontroller.cs in SourceAssetDB has modification time of '2024-12-05T16:46:12.6373848Z' while content on disk has modification time of '2024-12-05T16:46:47.2999686Z'
Number of updated asset objects reloaded before import = 0
Number of asset objects unloaded after import = 0
========================================================================
Received Import Request.
  Time since last request: 0.015768 seconds.
  path: Assets/Scripts/SceneManagerController.cs
  artifactKey: Guid(f8c1f5b52e608604e99a51b88c3fb697) Importer(815301076,1909f56bfc062723c751e8b465ee728b)
Start importing Assets/Scripts/SceneManagerController.cs using Guid(f8c1f5b52e608604e99a51b88c3fb697) Importer(815301076,1909f56bfc062723c751e8b465ee728b) [PhysX] Initialized MultithreadedTaskDispatcher with 4 workers.
 -> (artifact id: '00000000000000000000000000000000') in 0.001061 seconds
Import Error Code:(4)
Message: Build asset version error: assets/scripts/scenemanagercontroller.cs in SourceAssetDB has modification time of '2024-12-05T16:46:12.6373848Z' while content on disk has modification time of '2024-12-05T16:46:47.2999686Z'
  ERROR: Build asset version error: assets/scripts/scenemanagercontroller.cs in SourceAssetDB has modification time of '2024-12-05T16:46:12.6373848Z' while content on disk has modification time of '2024-12-05T16:46:47.2999686Z'
Number of updated asset objects reloaded before import = 0
Number of asset objects unloaded after import = 0
========================================================================
Received Import Request.
  Time since last request: 0.018150 seconds.
  path: Assets/Scripts/SceneManagerController.cs
  artifactKey: Guid(f8c1f5b52e608604e99a51b88c3fb697) Importer(815301076,1909f56bfc062723c751e8b465ee728b)
Start importing Assets/Scripts/SceneManagerController.cs using Guid(f8c1f5b52e608604e99a51b88c3fb697) Importer(815301076,1909f56bfc062723c751e8b465ee728b) [PhysX] Initialized MultithreadedTaskDispatcher with 4 workers.
 -> (artifact id: '00000000000000000000000000000000') in 0.001661 seconds
Import Error Code:(4)
Message: Build asset version error: assets/scripts/scenemanagercontroller.cs in SourceAssetDB has modification time of '2024-12-05T16:46:12.6373848Z' while content on disk has modification time of '2024-12-05T16:46:47.2999686Z'
  ERROR: Build asset version error: assets/scripts/scenemanagercontroller.cs in SourceAssetDB has modification time of '2024-12-05T16:46:12.6373848Z' while content on disk has modification time of '2024-12-05T16:46:47.2999686Z'
Number of updated asset objects reloaded before import = 0
Number of asset objects unloaded after import = 0
========================================================================
Received Import Request.
  Time since last request: 0.016326 seconds.
  path: Assets/Scripts/SceneManagerController.cs
  artifactKey: Guid(f8c1f5b52e608604e99a51b88c3fb697) Importer(815301076,1909f56bfc062723c751e8b465ee728b)
Start importing Assets/Scripts/SceneManagerController.cs using Guid(f8c1f5b52e608604e99a51b88c3fb697) Importer(815301076,1909f56bfc062723c751e8b465ee728b) [PhysX] Initialized MultithreadedTaskDispatcher with 4 workers.
 -> (artifact id: '00000000000000000000000000000000') in 0.001212 seconds
Import Error Code:(4)
Message: Build asset version error: assets/scripts/scenemanagercontroller.cs in SourceAssetDB has modification time of '2024-12-05T16:46:12.6373848Z' while content on disk has modification time of '2024-12-05T16:46:47.2999686Z'
  ERROR: Build asset version error: assets/scripts/scenemanagercontroller.cs in SourceAssetDB has modification time of '2024-12-05T16:46:12.6373848Z' while content on disk has modification time of '2024-12-05T16:46:47.2999686Z'
Number of updated asset objects reloaded before import = 0
Number of asset objects unloaded after import = 0
========================================================================
Received Import Request.
  Time since last request: 0.016387 seconds.
  path: Assets/Scripts/SceneManagerController.cs
  artifactKey: Guid(f8c1f5b52e608604e99a51b88c3fb697) Importer(815301076,1909f56bfc062723c751e8b465ee728b)
Start importing Assets/Scripts/SceneManagerController.cs using Guid(f8c1f5b52e608604e99a51b88c3fb697) Importer(815301076,1909f56bfc062723c751e8b465ee728b) [PhysX] Initialized MultithreadedTaskDispatcher with 4 workers.
 -> (artifact id: '00000000000000000000000000000000') in 0.001141 seconds
Import Error Code:(4)
Message: Build asset version error: assets/scripts/scenemanagercontroller.cs in SourceAssetDB has modification time of '2024-12-05T16:46:12.6373848Z' while content on disk has modification time of '2024-12-05T16:46:47.2999686Z'
  ERROR: Build asset version error: assets/scripts/scenemanagercontroller.cs in SourceAssetDB has modification time of '2024-12-05T16:46:12.6373848Z' while content on disk has modification time of '2024-12-05T16:46:47.2999686Z'
Number of updated asset objects reloaded before import = 0
Number of asset objects unloaded after import = 0
========================================================================
Received Import Request.
  Time since last request: 0.020476 seconds.
  path: Assets/Scripts/SceneManagerController.cs
  artifactKey: Guid(f8c1f5b52e608604e99a51b88c3fb697) Importer(815301076,1909f56bfc062723c751e8b465ee728b)
Start importing Assets/Scripts/SceneManagerController.cs using Guid(f8c1f5b52e608604e99a51b88c3fb697) Importer(815301076,1909f56bfc062723c751e8b465ee728b) [PhysX] Initialized MultithreadedTaskDispatcher with 4 workers.
 -> (artifact id: '00000000000000000000000000000000') in 0.001268 seconds
Import Error Code:(4)
Message: Build asset version error: assets/scripts/scenemanagercontroller.cs in SourceAssetDB has modification time of '2024-12-05T16:46:12.6373848Z' while content on disk has modification time of '2024-12-05T16:46:47.2999686Z'
  ERROR: Build asset version error: assets/scripts/scenemanagercontroller.cs in SourceAssetDB has modification time of '2024-12-05T16:46:12.6373848Z' while content on disk has modification time of '2024-12-05T16:46:47.2999686Z'
Number of updated asset objects reloaded before import = 0
Number of asset objects unloaded after import = 0
========================================================================
Received Import Request.
  Time since last request: 0.018461 seconds.
  path: Assets/Scripts/SceneManagerController.cs
  artifactKey: Guid(f8c1f5b52e608604e99a51b88c3fb697) Importer(815301076,1909f56bfc062723c751e8b465ee728b)
Start importing Assets/Scripts/SceneManagerController.cs using Guid(f8c1f5b52e608604e99a51b88c3fb697) Importer(815301076,1909f56bfc062723c751e8b465ee728b) [PhysX] Initialized MultithreadedTaskDispatcher with 4 workers.
 -> (artifact id: '00000000000000000000000000000000') in 0.001226 seconds
Import Error Code:(4)
Message: Build asset version error: assets/scripts/scenemanagercontroller.cs in SourceAssetDB has modification time of '2024-12-05T16:46:12.6373848Z' while content on disk has modification time of '2024-12-05T16:46:47.2999686Z'
  ERROR: Build asset version error: assets/scripts/scenemanagercontroller.cs in SourceAssetDB has modification time of '2024-12-05T16:46:12.6373848Z' while content on disk has modification time of '2024-12-05T16:46:47.2999686Z'
Number of updated asset objects reloaded before import = 0
Number of asset objects unloaded after import = 0
========================================================================
Received Import Request.
  Time since last request: 0.021566 seconds.
  path: Assets/Scripts/SceneManagerController.cs
  artifactKey: Guid(f8c1f5b52e608604e99a51b88c3fb697) Importer(815301076,1909f56bfc062723c751e8b465ee728b)
Start importing Assets/Scripts/SceneManagerController.cs using Guid(f8c1f5b52e608604e99a51b88c3fb697) Importer(815301076,1909f56bfc062723c751e8b465ee728b) [PhysX] Initialized MultithreadedTaskDispatcher with 4 workers.
 -> (artifact id: '00000000000000000000000000000000') in 0.036112 seconds
Import Error Code:(4)
Message: Build asset version error: assets/scripts/scenemanagercontroller.cs in SourceAssetDB has modification time of '2024-12-05T16:46:12.6373848Z' while content on disk has modification time of '2024-12-05T16:46:47.2999686Z'
  ERROR: Build asset version error: assets/scripts/scenemanagercontroller.cs in SourceAssetDB has modification time of '2024-12-05T16:46:12.6373848Z' while content on disk has modification time of '2024-12-05T16:46:47.2999686Z'
Number of updated asset objects reloaded before import = 0
Number of asset objects unloaded after import = 0
========================================================================
Received Import Request.
  Time since last request: 0.066300 seconds.
  path: Assets/Scripts/SceneManagerController.cs
  artifactKey: Guid(f8c1f5b52e608604e99a51b88c3fb697) Importer(815301076,1909f56bfc062723c751e8b465ee728b)
Start importing Assets/Scripts/SceneManagerController.cs using Guid(f8c1f5b52e608604e99a51b88c3fb697) Importer(815301076,1909f56bfc062723c751e8b465ee728b) [PhysX] Initialized MultithreadedTaskDispatcher with 4 workers.
 -> (artifact id: '00000000000000000000000000000000') in 0.001589 seconds
Import Error Code:(4)
Message: Build asset version error: assets/scripts/scenemanagercontroller.cs in SourceAssetDB has modification time of '2024-12-05T16:46:12.6373848Z' while content on disk has modification time of '2024-12-05T16:46:47.2999686Z'
  ERROR: Build asset version error: assets/scripts/scenemanagercontroller.cs in SourceAssetDB has modification time of '2024-12-05T16:46:12.6373848Z' while content on disk has modification time of '2024-12-05T16:46:47.2999686Z'
Number of updated asset objects reloaded before import = 0
Number of asset objects unloaded after import = 0
========================================================================
Received Import Request.
  Time since last request: 0.000739 seconds.
  path: Assets/Scripts/SceneManagerController.cs
  artifactKey: Guid(f8c1f5b52e608604e99a51b88c3fb697) Importer(815301076,1909f56bfc062723c751e8b465ee728b)
Start importing Assets/Scripts/SceneManagerController.cs using Guid(f8c1f5b52e608604e99a51b88c3fb697) Importer(815301076,1909f56bfc062723c751e8b465ee728b) [PhysX] Initialized MultithreadedTaskDispatcher with 4 workers.
 -> (artifact id: '00000000000000000000000000000000') in 0.001394 seconds
Import Error Code:(4)
Message: Build asset version error: assets/scripts/scenemanagercontroller.cs in SourceAssetDB has modification time of '2024-12-05T16:46:12.6373848Z' while content on disk has modification time of '2024-12-05T16:46:47.2999686Z'
  ERROR: Build asset version error: assets/scripts/scenemanagercontroller.cs in SourceAssetDB has modification time of '2024-12-05T16:46:12.6373848Z' while content on disk has modification time of '2024-12-05T16:46:47.2999686Z'
Number of updated asset objects reloaded before import = 0
Number of asset objects unloaded after import = 0
========================================================================
Received Import Request.
  Time since last request: 0.020546 seconds.
  path: Assets/Scripts/SceneManagerController.cs
  artifactKey: Guid(f8c1f5b52e608604e99a51b88c3fb697) Importer(815301076,1909f56bfc062723c751e8b465ee728b)
Start importing Assets/Scripts/SceneManagerController.cs using Guid(f8c1f5b52e608604e99a51b88c3fb697) Importer(815301076,1909f56bfc062723c751e8b465ee728b) [PhysX] Initialized MultithreadedTaskDispatcher with 4 workers.
 -> (artifact id: '00000000000000000000000000000000') in 0.233442 seconds
Import Error Code:(4)
Message: Build asset version error: assets/scripts/scenemanagercontroller.cs in SourceAssetDB has modification time of '2024-12-05T16:46:12.6373848Z' while content on disk has modification time of '2024-12-05T16:46:47.2999686Z'
  ERROR: Build asset version error: assets/scripts/scenemanagercontroller.cs in SourceAssetDB has modification time of '2024-12-05T16:46:12.6373848Z' while content on disk has modification time of '2024-12-05T16:46:47.2999686Z'
Number of updated asset objects reloaded before import = 0
Number of asset objects unloaded after import = 0
========================================================================
Received Import Request.
  Time since last request: 0.000453 seconds.
  path: Assets/Scripts/SceneManagerController.cs
  artifactKey: Guid(f8c1f5b52e608604e99a51b88c3fb697) Importer(815301076,1909f56bfc062723c751e8b465ee728b)
Start importing Assets/Scripts/SceneManagerController.cs using Guid(f8c1f5b52e608604e99a51b88c3fb697) Importer(815301076,1909f56bfc062723c751e8b465ee728b) [PhysX] Initialized MultithreadedTaskDispatcher with 4 workers.
 -> (artifact id: '00000000000000000000000000000000') in 0.003781 seconds
Import Error Code:(4)
Message: Build asset version error: assets/scripts/scenemanagercontroller.cs in SourceAssetDB has modification time of '2024-12-05T16:46:12.6373848Z' while content on disk has modification time of '2024-12-05T16:46:47.2999686Z'
  ERROR: Build asset version error: assets/scripts/scenemanagercontroller.cs in SourceAssetDB has modification time of '2024-12-05T16:46:12.6373848Z' while content on disk has modification time of '2024-12-05T16:46:47.2999686Z'
Number of updated asset objects reloaded before import = 0
Number of asset objects unloaded after import = 0
========================================================================
Received Import Request.
  Time since last request: 0.014681 seconds.
  path: Assets/Scripts/SceneManagerController.cs
  artifactKey: Guid(f8c1f5b52e608604e99a51b88c3fb697) Importer(815301076,1909f56bfc062723c751e8b465ee728b)
Start importing Assets/Scripts/SceneManagerController.cs using Guid(f8c1f5b52e608604e99a51b88c3fb697) Importer(815301076,1909f56bfc062723c751e8b465ee728b) [PhysX] Initialized MultithreadedTaskDispatcher with 4 workers.
 -> (artifact id: '00000000000000000000000000000000') in 0.001527 seconds
Import Error Code:(4)
Message: Build asset version error: assets/scripts/scenemanagercontroller.cs in SourceAssetDB has modification time of '2024-12-05T16:46:12.6373848Z' while content on disk has modification time of '2024-12-05T16:46:47.2999686Z'
  ERROR: Build asset version error: assets/scripts/scenemanagercontroller.cs in SourceAssetDB has modification time of '2024-12-05T16:46:12.6373848Z' while content on disk has modification time of '2024-12-05T16:46:47.2999686Z'
Number of updated asset objects reloaded before import = 0
Number of asset objects unloaded after import = 0
========================================================================
Received Import Request.
  Time since last request: 0.021856 seconds.
  path: Assets/Scripts/SceneManagerController.cs
  artifactKey: Guid(f8c1f5b52e608604e99a51b88c3fb697) Importer(815301076,1909f56bfc062723c751e8b465ee728b)
Start importing Assets/Scripts/SceneManagerController.cs using Guid(f8c1f5b52e608604e99a51b88c3fb697) Importer(815301076,1909f56bfc062723c751e8b465ee728b) [PhysX] Initialized MultithreadedTaskDispatcher with 4 workers.
 -> (artifact id: '00000000000000000000000000000000') in 0.002131 seconds
Import Error Code:(4)
Message: Build asset version error: assets/scripts/scenemanagercontroller.cs in SourceAssetDB has modification time of '2024-12-05T16:46:12.6373848Z' while content on disk has modification time of '2024-12-05T16:46:47.2999686Z'
  ERROR: Build asset version error: assets/scripts/scenemanagercontroller.cs in SourceAssetDB has modification time of '2024-12-05T16:46:12.6373848Z' while content on disk has modification time of '2024-12-05T16:46:47.2999686Z'
Number of updated asset objects reloaded before import = 0
Number of asset objects unloaded after import = 0
========================================================================
Received Import Request.
  Time since last request: 0.021940 seconds.
  path: Assets/Scripts/SceneManagerController.cs
  artifactKey: Guid(f8c1f5b52e608604e99a51b88c3fb697) Importer(815301076,1909f56bfc062723c751e8b465ee728b)
Start importing Assets/Scripts/SceneManagerController.cs using Guid(f8c1f5b52e608604e99a51b88c3fb697) Importer(815301076,1909f56bfc062723c751e8b465ee728b) [PhysX] Initialized MultithreadedTaskDispatcher with 4 workers.
 -> (artifact id: '00000000000000000000000000000000') in 0.002328 seconds
Import Error Code:(4)
Message: Build asset version error: assets/scripts/scenemanagercontroller.cs in SourceAssetDB has modification time of '2024-12-05T16:46:12.6373848Z' while content on disk has modification time of '2024-12-05T16:46:47.2999686Z'
  ERROR: Build asset version error: assets/scripts/scenemanagercontroller.cs in SourceAssetDB has modification time of '2024-12-05T16:46:12.6373848Z' while content on disk has modification time of '2024-12-05T16:46:47.2999686Z'
Number of updated asset objects reloaded before import = 0
Number of asset objects unloaded after import = 0
========================================================================
Received Import Request.
  Time since last request: 0.018931 seconds.
  path: Assets/Scripts/SceneManagerController.cs
  artifactKey: Guid(f8c1f5b52e608604e99a51b88c3fb697) Importer(815301076,1909f56bfc062723c751e8b465ee728b)
Start importing Assets/Scripts/SceneManagerController.cs using Guid(f8c1f5b52e608604e99a51b88c3fb697) Importer(815301076,1909f56bfc062723c751e8b465ee728b) [PhysX] Initialized MultithreadedTaskDispatcher with 4 workers.
 -> (artifact id: '00000000000000000000000000000000') in 0.001117 seconds
Import Error Code:(4)
Message: Build asset version error: assets/scripts/scenemanagercontroller.cs in SourceAssetDB has modification time of '2024-12-05T16:46:12.6373848Z' while content on disk has modification time of '2024-12-05T16:46:47.2999686Z'
  ERROR: Build asset version error: assets/scripts/scenemanagercontroller.cs in SourceAssetDB has modification time of '2024-12-05T16:46:12.6373848Z' while content on disk has modification time of '2024-12-05T16:46:47.2999686Z'
Number of updated asset objects reloaded before import = 0
Number of asset objects unloaded after import = 0
========================================================================
Received Import Request.
  Time since last request: 0.016594 seconds.
  path: Assets/Scripts/SceneManagerController.cs
  artifactKey: Guid(f8c1f5b52e608604e99a51b88c3fb697) Importer(815301076,1909f56bfc062723c751e8b465ee728b)
Start importing Assets/Scripts/SceneManagerController.cs using Guid(f8c1f5b52e608604e99a51b88c3fb697) Importer(815301076,1909f56bfc062723c751e8b465ee728b) [PhysX] Initialized MultithreadedTaskDispatcher with 4 workers.
 -> (artifact id: '00000000000000000000000000000000') in 0.001260 seconds
Import Error Code:(4)
Message: Build asset version error: assets/scripts/scenemanagercontroller.cs in SourceAssetDB has modification time of '2024-12-05T16:46:12.6373848Z' while content on disk has modification time of '2024-12-05T16:46:47.2999686Z'
  ERROR: Build asset version error: assets/scripts/scenemanagercontroller.cs in SourceAssetDB has modification time of '2024-12-05T16:46:12.6373848Z' while content on disk has modification time of '2024-12-05T16:46:47.2999686Z'
Number of updated asset objects reloaded before import = 0
Number of asset objects unloaded after import = 0
========================================================================
Received Import Request.
  Time since last request: 0.015451 seconds.
  path: Assets/Scripts/SceneManagerController.cs
  artifactKey: Guid(f8c1f5b52e608604e99a51b88c3fb697) Importer(815301076,1909f56bfc062723c751e8b465ee728b)
Start importing Assets/Scripts/SceneManagerController.cs using Guid(f8c1f5b52e608604e99a51b88c3fb697) Importer(815301076,1909f56bfc062723c751e8b465ee728b) [PhysX] Initialized MultithreadedTaskDispatcher with 4 workers.
 -> (artifact id: '00000000000000000000000000000000') in 0.001085 seconds
Import Error Code:(4)
Message: Build asset version error: assets/scripts/scenemanagercontroller.cs in SourceAssetDB has modification time of '2024-12-05T16:46:12.6373848Z' while content on disk has modification time of '2024-12-05T16:46:47.2999686Z'
  ERROR: Build asset version error: assets/scripts/scenemanagercontroller.cs in SourceAssetDB has modification time of '2024-12-05T16:46:12.6373848Z' while content on disk has modification time of '2024-12-05T16:46:47.2999686Z'
Number of updated asset objects reloaded before import = 0
Number of asset objects unloaded after import = 0
========================================================================
Received Import Request.
  Time since last request: 0.015874 seconds.
  path: Assets/Scripts/SceneManagerController.cs
  artifactKey: Guid(f8c1f5b52e608604e99a51b88c3fb697) Importer(815301076,1909f56bfc062723c751e8b465ee728b)
Start importing Assets/Scripts/SceneManagerController.cs using Guid(f8c1f5b52e608604e99a51b88c3fb697) Importer(815301076,1909f56bfc062723c751e8b465ee728b) [PhysX] Initialized MultithreadedTaskDispatcher with 4 workers.
 -> (artifact id: '00000000000000000000000000000000') in 0.001296 seconds
Import Error Code:(4)
Message: Build asset version error: assets/scripts/scenemanagercontroller.cs in SourceAssetDB has modification time of '2024-12-05T16:46:12.6373848Z' while content on disk has modification time of '2024-12-05T16:46:47.2999686Z'
  ERROR: Build asset version error: assets/scripts/scenemanagercontroller.cs in SourceAssetDB has modification time of '2024-12-05T16:46:12.6373848Z' while content on disk has modification time of '2024-12-05T16:46:47.2999686Z'
Number of updated asset objects reloaded before import = 0
Number of asset objects unloaded after import = 0
========================================================================
Received Import Request.
  Time since last request: 0.016933 seconds.
  path: Assets/Scripts/SceneManagerController.cs
  artifactKey: Guid(f8c1f5b52e608604e99a51b88c3fb697) Importer(815301076,1909f56bfc062723c751e8b465ee728b)
Start importing Assets/Scripts/SceneManagerController.cs using Guid(f8c1f5b52e608604e99a51b88c3fb697) Importer(815301076,1909f56bfc062723c751e8b465ee728b) [PhysX] Initialized MultithreadedTaskDispatcher with 4 workers.
 -> (artifact id: '00000000000000000000000000000000') in 0.001396 seconds
Import Error Code:(4)
Message: Build asset version error: assets/scripts/scenemanagercontroller.cs in SourceAssetDB has modification time of '2024-12-05T16:46:12.6373848Z' while content on disk has modification time of '2024-12-05T16:46:47.2999686Z'
  ERROR: Build asset version error: assets/scripts/scenemanagercontroller.cs in SourceAssetDB has modification time of '2024-12-05T16:46:12.6373848Z' while content on disk has modification time of '2024-12-05T16:46:47.2999686Z'
Number of updated asset objects reloaded before import = 0
Number of asset objects unloaded after import = 0
========================================================================
Received Import Request.
  Time since last request: 0.017718 seconds.
  path: Assets/Scripts/SceneManagerController.cs
  artifactKey: Guid(f8c1f5b52e608604e99a51b88c3fb697) Importer(815301076,1909f56bfc062723c751e8b465ee728b)
Start importing Assets/Scripts/SceneManagerController.cs using Guid(f8c1f5b52e608604e99a51b88c3fb697) Importer(815301076,1909f56bfc062723c751e8b465ee728b) [PhysX] Initialized MultithreadedTaskDispatcher with 4 workers.
 -> (artifact id: '00000000000000000000000000000000') in 0.001359 seconds
Import Error Code:(4)
Message: Build asset version error: assets/scripts/scenemanagercontroller.cs in SourceAssetDB has modification time of '2024-12-05T16:46:12.6373848Z' while content on disk has modification time of '2024-12-05T16:46:47.2999686Z'
  ERROR: Build asset version error: assets/scripts/scenemanagercontroller.cs in SourceAssetDB has modification time of '2024-12-05T16:46:12.6373848Z' while content on disk has modification time of '2024-12-05T16:46:47.2999686Z'
Number of updated asset objects reloaded before import = 0
Number of asset objects unloaded after import = 0
========================================================================
Received Import Request.
  Time since last request: 0.018412 seconds.
  path: Assets/Scripts/SceneManagerController.cs
  artifactKey: Guid(f8c1f5b52e608604e99a51b88c3fb697) Importer(815301076,1909f56bfc062723c751e8b465ee728b)
Start importing Assets/Scripts/SceneManagerController.cs using Guid(f8c1f5b52e608604e99a51b88c3fb697) Importer(815301076,1909f56bfc062723c751e8b465ee728b) [PhysX] Initialized MultithreadedTaskDispatcher with 4 workers.
 -> (artifact id: '00000000000000000000000000000000') in 0.001071 seconds
Import Error Code:(4)
Message: Build asset version error: assets/scripts/scenemanagercontroller.cs in SourceAssetDB has modification time of '2024-12-05T16:46:12.6373848Z' while content on disk has modification time of '2024-12-05T16:46:47.2999686Z'
  ERROR: Build asset version error: assets/scripts/scenemanagercontroller.cs in SourceAssetDB has modification time of '2024-12-05T16:46:12.6373848Z' while content on disk has modification time of '2024-12-05T16:46:47.2999686Z'
Number of updated asset objects reloaded before import = 0
Number of asset objects unloaded after import = 0
========================================================================
Received Import Request.
  Time since last request: 0.016452 seconds.
  path: Assets/Scripts/SceneManagerController.cs
  artifactKey: Guid(f8c1f5b52e608604e99a51b88c3fb697) Importer(815301076,1909f56bfc062723c751e8b465ee728b)
Start importing Assets/Scripts/SceneManagerController.cs using Guid(f8c1f5b52e608604e99a51b88c3fb697) Importer(815301076,1909f56bfc062723c751e8b465ee728b) [PhysX] Initialized MultithreadedTaskDispatcher with 4 workers.
 -> (artifact id: '00000000000000000000000000000000') in 0.001014 seconds
Import Error Code:(4)
Message: Build asset version error: assets/scripts/scenemanagercontroller.cs in SourceAssetDB has modification time of '2024-12-05T16:46:12.6373848Z' while content on disk has modification time of '2024-12-05T16:46:47.2999686Z'
  ERROR: Build asset version error: assets/scripts/scenemanagercontroller.cs in SourceAssetDB has modification time of '2024-12-05T16:46:12.6373848Z' while content on disk has modification time of '2024-12-05T16:46:47.2999686Z'
Number of updated asset objects reloaded before import = 0
Number of asset objects unloaded after import = 0
========================================================================
Received Import Request.
  Time since last request: 0.016970 seconds.
  path: Assets/Scripts/SceneManagerController.cs
  artifactKey: Guid(f8c1f5b52e608604e99a51b88c3fb697) Importer(815301076,1909f56bfc062723c751e8b465ee728b)
Start importing Assets/Scripts/SceneManagerController.cs using Guid(f8c1f5b52e608604e99a51b88c3fb697) Importer(815301076,1909f56bfc062723c751e8b465ee728b) [PhysX] Initialized MultithreadedTaskDispatcher with 4 workers.
 -> (artifact id: '00000000000000000000000000000000') in 0.001287 seconds
Import Error Code:(4)
Message: Build asset version error: assets/scripts/scenemanagercontroller.cs in SourceAssetDB has modification time of '2024-12-05T16:46:12.6373848Z' while content on disk has modification time of '2024-12-05T16:46:47.2999686Z'
  ERROR: Build asset version error: assets/scripts/scenemanagercontroller.cs in SourceAssetDB has modification time of '2024-12-05T16:46:12.6373848Z' while content on disk has modification time of '2024-12-05T16:46:47.2999686Z'
Number of updated asset objects reloaded before import = 0
Number of asset objects unloaded after import = 0
========================================================================
Received Import Request.
  Time since last request: 0.017329 seconds.
  path: Assets/Scripts/SceneManagerController.cs
  artifactKey: Guid(f8c1f5b52e608604e99a51b88c3fb697) Importer(815301076,1909f56bfc062723c751e8b465ee728b)
Start importing Assets/Scripts/SceneManagerController.cs using Guid(f8c1f5b52e608604e99a51b88c3fb697) Importer(815301076,1909f56bfc062723c751e8b465ee728b) [PhysX] Initialized MultithreadedTaskDispatcher with 4 workers.
 -> (artifact id: '00000000000000000000000000000000') in 0.001002 seconds
Import Error Code:(4)
Message: Build asset version error: assets/scripts/scenemanagercontroller.cs in SourceAssetDB has modification time of '2024-12-05T16:46:12.6373848Z' while content on disk has modification time of '2024-12-05T16:46:47.2999686Z'
  ERROR: Build asset version error: assets/scripts/scenemanagercontroller.cs in SourceAssetDB has modification time of '2024-12-05T16:46:12.6373848Z' while content on disk has modification time of '2024-12-05T16:46:47.2999686Z'
Number of updated asset objects reloaded before import = 0
Number of asset objects unloaded after import = 0
========================================================================
Received Import Request.
  Time since last request: 0.019374 seconds.
  path: Assets/Scripts/SceneManagerController.cs
  artifactKey: Guid(f8c1f5b52e608604e99a51b88c3fb697) Importer(815301076,1909f56bfc062723c751e8b465ee728b)
Start importing Assets/Scripts/SceneManagerController.cs using Guid(f8c1f5b52e608604e99a51b88c3fb697) Importer(815301076,1909f56bfc062723c751e8b465ee728b) [PhysX] Initialized MultithreadedTaskDispatcher with 4 workers.
 -> (artifact id: '00000000000000000000000000000000') in 0.002143 seconds
Import Error Code:(4)
Message: Build asset version error: assets/scripts/scenemanagercontroller.cs in SourceAssetDB has modification time of '2024-12-05T16:46:12.6373848Z' while content on disk has modification time of '2024-12-05T16:46:47.2999686Z'
  ERROR: Build asset version error: assets/scripts/scenemanagercontroller.cs in SourceAssetDB has modification time of '2024-12-05T16:46:12.6373848Z' while content on disk has modification time of '2024-12-05T16:46:47.2999686Z'
Number of updated asset objects reloaded before import = 0
Number of asset objects unloaded after import = 0
========================================================================
Received Import Request.
  Time since last request: 0.003996 seconds.
  path: Assets/Scripts/SceneManagerController.cs
  artifactKey: Guid(f8c1f5b52e608604e99a51b88c3fb697) Importer(815301076,1909f56bfc062723c751e8b465ee728b)
Start importing Assets/Scripts/SceneManagerController.cs using Guid(f8c1f5b52e608604e99a51b88c3fb697) Importer(815301076,1909f56bfc062723c751e8b465ee728b) [PhysX] Initialized MultithreadedTaskDispatcher with 4 workers.
 -> (artifact id: '00000000000000000000000000000000') in 0.014270 seconds
Import Error Code:(4)
Message: Build asset version error: assets/scripts/scenemanagercontroller.cs in SourceAssetDB has modification time of '2024-12-05T16:46:12.6373848Z' while content on disk has modification time of '2024-12-05T16:46:47.2999686Z'
  ERROR: Build asset version error: assets/scripts/scenemanagercontroller.cs in SourceAssetDB has modification time of '2024-12-05T16:46:12.6373848Z' while content on disk has modification time of '2024-12-05T16:46:47.2999686Z'
Number of updated asset objects reloaded before import = 0
Number of asset objects unloaded after import = 0
========================================================================
Received Import Request.
  Time since last request: 0.005981 seconds.
  path: Assets/Scripts/SceneManagerController.cs
  artifactKey: Guid(f8c1f5b52e608604e99a51b88c3fb697) Importer(815301076,1909f56bfc062723c751e8b465ee728b)
Start importing Assets/Scripts/SceneManagerController.cs using Guid(f8c1f5b52e608604e99a51b88c3fb697) Importer(815301076,1909f56bfc062723c751e8b465ee728b) [PhysX] Initialized MultithreadedTaskDispatcher with 4 workers.
 -> (artifact id: '00000000000000000000000000000000') in 0.009817 seconds
Import Error Code:(4)
Message: Build asset version error: assets/scripts/scenemanagercontroller.cs in SourceAssetDB has modification time of '2024-12-05T16:46:12.6373848Z' while content on disk has modification time of '2024-12-05T16:46:47.2999686Z'
  ERROR: Build asset version error: assets/scripts/scenemanagercontroller.cs in SourceAssetDB has modification time of '2024-12-05T16:46:12.6373848Z' while content on disk has modification time of '2024-12-05T16:46:47.2999686Z'
Number of updated asset objects reloaded before import = 0
Number of asset objects unloaded after import = 0
========================================================================
Received Import Request.
  Time since last request: 0.009839 seconds.
  path: Assets/Scripts/SceneManagerController.cs
  artifactKey: Guid(f8c1f5b52e608604e99a51b88c3fb697) Importer(815301076,1909f56bfc062723c751e8b465ee728b)
Start importing Assets/Scripts/SceneManagerController.cs using Guid(f8c1f5b52e608604e99a51b88c3fb697) Importer(815301076,1909f56bfc062723c751e8b465ee728b) [PhysX] Initialized MultithreadedTaskDispatcher with 4 workers.
 -> (artifact id: '00000000000000000000000000000000') in 0.001097 seconds
Import Error Code:(4)
Message: Build asset version error: assets/scripts/scenemanagercontroller.cs in SourceAssetDB has modification time of '2024-12-05T16:46:12.6373848Z' while content on disk has modification time of '2024-12-05T16:46:47.2999686Z'
  ERROR: Build asset version error: assets/scripts/scenemanagercontroller.cs in SourceAssetDB has modification time of '2024-12-05T16:46:12.6373848Z' while content on disk has modification time of '2024-12-05T16:46:47.2999686Z'
Number of updated asset objects reloaded before import = 0
Number of asset objects unloaded after import = 0
========================================================================
Received Import Request.
  Time since last request: 0.019833 seconds.
  path: Assets/Scripts/SceneManagerController.cs
  artifactKey: Guid(f8c1f5b52e608604e99a51b88c3fb697) Importer(815301076,1909f56bfc062723c751e8b465ee728b)
Start importing Assets/Scripts/SceneManagerController.cs using Guid(f8c1f5b52e608604e99a51b88c3fb697) Importer(815301076,1909f56bfc062723c751e8b465ee728b) [PhysX] Initialized MultithreadedTaskDispatcher with 4 workers.
 -> (artifact id: '00000000000000000000000000000000') in 0.001013 seconds
Import Error Code:(4)
Message: Build asset version error: assets/scripts/scenemanagercontroller.cs in SourceAssetDB has modification time of '2024-12-05T16:46:12.6373848Z' while content on disk has modification time of '2024-12-05T16:46:47.2999686Z'
  ERROR: Build asset version error: assets/scripts/scenemanagercontroller.cs in SourceAssetDB has modification time of '2024-12-05T16:46:12.6373848Z' while content on disk has modification time of '2024-12-05T16:46:47.2999686Z'
Number of updated asset objects reloaded before import = 0
Number of asset objects unloaded after import = 0
========================================================================
Received Import Request.
  Time since last request: 0.020208 seconds.
  path: Assets/Scripts/SceneManagerController.cs
  artifactKey: Guid(f8c1f5b52e608604e99a51b88c3fb697) Importer(815301076,1909f56bfc062723c751e8b465ee728b)
Start importing Assets/Scripts/SceneManagerController.cs using Guid(f8c1f5b52e608604e99a51b88c3fb697) Importer(815301076,1909f56bfc062723c751e8b465ee728b) [PhysX] Initialized MultithreadedTaskDispatcher with 4 workers.
 -> (artifact id: '00000000000000000000000000000000') in 0.001272 seconds
Import Error Code:(4)
Message: Build asset version error: assets/scripts/scenemanagercontroller.cs in SourceAssetDB has modification time of '2024-12-05T16:46:12.6373848Z' while content on disk has modification time of '2024-12-05T16:46:47.2999686Z'
  ERROR: Build asset version error: assets/scripts/scenemanagercontroller.cs in SourceAssetDB has modification time of '2024-12-05T16:46:12.6373848Z' while content on disk has modification time of '2024-12-05T16:46:47.2999686Z'
Number of updated asset objects reloaded before import = 0
Number of asset objects unloaded after import = 0
========================================================================
Received Import Request.
  Time since last request: 0.016506 seconds.
  path: Assets/Scripts/SceneManagerController.cs
  artifactKey: Guid(f8c1f5b52e608604e99a51b88c3fb697) Importer(815301076,1909f56bfc062723c751e8b465ee728b)
Start importing Assets/Scripts/SceneManagerController.cs using Guid(f8c1f5b52e608604e99a51b88c3fb697) Importer(815301076,1909f56bfc062723c751e8b465ee728b) [PhysX] Initialized MultithreadedTaskDispatcher with 4 workers.
 -> (artifact id: '00000000000000000000000000000000') in 0.001192 seconds
Import Error Code:(4)
Message: Build asset version error: assets/scripts/scenemanagercontroller.cs in SourceAssetDB has modification time of '2024-12-05T16:46:12.6373848Z' while content on disk has modification time of '2024-12-05T16:46:47.2999686Z'
  ERROR: Build asset version error: assets/scripts/scenemanagercontroller.cs in SourceAssetDB has modification time of '2024-12-05T16:46:12.6373848Z' while content on disk has modification time of '2024-12-05T16:46:47.2999686Z'
Number of updated asset objects reloaded before import = 0
Number of asset objects unloaded after import = 0
========================================================================
Received Import Request.
  Time since last request: 0.016364 seconds.
  path: Assets/Scripts/SceneManagerController.cs
  artifactKey: Guid(f8c1f5b52e608604e99a51b88c3fb697) Importer(815301076,1909f56bfc062723c751e8b465ee728b)
Start importing Assets/Scripts/SceneManagerController.cs using Guid(f8c1f5b52e608604e99a51b88c3fb697) Importer(815301076,1909f56bfc062723c751e8b465ee728b) [PhysX] Initialized MultithreadedTaskDispatcher with 4 workers.
 -> (artifact id: '00000000000000000000000000000000') in 0.001075 seconds
Import Error Code:(4)
Message: Build asset version error: assets/scripts/scenemanagercontroller.cs in SourceAssetDB has modification time of '2024-12-05T16:46:12.6373848Z' while content on disk has modification time of '2024-12-05T16:46:47.2999686Z'
  ERROR: Build asset version error: assets/scripts/scenemanagercontroller.cs in SourceAssetDB has modification time of '2024-12-05T16:46:12.6373848Z' while content on disk has modification time of '2024-12-05T16:46:47.2999686Z'
Number of updated asset objects reloaded before import = 0
Number of asset objects unloaded after import = 0
========================================================================
Received Import Request.
  Time since last request: 0.017713 seconds.
  path: Assets/Scripts/SceneManagerController.cs
  artifactKey: Guid(f8c1f5b52e608604e99a51b88c3fb697) Importer(815301076,1909f56bfc062723c751e8b465ee728b)
Start importing Assets/Scripts/SceneManagerController.cs using Guid(f8c1f5b52e608604e99a51b88c3fb697) Importer(815301076,1909f56bfc062723c751e8b465ee728b) [PhysX] Initialized MultithreadedTaskDispatcher with 4 workers.
 -> (artifact id: '00000000000000000000000000000000') in 0.001114 seconds
Import Error Code:(4)
Message: Build asset version error: assets/scripts/scenemanagercontroller.cs in SourceAssetDB has modification time of '2024-12-05T16:46:12.6373848Z' while content on disk has modification time of '2024-12-05T16:46:47.2999686Z'
  ERROR: Build asset version error: assets/scripts/scenemanagercontroller.cs in SourceAssetDB has modification time of '2024-12-05T16:46:12.6373848Z' while content on disk has modification time of '2024-12-05T16:46:47.2999686Z'
Number of updated asset objects reloaded before import = 0
Number of asset objects unloaded after import = 0
========================================================================
Received Import Request.
  Time since last request: 0.016161 seconds.
  path: Assets/Scripts/SceneManagerController.cs
  artifactKey: Guid(f8c1f5b52e608604e99a51b88c3fb697) Importer(815301076,1909f56bfc062723c751e8b465ee728b)
Start importing Assets/Scripts/SceneManagerController.cs using Guid(f8c1f5b52e608604e99a51b88c3fb697) Importer(815301076,1909f56bfc062723c751e8b465ee728b) [PhysX] Initialized MultithreadedTaskDispatcher with 4 workers.
 -> (artifact id: '00000000000000000000000000000000') in 0.001733 seconds
Import Error Code:(4)
Message: Build asset version error: assets/scripts/scenemanagercontroller.cs in SourceAssetDB has modification time of '2024-12-05T16:46:12.6373848Z' while content on disk has modification time of '2024-12-05T16:46:47.2999686Z'
  ERROR: Build asset version error: assets/scripts/scenemanagercontroller.cs in SourceAssetDB has modification time of '2024-12-05T16:46:12.6373848Z' while content on disk has modification time of '2024-12-05T16:46:47.2999686Z'
Number of updated asset objects reloaded before import = 0
Number of asset objects unloaded after import = 0
========================================================================
Received Import Request.
  Time since last request: 0.016262 seconds.
  path: Assets/Scripts/SceneManagerController.cs
  artifactKey: Guid(f8c1f5b52e608604e99a51b88c3fb697) Importer(815301076,1909f56bfc062723c751e8b465ee728b)
Start importing Assets/Scripts/SceneManagerController.cs using Guid(f8c1f5b52e608604e99a51b88c3fb697) Importer(815301076,1909f56bfc062723c751e8b465ee728b) [PhysX] Initialized MultithreadedTaskDispatcher with 4 workers.
 -> (artifact id: '00000000000000000000000000000000') in 0.001322 seconds
Import Error Code:(4)
Message: Build asset version error: assets/scripts/scenemanagercontroller.cs in SourceAssetDB has modification time of '2024-12-05T16:46:12.6373848Z' while content on disk has modification time of '2024-12-05T16:46:47.2999686Z'
  ERROR: Build asset version error: assets/scripts/scenemanagercontroller.cs in SourceAssetDB has modification time of '2024-12-05T16:46:12.6373848Z' while content on disk has modification time of '2024-12-05T16:46:47.2999686Z'
Number of updated asset objects reloaded before import = 0
Number of asset objects unloaded after import = 0
========================================================================
Received Import Request.
  Time since last request: 0.017162 seconds.
  path: Assets/Scripts/SceneManagerController.cs
  artifactKey: Guid(f8c1f5b52e608604e99a51b88c3fb697) Importer(815301076,1909f56bfc062723c751e8b465ee728b)
Start importing Assets/Scripts/SceneManagerController.cs using Guid(f8c1f5b52e608604e99a51b88c3fb697) Importer(815301076,1909f56bfc062723c751e8b465ee728b) [PhysX] Initialized MultithreadedTaskDispatcher with 4 workers.
 -> (artifact id: '00000000000000000000000000000000') in 0.002574 seconds
Import Error Code:(4)
Message: Build asset version error: assets/scripts/scenemanagercontroller.cs in SourceAssetDB has modification time of '2024-12-05T16:46:12.6373848Z' while content on disk has modification time of '2024-12-05T16:46:47.2999686Z'
  ERROR: Build asset version error: assets/scripts/scenemanagercontroller.cs in SourceAssetDB has modification time of '2024-12-05T16:46:12.6373848Z' while content on disk has modification time of '2024-12-05T16:46:47.2999686Z'
Number of updated asset objects reloaded before import = 0
Number of asset objects unloaded after import = 0
========================================================================
Received Import Request.
  Time since last request: 0.017754 seconds.
  path: Assets/Scripts/SceneManagerController.cs
  artifactKey: Guid(f8c1f5b52e608604e99a51b88c3fb697) Importer(815301076,1909f56bfc062723c751e8b465ee728b)
Start importing Assets/Scripts/SceneManagerController.cs using Guid(f8c1f5b52e608604e99a51b88c3fb697) Importer(815301076,1909f56bfc062723c751e8b465ee728b) [PhysX] Initialized MultithreadedTaskDispatcher with 4 workers.
 -> (artifact id: '00000000000000000000000000000000') in 0.002109 seconds
Import Error Code:(4)
Message: Build asset version error: assets/scripts/scenemanagercontroller.cs in SourceAssetDB has modification time of '2024-12-05T16:46:12.6373848Z' while content on disk has modification time of '2024-12-05T16:46:47.2999686Z'
  ERROR: Build asset version error: assets/scripts/scenemanagercontroller.cs in SourceAssetDB has modification time of '2024-12-05T16:46:12.6373848Z' while content on disk has modification time of '2024-12-05T16:46:47.2999686Z'
Number of updated asset objects reloaded before import = 0
Number of asset objects unloaded after import = 0
========================================================================
Received Import Request.
  Time since last request: 0.018013 seconds.
  path: Assets/Scripts/SceneManagerController.cs
  artifactKey: Guid(f8c1f5b52e608604e99a51b88c3fb697) Importer(815301076,1909f56bfc062723c751e8b465ee728b)
Start importing Assets/Scripts/SceneManagerController.cs using Guid(f8c1f5b52e608604e99a51b88c3fb697) Importer(815301076,1909f56bfc062723c751e8b465ee728b) [PhysX] Initialized MultithreadedTaskDispatcher with 4 workers.
 -> (artifact id: '00000000000000000000000000000000') in 0.001561 seconds
Import Error Code:(4)
Message: Build asset version error: assets/scripts/scenemanagercontroller.cs in SourceAssetDB has modification time of '2024-12-05T16:46:12.6373848Z' while content on disk has modification time of '2024-12-05T16:46:47.2999686Z'
  ERROR: Build asset version error: assets/scripts/scenemanagercontroller.cs in SourceAssetDB has modification time of '2024-12-05T16:46:12.6373848Z' while content on disk has modification time of '2024-12-05T16:46:47.2999686Z'
Number of updated asset objects reloaded before import = 0
Number of asset objects unloaded after import = 0
========================================================================
Received Import Request.
  Time since last request: 0.238952 seconds.
  path: Assets/Scripts/SceneManagerController.cs
  artifactKey: Guid(f8c1f5b52e608604e99a51b88c3fb697) Importer(815301076,1909f56bfc062723c751e8b465ee728b)
Start importing Assets/Scripts/SceneManagerController.cs using Guid(f8c1f5b52e608604e99a51b88c3fb697) Importer(815301076,1909f56bfc062723c751e8b465ee728b) [PhysX] Initialized MultithreadedTaskDispatcher with 4 workers.
 -> (artifact id: '00000000000000000000000000000000') in 0.002029 seconds
Import Error Code:(4)
Message: Build asset version error: assets/scripts/scenemanagercontroller.cs in SourceAssetDB has modification time of '2024-12-05T16:46:12.6373848Z' while content on disk has modification time of '2024-12-05T16:46:47.2999686Z'
  ERROR: Build asset version error: assets/scripts/scenemanagercontroller.cs in SourceAssetDB has modification time of '2024-12-05T16:46:12.6373848Z' while content on disk has modification time of '2024-12-05T16:46:47.2999686Z'
Number of updated asset objects reloaded before import = 0
Number of asset objects unloaded after import = 0
========================================================================
Received Import Request.
  Time since last request: 0.003367 seconds.
  path: Assets/Scripts/SceneManagerController.cs
  artifactKey: Guid(f8c1f5b52e608604e99a51b88c3fb697) Importer(815301076,1909f56bfc062723c751e8b465ee728b)
Start importing Assets/Scripts/SceneManagerController.cs using Guid(f8c1f5b52e608604e99a51b88c3fb697) Importer(815301076,1909f56bfc062723c751e8b465ee728b) [PhysX] Initialized MultithreadedTaskDispatcher with 4 workers.
 -> (artifact id: '00000000000000000000000000000000') in 0.002980 seconds
Import Error Code:(4)
Message: Build asset version error: assets/scripts/scenemanagercontroller.cs in SourceAssetDB has modification time of '2024-12-05T16:46:12.6373848Z' while content on disk has modification time of '2024-12-05T16:46:47.2999686Z'
  ERROR: Build asset version error: assets/scripts/scenemanagercontroller.cs in SourceAssetDB has modification time of '2024-12-05T16:46:12.6373848Z' while content on disk has modification time of '2024-12-05T16:46:47.2999686Z'
Number of updated asset objects reloaded before import = 0
Number of asset objects unloaded after import = 0
========================================================================
Received Import Request.
  Time since last request: 0.000502 seconds.
  path: Assets/Scripts/SceneManagerController.cs
  artifactKey: Guid(f8c1f5b52e608604e99a51b88c3fb697) Importer(815301076,1909f56bfc062723c751e8b465ee728b)
Start importing Assets/Scripts/SceneManagerController.cs using Guid(f8c1f5b52e608604e99a51b88c3fb697) Importer(815301076,1909f56bfc062723c751e8b465ee728b) [PhysX] Initialized MultithreadedTaskDispatcher with 4 workers.
 -> (artifact id: '00000000000000000000000000000000') in 0.006650 seconds
Import Error Code:(4)
Message: Build asset version error: assets/scripts/scenemanagercontroller.cs in SourceAssetDB has modification time of '2024-12-05T16:46:12.6373848Z' while content on disk has modification time of '2024-12-05T16:46:47.2999686Z'
  ERROR: Build asset version error: assets/scripts/scenemanagercontroller.cs in SourceAssetDB has modification time of '2024-12-05T16:46:12.6373848Z' while content on disk has modification time of '2024-12-05T16:46:47.2999686Z'
Number of updated asset objects reloaded before import = 0
Number of asset objects unloaded after import = 0
========================================================================
Received Import Request.
  Time since last request: 0.011763 seconds.
  path: Assets/Scripts/SceneManagerController.cs
  artifactKey: Guid(f8c1f5b52e608604e99a51b88c3fb697) Importer(815301076,1909f56bfc062723c751e8b465ee728b)
Start importing Assets/Scripts/SceneManagerController.cs using Guid(f8c1f5b52e608604e99a51b88c3fb697) Importer(815301076,1909f56bfc062723c751e8b465ee728b) [PhysX] Initialized MultithreadedTaskDispatcher with 4 workers.
 -> (artifact id: '00000000000000000000000000000000') in 0.003243 seconds
Import Error Code:(4)
Message: Build asset version error: assets/scripts/scenemanagercontroller.cs in SourceAssetDB has modification time of '2024-12-05T16:46:12.6373848Z' while content on disk has modification time of '2024-12-05T16:46:47.2999686Z'
  ERROR: Build asset version error: assets/scripts/scenemanagercontroller.cs in SourceAssetDB has modification time of '2024-12-05T16:46:12.6373848Z' while content on disk has modification time of '2024-12-05T16:46:47.2999686Z'
Number of updated asset objects reloaded before import = 0
Number of asset objects unloaded after import = 0
========================================================================
Received Import Request.
  Time since last request: 0.025328 seconds.
  path: Assets/Scripts/SceneManagerController.cs
  artifactKey: Guid(f8c1f5b52e608604e99a51b88c3fb697) Importer(815301076,1909f56bfc062723c751e8b465ee728b)
Start importing Assets/Scripts/SceneManagerController.cs using Guid(f8c1f5b52e608604e99a51b88c3fb697) Importer(815301076,1909f56bfc062723c751e8b465ee728b) [PhysX] Initialized MultithreadedTaskDispatcher with 4 workers.
 -> (artifact id: '00000000000000000000000000000000') in 0.001426 seconds
Import Error Code:(4)
Message: Build asset version error: assets/scripts/scenemanagercontroller.cs in SourceAssetDB has modification time of '2024-12-05T16:46:12.6373848Z' while content on disk has modification time of '2024-12-05T16:46:47.2999686Z'
  ERROR: Build asset version error: assets/scripts/scenemanagercontroller.cs in SourceAssetDB has modification time of '2024-12-05T16:46:12.6373848Z' while content on disk has modification time of '2024-12-05T16:46:47.2999686Z'
Number of updated asset objects reloaded before import = 0
Number of asset objects unloaded after import = 0
========================================================================
Received Import Request.
  Time since last request: 0.025841 seconds.
  path: Assets/Scripts/SceneManagerController.cs
  artifactKey: Guid(f8c1f5b52e608604e99a51b88c3fb697) Importer(815301076,1909f56bfc062723c751e8b465ee728b)
Start importing Assets/Scripts/SceneManagerController.cs using Guid(f8c1f5b52e608604e99a51b88c3fb697) Importer(815301076,1909f56bfc062723c751e8b465ee728b) [PhysX] Initialized MultithreadedTaskDispatcher with 4 workers.
 -> (artifact id: '00000000000000000000000000000000') in 0.003371 seconds
Import Error Code:(4)
Message: Build asset version error: assets/scripts/scenemanagercontroller.cs in SourceAssetDB has modification time of '2024-12-05T16:46:12.6373848Z' while content on disk has modification time of '2024-12-05T16:46:47.2999686Z'
  ERROR: Build asset version error: assets/scripts/scenemanagercontroller.cs in SourceAssetDB has modification time of '2024-12-05T16:46:12.6373848Z' while content on disk has modification time of '2024-12-05T16:46:47.2999686Z'
Number of updated asset objects reloaded before import = 0
Number of asset objects unloaded after import = 0
========================================================================
Received Import Request.
  Time since last request: 0.002757 seconds.
  path: Assets/Scripts/SceneManagerController.cs
  artifactKey: Guid(f8c1f5b52e608604e99a51b88c3fb697) Importer(815301076,1909f56bfc062723c751e8b465ee728b)
Start importing Assets/Scripts/SceneManagerController.cs using Guid(f8c1f5b52e608604e99a51b88c3fb697) Importer(815301076,1909f56bfc062723c751e8b465ee728b) [PhysX] Initialized MultithreadedTaskDispatcher with 4 workers.
 -> (artifact id: '00000000000000000000000000000000') in 0.002557 seconds
Import Error Code:(4)
Message: Build asset version error: assets/scripts/scenemanagercontroller.cs in SourceAssetDB has modification time of '2024-12-05T16:46:12.6373848Z' while content on disk has modification time of '2024-12-05T16:46:47.2999686Z'
  ERROR: Build asset version error: assets/scripts/scenemanagercontroller.cs in SourceAssetDB has modification time of '2024-12-05T16:46:12.6373848Z' while content on disk has modification time of '2024-12-05T16:46:47.2999686Z'
Number of updated asset objects reloaded before import = 0
Number of asset objects unloaded after import = 0
========================================================================
Received Import Request.
  Time since last request: 0.018280 seconds.
  path: Assets/Scripts/SceneManagerController.cs
  artifactKey: Guid(f8c1f5b52e608604e99a51b88c3fb697) Importer(815301076,1909f56bfc062723c751e8b465ee728b)
Start importing Assets/Scripts/SceneManagerController.cs using Guid(f8c1f5b52e608604e99a51b88c3fb697) Importer(815301076,1909f56bfc062723c751e8b465ee728b) [PhysX] Initialized MultithreadedTaskDispatcher with 4 workers.
 -> (artifact id: '00000000000000000000000000000000') in 0.002371 seconds
Import Error Code:(4)
Message: Build asset version error: assets/scripts/scenemanagercontroller.cs in SourceAssetDB has modification time of '2024-12-05T16:46:12.6373848Z' while content on disk has modification time of '2024-12-05T16:46:47.2999686Z'
  ERROR: Build asset version error: assets/scripts/scenemanagercontroller.cs in SourceAssetDB has modification time of '2024-12-05T16:46:12.6373848Z' while content on disk has modification time of '2024-12-05T16:46:47.2999686Z'
Number of updated asset objects reloaded before import = 0
Number of asset objects unloaded after import = 0
========================================================================
Received Import Request.
  Time since last request: 0.082240 seconds.
  path: Assets/Scripts/SceneManagerController.cs
  artifactKey: Guid(f8c1f5b52e608604e99a51b88c3fb697) Importer(815301076,1909f56bfc062723c751e8b465ee728b)
Start importing Assets/Scripts/SceneManagerController.cs using Guid(f8c1f5b52e608604e99a51b88c3fb697) Importer(815301076,1909f56bfc062723c751e8b465ee728b) [PhysX] Initialized MultithreadedTaskDispatcher with 4 workers.
 -> (artifact id: '00000000000000000000000000000000') in 0.007768 seconds
Import Error Code:(4)
Message: Build asset version error: assets/scripts/scenemanagercontroller.cs in SourceAssetDB has modification time of '2024-12-05T16:46:12.6373848Z' while content on disk has modification time of '2024-12-05T16:46:47.2999686Z'
  ERROR: Build asset version error: assets/scripts/scenemanagercontroller.cs in SourceAssetDB has modification time of '2024-12-05T16:46:12.6373848Z' while content on disk has modification time of '2024-12-05T16:46:47.2999686Z'
Number of updated asset objects reloaded before import = 0
Number of asset objects unloaded after import = 0
========================================================================
Received Import Request.
  Time since last request: 0.004431 seconds.
  path: Assets/Scripts/SceneManagerController.cs
  artifactKey: Guid(f8c1f5b52e608604e99a51b88c3fb697) Importer(815301076,1909f56bfc062723c751e8b465ee728b)
Start importing Assets/Scripts/SceneManagerController.cs using Guid(f8c1f5b52e608604e99a51b88c3fb697) Importer(815301076,1909f56bfc062723c751e8b465ee728b) [PhysX] Initialized MultithreadedTaskDispatcher with 4 workers.
 -> (artifact id: '00000000000000000000000000000000') in 0.011893 seconds
Import Error Code:(4)
Message: Build asset version error: assets/scripts/scenemanagercontroller.cs in SourceAssetDB has modification time of '2024-12-05T16:46:12.6373848Z' while content on disk has modification time of '2024-12-05T16:46:47.2999686Z'
  ERROR: Build asset version error: assets/scripts/scenemanagercontroller.cs in SourceAssetDB has modification time of '2024-12-05T16:46:12.6373848Z' while content on disk has modification time of '2024-12-05T16:46:47.2999686Z'
Number of updated asset objects reloaded before import = 0
Number of asset objects unloaded after import = 0
========================================================================
Received Import Request.
  Time since last request: 0.000357 seconds.
  path: Assets/Scripts/SceneManagerController.cs
  artifactKey: Guid(f8c1f5b52e608604e99a51b88c3fb697) Importer(815301076,1909f56bfc062723c751e8b465ee728b)
Start importing Assets/Scripts/SceneManagerController.cs using Guid(f8c1f5b52e608604e99a51b88c3fb697) Importer(815301076,1909f56bfc062723c751e8b465ee728b) [PhysX] Initialized MultithreadedTaskDispatcher with 4 workers.
 -> (artifact id: '00000000000000000000000000000000') in 0.019751 seconds
Import Error Code:(4)
Message: Build asset version error: assets/scripts/scenemanagercontroller.cs in SourceAssetDB has modification time of '2024-12-05T16:46:12.6373848Z' while content on disk has modification time of '2024-12-05T16:46:47.2999686Z'
  ERROR: Build asset version error: assets/scripts/scenemanagercontroller.cs in SourceAssetDB has modification time of '2024-12-05T16:46:12.6373848Z' while content on disk has modification time of '2024-12-05T16:46:47.2999686Z'
Number of updated asset objects reloaded before import = 0
Number of asset objects unloaded after import = 0
========================================================================
Received Import Request.
  Time since last request: 0.010584 seconds.
  path: Assets/Scripts/SceneManagerController.cs
  artifactKey: Guid(f8c1f5b52e608604e99a51b88c3fb697) Importer(815301076,1909f56bfc062723c751e8b465ee728b)
Start importing Assets/Scripts/SceneManagerController.cs using Guid(f8c1f5b52e608604e99a51b88c3fb697) Importer(815301076,1909f56bfc062723c751e8b465ee728b) [PhysX] Initialized MultithreadedTaskDispatcher with 4 workers.
 -> (artifact id: '00000000000000000000000000000000') in 0.002624 seconds
Import Error Code:(4)
Message: Build asset version error: assets/scripts/scenemanagercontroller.cs in SourceAssetDB has modification time of '2024-12-05T16:46:12.6373848Z' while content on disk has modification time of '2024-12-05T16:46:47.2999686Z'
  ERROR: Build asset version error: assets/scripts/scenemanagercontroller.cs in SourceAssetDB has modification time of '2024-12-05T16:46:12.6373848Z' while content on disk has modification time of '2024-12-05T16:46:47.2999686Z'
Number of updated asset objects reloaded before import = 0
Number of asset objects unloaded after import = 0
========================================================================
Received Import Request.
  Time since last request: 0.018525 seconds.
  path: Assets/Scripts/SceneManagerController.cs
  artifactKey: Guid(f8c1f5b52e608604e99a51b88c3fb697) Importer(815301076,1909f56bfc062723c751e8b465ee728b)
Start importing Assets/Scripts/SceneManagerController.cs using Guid(f8c1f5b52e608604e99a51b88c3fb697) Importer(815301076,1909f56bfc062723c751e8b465ee728b) [PhysX] Initialized MultithreadedTaskDispatcher with 4 workers.
 -> (artifact id: '00000000000000000000000000000000') in 0.004674 seconds
Import Error Code:(4)
Message: Build asset version error: assets/scripts/scenemanagercontroller.cs in SourceAssetDB has modification time of '2024-12-05T16:46:12.6373848Z' while content on disk has modification time of '2024-12-05T16:46:47.2999686Z'
  ERROR: Build asset version error: assets/scripts/scenemanagercontroller.cs in SourceAssetDB has modification time of '2024-12-05T16:46:12.6373848Z' while content on disk has modification time of '2024-12-05T16:46:47.2999686Z'
Number of updated asset objects reloaded before import = 0
Number of asset objects unloaded after import = 0
========================================================================
Received Import Request.
  Time since last request: 0.002722 seconds.
  path: Assets/Scripts/SceneManagerController.cs
  artifactKey: Guid(f8c1f5b52e608604e99a51b88c3fb697) Importer(815301076,1909f56bfc062723c751e8b465ee728b)
Start importing Assets/Scripts/SceneManagerController.cs using Guid(f8c1f5b52e608604e99a51b88c3fb697) Importer(815301076,1909f56bfc062723c751e8b465ee728b) [PhysX] Initialized MultithreadedTaskDispatcher with 4 workers.
 -> (artifact id: '00000000000000000000000000000000') in 0.001347 seconds
Import Error Code:(4)
Message: Build asset version error: assets/scripts/scenemanagercontroller.cs in SourceAssetDB has modification time of '2024-12-05T16:46:12.6373848Z' while content on disk has modification time of '2024-12-05T16:46:47.2999686Z'
  ERROR: Build asset version error: assets/scripts/scenemanagercontroller.cs in SourceAssetDB has modification time of '2024-12-05T16:46:12.6373848Z' while content on disk has modification time of '2024-12-05T16:46:47.2999686Z'
Number of updated asset objects reloaded before import = 0
Number of asset objects unloaded after import = 0
========================================================================
Received Import Request.
  Time since last request: 0.017729 seconds.
  path: Assets/Scripts/SceneManagerController.cs
  artifactKey: Guid(f8c1f5b52e608604e99a51b88c3fb697) Importer(815301076,1909f56bfc062723c751e8b465ee728b)
Start importing Assets/Scripts/SceneManagerController.cs using Guid(f8c1f5b52e608604e99a51b88c3fb697) Importer(815301076,1909f56bfc062723c751e8b465ee728b) [PhysX] Initialized MultithreadedTaskDispatcher with 4 workers.
 -> (artifact id: '00000000000000000000000000000000') in 0.001224 seconds
Import Error Code:(4)
Message: Build asset version error: assets/scripts/scenemanagercontroller.cs in SourceAssetDB has modification time of '2024-12-05T16:46:12.6373848Z' while content on disk has modification time of '2024-12-05T16:46:47.2999686Z'
  ERROR: Build asset version error: assets/scripts/scenemanagercontroller.cs in SourceAssetDB has modification time of '2024-12-05T16:46:12.6373848Z' while content on disk has modification time of '2024-12-05T16:46:47.2999686Z'
Number of updated asset objects reloaded before import = 0
Number of asset objects unloaded after import = 0
========================================================================
Received Import Request.
  Time since last request: 0.020445 seconds.
  path: Assets/Scripts/SceneManagerController.cs
  artifactKey: Guid(f8c1f5b52e608604e99a51b88c3fb697) Importer(815301076,1909f56bfc062723c751e8b465ee728b)
Start importing Assets/Scripts/SceneManagerController.cs using Guid(f8c1f5b52e608604e99a51b88c3fb697) Importer(815301076,1909f56bfc062723c751e8b465ee728b) [PhysX] Initialized MultithreadedTaskDispatcher with 4 workers.
 -> (artifact id: '00000000000000000000000000000000') in 0.001393 seconds
Import Error Code:(4)
Message: Build asset version error: assets/scripts/scenemanagercontroller.cs in SourceAssetDB has modification time of '2024-12-05T16:46:12.6373848Z' while content on disk has modification time of '2024-12-05T16:46:47.2999686Z'
  ERROR: Build asset version error: assets/scripts/scenemanagercontroller.cs in SourceAssetDB has modification time of '2024-12-05T16:46:12.6373848Z' while content on disk has modification time of '2024-12-05T16:46:47.2999686Z'
Number of updated asset objects reloaded before import = 0
Number of asset objects unloaded after import = 0
========================================================================
Received Import Request.
  Time since last request: 0.017568 seconds.
  path: Assets/Scripts/SceneManagerController.cs
  artifactKey: Guid(f8c1f5b52e608604e99a51b88c3fb697) Importer(815301076,1909f56bfc062723c751e8b465ee728b)
Start importing Assets/Scripts/SceneManagerController.cs using Guid(f8c1f5b52e608604e99a51b88c3fb697) Importer(815301076,1909f56bfc062723c751e8b465ee728b) [PhysX] Initialized MultithreadedTaskDispatcher with 4 workers.
 -> (artifact id: '00000000000000000000000000000000') in 0.001367 seconds
Import Error Code:(4)
Message: Build asset version error: assets/scripts/scenemanagercontroller.cs in SourceAssetDB has modification time of '2024-12-05T16:46:12.6373848Z' while content on disk has modification time of '2024-12-05T16:46:47.2999686Z'
  ERROR: Build asset version error: assets/scripts/scenemanagercontroller.cs in SourceAssetDB has modification time of '2024-12-05T16:46:12.6373848Z' while content on disk has modification time of '2024-12-05T16:46:47.2999686Z'
Number of updated asset objects reloaded before import = 0
Number of asset objects unloaded after import = 0
========================================================================
Received Import Request.
  Time since last request: 0.019199 seconds.
  path: Assets/Scripts/SceneManagerController.cs
  artifactKey: Guid(f8c1f5b52e608604e99a51b88c3fb697) Importer(815301076,1909f56bfc062723c751e8b465ee728b)
Start importing Assets/Scripts/SceneManagerController.cs using Guid(f8c1f5b52e608604e99a51b88c3fb697) Importer(815301076,1909f56bfc062723c751e8b465ee728b) [PhysX] Initialized MultithreadedTaskDispatcher with 4 workers.
 -> (artifact id: '00000000000000000000000000000000') in 0.001257 seconds
Import Error Code:(4)
Message: Build asset version error: assets/scripts/scenemanagercontroller.cs in SourceAssetDB has modification time of '2024-12-05T16:46:12.6373848Z' while content on disk has modification time of '2024-12-05T16:46:47.2999686Z'
  ERROR: Build asset version error: assets/scripts/scenemanagercontroller.cs in SourceAssetDB has modification time of '2024-12-05T16:46:12.6373848Z' while content on disk has modification time of '2024-12-05T16:46:47.2999686Z'
Number of updated asset objects reloaded before import = 0
Number of asset objects unloaded after import = 0
========================================================================
Received Import Request.
  Time since last request: 0.018731 seconds.
  path: Assets/Scripts/SceneManagerController.cs
  artifactKey: Guid(f8c1f5b52e608604e99a51b88c3fb697) Importer(815301076,1909f56bfc062723c751e8b465ee728b)
Start importing Assets/Scripts/SceneManagerController.cs using Guid(f8c1f5b52e608604e99a51b88c3fb697) Importer(815301076,1909f56bfc062723c751e8b465ee728b) [PhysX] Initialized MultithreadedTaskDispatcher with 4 workers.
 -> (artifact id: '00000000000000000000000000000000') in 0.001603 seconds
Import Error Code:(4)
Message: Build asset version error: assets/scripts/scenemanagercontroller.cs in SourceAssetDB has modification time of '2024-12-05T16:46:12.6373848Z' while content on disk has modification time of '2024-12-05T16:46:47.2999686Z'
  ERROR: Build asset version error: assets/scripts/scenemanagercontroller.cs in SourceAssetDB has modification time of '2024-12-05T16:46:12.6373848Z' while content on disk has modification time of '2024-12-05T16:46:47.2999686Z'
Number of updated asset objects reloaded before import = 0
Number of asset objects unloaded after import = 0
========================================================================
Received Import Request.
  Time since last request: 0.015995 seconds.
  path: Assets/Scripts/SceneManagerController.cs
  artifactKey: Guid(f8c1f5b52e608604e99a51b88c3fb697) Importer(815301076,1909f56bfc062723c751e8b465ee728b)
Start importing Assets/Scripts/SceneManagerController.cs using Guid(f8c1f5b52e608604e99a51b88c3fb697) Importer(815301076,1909f56bfc062723c751e8b465ee728b) [PhysX] Initialized MultithreadedTaskDispatcher with 4 workers.
 -> (artifact id: '00000000000000000000000000000000') in 0.001162 seconds
Import Error Code:(4)
Message: Build asset version error: assets/scripts/scenemanagercontroller.cs in SourceAssetDB has modification time of '2024-12-05T16:46:12.6373848Z' while content on disk has modification time of '2024-12-05T16:46:47.2999686Z'
  ERROR: Build asset version error: assets/scripts/scenemanagercontroller.cs in SourceAssetDB has modification time of '2024-12-05T16:46:12.6373848Z' while content on disk has modification time of '2024-12-05T16:46:47.2999686Z'
Number of updated asset objects reloaded before import = 0
Number of asset objects unloaded after import = 0
========================================================================
Received Import Request.
  Time since last request: 0.020000 seconds.
  path: Assets/Scripts/SceneManagerController.cs
  artifactKey: Guid(f8c1f5b52e608604e99a51b88c3fb697) Importer(815301076,1909f56bfc062723c751e8b465ee728b)
Start importing Assets/Scripts/SceneManagerController.cs using Guid(f8c1f5b52e608604e99a51b88c3fb697) Importer(815301076,1909f56bfc062723c751e8b465ee728b) [PhysX] Initialized MultithreadedTaskDispatcher with 4 workers.
 -> (artifact id: '00000000000000000000000000000000') in 0.004591 seconds
Import Error Code:(4)
Message: Build asset version error: assets/scripts/scenemanagercontroller.cs in SourceAssetDB has modification time of '2024-12-05T16:46:12.6373848Z' while content on disk has modification time of '2024-12-05T16:46:47.2999686Z'
  ERROR: Build asset version error: assets/scripts/scenemanagercontroller.cs in SourceAssetDB has modification time of '2024-12-05T16:46:12.6373848Z' while content on disk has modification time of '2024-12-05T16:46:47.2999686Z'
Number of updated asset objects reloaded before import = 0
Number of asset objects unloaded after import = 0
========================================================================
Received Import Request.
  Time since last request: 0.001306 seconds.
  path: Assets/Scripts/SceneManagerController.cs
  artifactKey: Guid(f8c1f5b52e608604e99a51b88c3fb697) Importer(815301076,1909f56bfc062723c751e8b465ee728b)
Start importing Assets/Scripts/SceneManagerController.cs using Guid(f8c1f5b52e608604e99a51b88c3fb697) Importer(815301076,1909f56bfc062723c751e8b465ee728b) [PhysX] Initialized MultithreadedTaskDispatcher with 4 workers.
 -> (artifact id: '00000000000000000000000000000000') in 0.004064 seconds
Import Error Code:(4)
Message: Build asset version error: assets/scripts/scenemanagercontroller.cs in SourceAssetDB has modification time of '2024-12-05T16:46:12.6373848Z' while content on disk has modification time of '2024-12-05T16:46:47.2999686Z'
  ERROR: Build asset version error: assets/scripts/scenemanagercontroller.cs in SourceAssetDB has modification time of '2024-12-05T16:46:12.6373848Z' while content on disk has modification time of '2024-12-05T16:46:47.2999686Z'
Number of updated asset objects reloaded before import = 0
Number of asset objects unloaded after import = 0
========================================================================
Received Import Request.
  Time since last request: 0.012493 seconds.
  path: Assets/Scripts/SceneManagerController.cs
  artifactKey: Guid(f8c1f5b52e608604e99a51b88c3fb697) Importer(815301076,1909f56bfc062723c751e8b465ee728b)
Start importing Assets/Scripts/SceneManagerController.cs using Guid(f8c1f5b52e608604e99a51b88c3fb697) Importer(815301076,1909f56bfc062723c751e8b465ee728b) [PhysX] Initialized MultithreadedTaskDispatcher with 4 workers.
 -> (artifact id: '00000000000000000000000000000000') in 0.006851 seconds
Import Error Code:(4)
Message: Build asset version error: assets/scripts/scenemanagercontroller.cs in SourceAssetDB has modification time of '2024-12-05T16:46:12.6373848Z' while content on disk has modification time of '2024-12-05T16:46:47.2999686Z'
  ERROR: Build asset version error: assets/scripts/scenemanagercontroller.cs in SourceAssetDB has modification time of '2024-12-05T16:46:12.6373848Z' while content on disk has modification time of '2024-12-05T16:46:47.2999686Z'
Number of updated asset objects reloaded before import = 0
Number of asset objects unloaded after import = 0
========================================================================
Received Import Request.
  Time since last request: 0.015426 seconds.
  path: Assets/Scripts/SceneManagerController.cs
  artifactKey: Guid(f8c1f5b52e608604e99a51b88c3fb697) Importer(815301076,1909f56bfc062723c751e8b465ee728b)
Start importing Assets/Scripts/SceneManagerController.cs using Guid(f8c1f5b52e608604e99a51b88c3fb697) Importer(815301076,1909f56bfc062723c751e8b465ee728b) [PhysX] Initialized MultithreadedTaskDispatcher with 4 workers.
 -> (artifact id: '00000000000000000000000000000000') in 0.001562 seconds
Import Error Code:(4)
Message: Build asset version error: assets/scripts/scenemanagercontroller.cs in SourceAssetDB has modification time of '2024-12-05T16:46:12.6373848Z' while content on disk has modification time of '2024-12-05T16:46:47.2999686Z'
  ERROR: Build asset version error: assets/scripts/scenemanagercontroller.cs in SourceAssetDB has modification time of '2024-12-05T16:46:12.6373848Z' while content on disk has modification time of '2024-12-05T16:46:47.2999686Z'
Number of updated asset objects reloaded before import = 0
Number of asset objects unloaded after import = 0
========================================================================
Received Import Request.
  Time since last request: 0.019490 seconds.
  path: Assets/Scripts/SceneManagerController.cs
  artifactKey: Guid(f8c1f5b52e608604e99a51b88c3fb697) Importer(815301076,1909f56bfc062723c751e8b465ee728b)
Start importing Assets/Scripts/SceneManagerController.cs using Guid(f8c1f5b52e608604e99a51b88c3fb697) Importer(815301076,1909f56bfc062723c751e8b465ee728b) [PhysX] Initialized MultithreadedTaskDispatcher with 4 workers.
 -> (artifact id: '00000000000000000000000000000000') in 0.001417 seconds
Import Error Code:(4)
Message: Build asset version error: assets/scripts/scenemanagercontroller.cs in SourceAssetDB has modification time of '2024-12-05T16:46:12.6373848Z' while content on disk has modification time of '2024-12-05T16:46:47.2999686Z'
  ERROR: Build asset version error: assets/scripts/scenemanagercontroller.cs in SourceAssetDB has modification time of '2024-12-05T16:46:12.6373848Z' while content on disk has modification time of '2024-12-05T16:46:47.2999686Z'
Number of updated asset objects reloaded before import = 0
Number of asset objects unloaded after import = 0
========================================================================
Received Import Request.
  Time since last request: 0.019238 seconds.
  path: Assets/Scripts/SceneManagerController.cs
  artifactKey: Guid(f8c1f5b52e608604e99a51b88c3fb697) Importer(815301076,1909f56bfc062723c751e8b465ee728b)
Start importing Assets/Scripts/SceneManagerController.cs using Guid(f8c1f5b52e608604e99a51b88c3fb697) Importer(815301076,1909f56bfc062723c751e8b465ee728b) [PhysX] Initialized MultithreadedTaskDispatcher with 4 workers.
 -> (artifact id: '00000000000000000000000000000000') in 0.004096 seconds
Import Error Code:(4)
Message: Build asset version error: assets/scripts/scenemanagercontroller.cs in SourceAssetDB has modification time of '2024-12-05T16:46:12.6373848Z' while content on disk has modification time of '2024-12-05T16:46:47.2999686Z'
  ERROR: Build asset version error: assets/scripts/scenemanagercontroller.cs in SourceAssetDB has modification time of '2024-12-05T16:46:12.6373848Z' while content on disk has modification time of '2024-12-05T16:46:47.2999686Z'
Number of updated asset objects reloaded before import = 0
Number of asset objects unloaded after import = 0
========================================================================
Received Import Request.
  Time since last request: 0.009014 seconds.
  path: Assets/Scripts/SceneManagerController.cs
  artifactKey: Guid(f8c1f5b52e608604e99a51b88c3fb697) Importer(815301076,1909f56bfc062723c751e8b465ee728b)
Start importing Assets/Scripts/SceneManagerController.cs using Guid(f8c1f5b52e608604e99a51b88c3fb697) Importer(815301076,1909f56bfc062723c751e8b465ee728b) [PhysX] Initialized MultithreadedTaskDispatcher with 4 workers.
 -> (artifact id: '00000000000000000000000000000000') in 0.016363 seconds
Import Error Code:(4)
Message: Build asset version error: assets/scripts/scenemanagercontroller.cs in SourceAssetDB has modification time of '2024-12-05T16:46:12.6373848Z' while content on disk has modification time of '2024-12-05T16:46:47.2999686Z'
  ERROR: Build asset version error: assets/scripts/scenemanagercontroller.cs in SourceAssetDB has modification time of '2024-12-05T16:46:12.6373848Z' while content on disk has modification time of '2024-12-05T16:46:47.2999686Z'
Number of updated asset objects reloaded before import = 0
Number of asset objects unloaded after import = 0
========================================================================
Received Import Request.
  Time since last request: 0.002323 seconds.
  path: Assets/Scripts/SceneManagerController.cs
  artifactKey: Guid(f8c1f5b52e608604e99a51b88c3fb697) Importer(815301076,1909f56bfc062723c751e8b465ee728b)
Start importing Assets/Scripts/SceneManagerController.cs using Guid(f8c1f5b52e608604e99a51b88c3fb697) Importer(815301076,1909f56bfc062723c751e8b465ee728b) [PhysX] Initialized MultithreadedTaskDispatcher with 4 workers.
 -> (artifact id: '00000000000000000000000000000000') in 0.001189 seconds
Import Error Code:(4)
Message: Build asset version error: assets/scripts/scenemanagercontroller.cs in SourceAssetDB has modification time of '2024-12-05T16:46:12.6373848Z' while content on disk has modification time of '2024-12-05T16:46:47.2999686Z'
  ERROR: Build asset version error: assets/scripts/scenemanagercontroller.cs in SourceAssetDB has modification time of '2024-12-05T16:46:12.6373848Z' while content on disk has modification time of '2024-12-05T16:46:47.2999686Z'
Number of updated asset objects reloaded before import = 0
Number of asset objects unloaded after import = 0
========================================================================
Received Import Request.
  Time since last request: 0.016663 seconds.
  path: Assets/Scripts/SceneManagerController.cs
  artifactKey: Guid(f8c1f5b52e608604e99a51b88c3fb697) Importer(815301076,1909f56bfc062723c751e8b465ee728b)
Start importing Assets/Scripts/SceneManagerController.cs using Guid(f8c1f5b52e608604e99a51b88c3fb697) Importer(815301076,1909f56bfc062723c751e8b465ee728b) [PhysX] Initialized MultithreadedTaskDispatcher with 4 workers.
 -> (artifact id: '00000000000000000000000000000000') in 0.001558 seconds
Import Error Code:(4)
Message: Build asset version error: assets/scripts/scenemanagercontroller.cs in SourceAssetDB has modification time of '2024-12-05T16:46:12.6373848Z' while content on disk has modification time of '2024-12-05T16:46:47.2999686Z'
  ERROR: Build asset version error: assets/scripts/scenemanagercontroller.cs in SourceAssetDB has modification time of '2024-12-05T16:46:12.6373848Z' while content on disk has modification time of '2024-12-05T16:46:47.2999686Z'
Number of updated asset objects reloaded before import = 0
Number of asset objects unloaded after import = 0
========================================================================
Received Import Request.
  Time since last request: 0.017481 seconds.
  path: Assets/Scripts/SceneManagerController.cs
  artifactKey: Guid(f8c1f5b52e608604e99a51b88c3fb697) Importer(815301076,1909f56bfc062723c751e8b465ee728b)
Start importing Assets/Scripts/SceneManagerController.cs using Guid(f8c1f5b52e608604e99a51b88c3fb697) Importer(815301076,1909f56bfc062723c751e8b465ee728b) [PhysX] Initialized MultithreadedTaskDispatcher with 4 workers.
 -> (artifact id: '00000000000000000000000000000000') in 0.001139 seconds
Import Error Code:(4)
Message: Build asset version error: assets/scripts/scenemanagercontroller.cs in SourceAssetDB has modification time of '2024-12-05T16:46:12.6373848Z' while content on disk has modification time of '2024-12-05T16:46:47.2999686Z'
  ERROR: Build asset version error: assets/scripts/scenemanagercontroller.cs in SourceAssetDB has modification time of '2024-12-05T16:46:12.6373848Z' while content on disk has modification time of '2024-12-05T16:46:47.2999686Z'
Number of updated asset objects reloaded before import = 0
Number of asset objects unloaded after import = 0
========================================================================
Received Import Request.
  Time since last request: 0.017942 seconds.
  path: Assets/Scripts/SceneManagerController.cs
  artifactKey: Guid(f8c1f5b52e608604e99a51b88c3fb697) Importer(815301076,1909f56bfc062723c751e8b465ee728b)
Start importing Assets/Scripts/SceneManagerController.cs using Guid(f8c1f5b52e608604e99a51b88c3fb697) Importer(815301076,1909f56bfc062723c751e8b465ee728b) [PhysX] Initialized MultithreadedTaskDispatcher with 4 workers.
 -> (artifact id: '00000000000000000000000000000000') in 0.001230 seconds
Import Error Code:(4)
Message: Build asset version error: assets/scripts/scenemanagercontroller.cs in SourceAssetDB has modification time of '2024-12-05T16:46:12.6373848Z' while content on disk has modification time of '2024-12-05T16:46:47.2999686Z'
  ERROR: Build asset version error: assets/scripts/scenemanagercontroller.cs in SourceAssetDB has modification time of '2024-12-05T16:46:12.6373848Z' while content on disk has modification time of '2024-12-05T16:46:47.2999686Z'
Number of updated asset objects reloaded before import = 0
Number of asset objects unloaded after import = 0
========================================================================
Received Import Request.
  Time since last request: 0.023124 seconds.
  path: Assets/Scripts/SceneManagerController.cs
  artifactKey: Guid(f8c1f5b52e608604e99a51b88c3fb697) Importer(815301076,1909f56bfc062723c751e8b465ee728b)
Start importing Assets/Scripts/SceneManagerController.cs using Guid(f8c1f5b52e608604e99a51b88c3fb697) Importer(815301076,1909f56bfc062723c751e8b465ee728b) [PhysX] Initialized MultithreadedTaskDispatcher with 4 workers.
 -> (artifact id: '00000000000000000000000000000000') in 0.002037 seconds
Import Error Code:(4)
Message: Build asset version error: assets/scripts/scenemanagercontroller.cs in SourceAssetDB has modification time of '2024-12-05T16:46:12.6373848Z' while content on disk has modification time of '2024-12-05T16:46:47.2999686Z'
  ERROR: Build asset version error: assets/scripts/scenemanagercontroller.cs in SourceAssetDB has modification time of '2024-12-05T16:46:12.6373848Z' while content on disk has modification time of '2024-12-05T16:46:47.2999686Z'
Number of updated asset objects reloaded before import = 0
Number of asset objects unloaded after import = 0
========================================================================
Received Import Request.
  Time since last request: 0.003402 seconds.
  path: Assets/Scripts/SceneManagerController.cs
  artifactKey: Guid(f8c1f5b52e608604e99a51b88c3fb697) Importer(815301076,1909f56bfc062723c751e8b465ee728b)
Start importing Assets/Scripts/SceneManagerController.cs using Guid(f8c1f5b52e608604e99a51b88c3fb697) Importer(815301076,1909f56bfc062723c751e8b465ee728b) [PhysX] Initialized MultithreadedTaskDispatcher with 4 workers.
 -> (artifact id: '00000000000000000000000000000000') in 0.005823 seconds
Import Error Code:(4)
Message: Build asset version error: assets/scripts/scenemanagercontroller.cs in SourceAssetDB has modification time of '2024-12-05T16:46:12.6373848Z' while content on disk has modification time of '2024-12-05T16:46:47.2999686Z'
  ERROR: Build asset version error: assets/scripts/scenemanagercontroller.cs in SourceAssetDB has modification time of '2024-12-05T16:46:12.6373848Z' while content on disk has modification time of '2024-12-05T16:46:47.2999686Z'
Number of updated asset objects reloaded before import = 0
Number of asset objects unloaded after import = 0
========================================================================
Received Import Request.
  Time since last request: 0.012049 seconds.
  path: Assets/Scripts/SceneManagerController.cs
  artifactKey: Guid(f8c1f5b52e608604e99a51b88c3fb697) Importer(815301076,1909f56bfc062723c751e8b465ee728b)
Start importing Assets/Scripts/SceneManagerController.cs using Guid(f8c1f5b52e608604e99a51b88c3fb697) Importer(815301076,1909f56bfc062723c751e8b465ee728b) [PhysX] Initialized MultithreadedTaskDispatcher with 4 workers.
 -> (artifact id: '00000000000000000000000000000000') in 0.002348 seconds
Import Error Code:(4)
Message: Build asset version error: assets/scripts/scenemanagercontroller.cs in SourceAssetDB has modification time of '2024-12-05T16:46:12.6373848Z' while content on disk has modification time of '2024-12-05T16:46:47.2999686Z'
  ERROR: Build asset version error: assets/scripts/scenemanagercontroller.cs in SourceAssetDB has modification time of '2024-12-05T16:46:12.6373848Z' while content on disk has modification time of '2024-12-05T16:46:47.2999686Z'
Number of updated asset objects reloaded before import = 0
Number of asset objects unloaded after import = 0
========================================================================
Received Import Request.
  Time since last request: 0.009894 seconds.
  path: Assets/Scripts/SceneManagerController.cs
  artifactKey: Guid(f8c1f5b52e608604e99a51b88c3fb697) Importer(815301076,1909f56bfc062723c751e8b465ee728b)
Start importing Assets/Scripts/SceneManagerController.cs using Guid(f8c1f5b52e608604e99a51b88c3fb697) Importer(815301076,1909f56bfc062723c751e8b465ee728b) [PhysX] Initialized MultithreadedTaskDispatcher with 4 workers.
 -> (artifact id: '00000000000000000000000000000000') in 0.017796 seconds
Import Error Code:(4)
Message: Build asset version error: assets/scripts/scenemanagercontroller.cs in SourceAssetDB has modification time of '2024-12-05T16:46:12.6373848Z' while content on disk has modification time of '2024-12-05T16:46:47.2999686Z'
  ERROR: Build asset version error: assets/scripts/scenemanagercontroller.cs in SourceAssetDB has modification time of '2024-12-05T16:46:12.6373848Z' while content on disk has modification time of '2024-12-05T16:46:47.2999686Z'
Number of updated asset objects reloaded before import = 0
Number of asset objects unloaded after import = 0
========================================================================
Received Import Request.
  Time since last request: 0.040307 seconds.
  path: Assets/Scripts/SceneManagerController.cs
  artifactKey: Guid(f8c1f5b52e608604e99a51b88c3fb697) Importer(815301076,1909f56bfc062723c751e8b465ee728b)
Start importing Assets/Scripts/SceneManagerController.cs using Guid(f8c1f5b52e608604e99a51b88c3fb697) Importer(815301076,1909f56bfc062723c751e8b465ee728b) [PhysX] Initialized MultithreadedTaskDispatcher with 4 workers.
 -> (artifact id: '00000000000000000000000000000000') in 0.003546 seconds
Import Error Code:(4)
Message: Build asset version error: assets/scripts/scenemanagercontroller.cs in SourceAssetDB has modification time of '2024-12-05T16:46:12.6373848Z' while content on disk has modification time of '2024-12-05T16:46:47.2999686Z'
  ERROR: Build asset version error: assets/scripts/scenemanagercontroller.cs in SourceAssetDB has modification time of '2024-12-05T16:46:12.6373848Z' while content on disk has modification time of '2024-12-05T16:46:47.2999686Z'
Number of updated asset objects reloaded before import = 0
Number of asset objects unloaded after import = 0
========================================================================
Received Import Request.
  Time since last request: 0.071629 seconds.
  path: Assets/Scripts/SceneManagerController.cs
  artifactKey: Guid(f8c1f5b52e608604e99a51b88c3fb697) Importer(815301076,1909f56bfc062723c751e8b465ee728b)
Start importing Assets/Scripts/SceneManagerController.cs using Guid(f8c1f5b52e608604e99a51b88c3fb697) Importer(815301076,1909f56bfc062723c751e8b465ee728b) [PhysX] Initialized MultithreadedTaskDispatcher with 4 workers.
 -> (artifact id: '00000000000000000000000000000000') in 0.023863 seconds
Import Error Code:(4)
Message: Build asset version error: assets/scripts/scenemanagercontroller.cs in SourceAssetDB has modification time of '2024-12-05T16:46:12.6373848Z' while content on disk has modification time of '2024-12-05T16:46:47.2999686Z'
  ERROR: Build asset version error: assets/scripts/scenemanagercontroller.cs in SourceAssetDB has modification time of '2024-12-05T16:46:12.6373848Z' while content on disk has modification time of '2024-12-05T16:46:47.2999686Z'
Number of updated asset objects reloaded before import = 0
Number of asset objects unloaded after import = 0
========================================================================
Received Import Request.
  Time since last request: 0.029918 seconds.
  path: Assets/Scripts/SceneManagerController.cs
  artifactKey: Guid(f8c1f5b52e608604e99a51b88c3fb697) Importer(815301076,1909f56bfc062723c751e8b465ee728b)
Start importing Assets/Scripts/SceneManagerController.cs using Guid(f8c1f5b52e608604e99a51b88c3fb697) Importer(815301076,1909f56bfc062723c751e8b465ee728b) [PhysX] Initialized MultithreadedTaskDispatcher with 4 workers.
 -> (artifact id: '00000000000000000000000000000000') in 0.001690 seconds
Import Error Code:(4)
Message: Build asset version error: assets/scripts/scenemanagercontroller.cs in SourceAssetDB has modification time of '2024-12-05T16:46:12.6373848Z' while content on disk has modification time of '2024-12-05T16:46:47.2999686Z'
  ERROR: Build asset version error: assets/scripts/scenemanagercontroller.cs in SourceAssetDB has modification time of '2024-12-05T16:46:12.6373848Z' while content on disk has modification time of '2024-12-05T16:46:47.2999686Z'
Number of updated asset objects reloaded before import = 0
Number of asset objects unloaded after import = 0
========================================================================
Received Import Request.
  Time since last request: 0.025125 seconds.
  path: Assets/Scripts/SceneManagerController.cs
  artifactKey: Guid(f8c1f5b52e608604e99a51b88c3fb697) Importer(815301076,1909f56bfc062723c751e8b465ee728b)
Start importing Assets/Scripts/SceneManagerController.cs using Guid(f8c1f5b52e608604e99a51b88c3fb697) Importer(815301076,1909f56bfc062723c751e8b465ee728b) [PhysX] Initialized MultithreadedTaskDispatcher with 4 workers.
 -> (artifact id: '00000000000000000000000000000000') in 0.002223 seconds
Import Error Code:(4)
Message: Build asset version error: assets/scripts/scenemanagercontroller.cs in SourceAssetDB has modification time of '2024-12-05T16:46:12.6373848Z' while content on disk has modification time of '2024-12-05T16:46:47.2999686Z'
  ERROR: Build asset version error: assets/scripts/scenemanagercontroller.cs in SourceAssetDB has modification time of '2024-12-05T16:46:12.6373848Z' while content on disk has modification time of '2024-12-05T16:46:47.2999686Z'
Number of updated asset objects reloaded before import = 0
Number of asset objects unloaded after import = 0
========================================================================
Received Import Request.
  Time since last request: 0.020311 seconds.
  path: Assets/Scripts/SceneManagerController.cs
  artifactKey: Guid(f8c1f5b52e608604e99a51b88c3fb697) Importer(815301076,1909f56bfc062723c751e8b465ee728b)
Start importing Assets/Scripts/SceneManagerController.cs using Guid(f8c1f5b52e608604e99a51b88c3fb697) Importer(815301076,1909f56bfc062723c751e8b465ee728b) [PhysX] Initialized MultithreadedTaskDispatcher with 4 workers.
 -> (artifact id: '00000000000000000000000000000000') in 0.001254 seconds
Import Error Code:(4)
Message: Build asset version error: assets/scripts/scenemanagercontroller.cs in SourceAssetDB has modification time of '2024-12-05T16:46:12.6373848Z' while content on disk has modification time of '2024-12-05T16:46:47.2999686Z'
  ERROR: Build asset version error: assets/scripts/scenemanagercontroller.cs in SourceAssetDB has modification time of '2024-12-05T16:46:12.6373848Z' while content on disk has modification time of '2024-12-05T16:46:47.2999686Z'
Number of updated asset objects reloaded before import = 0
Number of asset objects unloaded after import = 0
========================================================================
Received Import Request.
  Time since last request: 0.019928 seconds.
  path: Assets/Scripts/SceneManagerController.cs
  artifactKey: Guid(f8c1f5b52e608604e99a51b88c3fb697) Importer(815301076,1909f56bfc062723c751e8b465ee728b)
Start importing Assets/Scripts/SceneManagerController.cs using Guid(f8c1f5b52e608604e99a51b88c3fb697) Importer(815301076,1909f56bfc062723c751e8b465ee728b) [PhysX] Initialized MultithreadedTaskDispatcher with 4 workers.
 -> (artifact id: '00000000000000000000000000000000') in 0.001688 seconds
Import Error Code:(4)
Message: Build asset version error: assets/scripts/scenemanagercontroller.cs in SourceAssetDB has modification time of '2024-12-05T16:46:12.6373848Z' while content on disk has modification time of '2024-12-05T16:46:47.2999686Z'
  ERROR: Build asset version error: assets/scripts/scenemanagercontroller.cs in SourceAssetDB has modification time of '2024-12-05T16:46:12.6373848Z' while content on disk has modification time of '2024-12-05T16:46:47.2999686Z'
Number of updated asset objects reloaded before import = 0
Number of asset objects unloaded after import = 0
========================================================================
Received Import Request.
  Time since last request: 0.018873 seconds.
  path: Assets/Scripts/SceneManagerController.cs
  artifactKey: Guid(f8c1f5b52e608604e99a51b88c3fb697) Importer(815301076,1909f56bfc062723c751e8b465ee728b)
Start importing Assets/Scripts/SceneManagerController.cs using Guid(f8c1f5b52e608604e99a51b88c3fb697) Importer(815301076,1909f56bfc062723c751e8b465ee728b) [PhysX] Initialized MultithreadedTaskDispatcher with 4 workers.
 -> (artifact id: '00000000000000000000000000000000') in 0.001393 seconds
Import Error Code:(4)
Message: Build asset version error: assets/scripts/scenemanagercontroller.cs in SourceAssetDB has modification time of '2024-12-05T16:46:12.6373848Z' while content on disk has modification time of '2024-12-05T16:46:47.2999686Z'
  ERROR: Build asset version error: assets/scripts/scenemanagercontroller.cs in SourceAssetDB has modification time of '2024-12-05T16:46:12.6373848Z' while content on disk has modification time of '2024-12-05T16:46:47.2999686Z'
Number of updated asset objects reloaded before import = 0
Number of asset objects unloaded after import = 0
========================================================================
Received Import Request.
  Time since last request: 0.017872 seconds.
  path: Assets/Scripts/SceneManagerController.cs
  artifactKey: Guid(f8c1f5b52e608604e99a51b88c3fb697) Importer(815301076,1909f56bfc062723c751e8b465ee728b)
Start importing Assets/Scripts/SceneManagerController.cs using Guid(f8c1f5b52e608604e99a51b88c3fb697) Importer(815301076,1909f56bfc062723c751e8b465ee728b) [PhysX] Initialized MultithreadedTaskDispatcher with 4 workers.
 -> (artifact id: '00000000000000000000000000000000') in 0.001290 seconds
Import Error Code:(4)
Message: Build asset version error: assets/scripts/scenemanagercontroller.cs in SourceAssetDB has modification time of '2024-12-05T16:46:12.6373848Z' while content on disk has modification time of '2024-12-05T16:46:47.2999686Z'
  ERROR: Build asset version error: assets/scripts/scenemanagercontroller.cs in SourceAssetDB has modification time of '2024-12-05T16:46:12.6373848Z' while content on disk has modification time of '2024-12-05T16:46:47.2999686Z'
Number of updated asset objects reloaded before import = 0
Number of asset objects unloaded after import = 0
========================================================================
Received Import Request.
  Time since last request: 0.018607 seconds.
  path: Assets/Scripts/SceneManagerController.cs
  artifactKey: Guid(f8c1f5b52e608604e99a51b88c3fb697) Importer(815301076,1909f56bfc062723c751e8b465ee728b)
Start importing Assets/Scripts/SceneManagerController.cs using Guid(f8c1f5b52e608604e99a51b88c3fb697) Importer(815301076,1909f56bfc062723c751e8b465ee728b) [PhysX] Initialized MultithreadedTaskDispatcher with 4 workers.
 -> (artifact id: '00000000000000000000000000000000') in 0.001462 seconds
Import Error Code:(4)
Message: Build asset version error: assets/scripts/scenemanagercontroller.cs in SourceAssetDB has modification time of '2024-12-05T16:46:12.6373848Z' while content on disk has modification time of '2024-12-05T16:46:47.2999686Z'
  ERROR: Build asset version error: assets/scripts/scenemanagercontroller.cs in SourceAssetDB has modification time of '2024-12-05T16:46:12.6373848Z' while content on disk has modification time of '2024-12-05T16:46:47.2999686Z'
Number of updated asset objects reloaded before import = 0
Number of asset objects unloaded after import = 0
========================================================================
Received Import Request.
  Time since last request: 0.023277 seconds.
  path: Assets/Scripts/SceneManagerController.cs
  artifactKey: Guid(f8c1f5b52e608604e99a51b88c3fb697) Importer(815301076,1909f56bfc062723c751e8b465ee728b)
Start importing Assets/Scripts/SceneManagerController.cs using Guid(f8c1f5b52e608604e99a51b88c3fb697) Importer(815301076,1909f56bfc062723c751e8b465ee728b) [PhysX] Initialized MultithreadedTaskDispatcher with 4 workers.
 -> (artifact id: '00000000000000000000000000000000') in 0.001271 seconds
Import Error Code:(4)
Message: Build asset version error: assets/scripts/scenemanagercontroller.cs in SourceAssetDB has modification time of '2024-12-05T16:46:12.6373848Z' while content on disk has modification time of '2024-12-05T16:46:47.2999686Z'
  ERROR: Build asset version error: assets/scripts/scenemanagercontroller.cs in SourceAssetDB has modification time of '2024-12-05T16:46:12.6373848Z' while content on disk has modification time of '2024-12-05T16:46:47.2999686Z'
Number of updated asset objects reloaded before import = 0
Number of asset objects unloaded after import = 0
========================================================================
Received Import Request.
  Time since last request: 0.016301 seconds.
  path: Assets/Scripts/SceneManagerController.cs
  artifactKey: Guid(f8c1f5b52e608604e99a51b88c3fb697) Importer(815301076,1909f56bfc062723c751e8b465ee728b)
Start importing Assets/Scripts/SceneManagerController.cs using Guid(f8c1f5b52e608604e99a51b88c3fb697) Importer(815301076,1909f56bfc062723c751e8b465ee728b) [PhysX] Initialized MultithreadedTaskDispatcher with 4 workers.
 -> (artifact id: '00000000000000000000000000000000') in 0.001017 seconds
Import Error Code:(4)
Message: Build asset version error: assets/scripts/scenemanagercontroller.cs in SourceAssetDB has modification time of '2024-12-05T16:46:12.6373848Z' while content on disk has modification time of '2024-12-05T16:46:47.2999686Z'
  ERROR: Build asset version error: assets/scripts/scenemanagercontroller.cs in SourceAssetDB has modification time of '2024-12-05T16:46:12.6373848Z' while content on disk has modification time of '2024-12-05T16:46:47.2999686Z'
Number of updated asset objects reloaded before import = 0
Number of asset objects unloaded after import = 0
========================================================================
Received Import Request.
  Time since last request: 0.016128 seconds.
  path: Assets/Scripts/SceneManagerController.cs
  artifactKey: Guid(f8c1f5b52e608604e99a51b88c3fb697) Importer(815301076,1909f56bfc062723c751e8b465ee728b)
Start importing Assets/Scripts/SceneManagerController.cs using Guid(f8c1f5b52e608604e99a51b88c3fb697) Importer(815301076,1909f56bfc062723c751e8b465ee728b) [PhysX] Initialized MultithreadedTaskDispatcher with 4 workers.
 -> (artifact id: '00000000000000000000000000000000') in 0.001315 seconds
Import Error Code:(4)
Message: Build asset version error: assets/scripts/scenemanagercontroller.cs in SourceAssetDB has modification time of '2024-12-05T16:46:12.6373848Z' while content on disk has modification time of '2024-12-05T16:46:47.2999686Z'
  ERROR: Build asset version error: assets/scripts/scenemanagercontroller.cs in SourceAssetDB has modification time of '2024-12-05T16:46:12.6373848Z' while content on disk has modification time of '2024-12-05T16:46:47.2999686Z'
Number of updated asset objects reloaded before import = 0
Number of asset objects unloaded after import = 0
========================================================================
Received Import Request.
  Time since last request: 0.016040 seconds.
  path: Assets/Scripts/SceneManagerController.cs
  artifactKey: Guid(f8c1f5b52e608604e99a51b88c3fb697) Importer(815301076,1909f56bfc062723c751e8b465ee728b)
Start importing Assets/Scripts/SceneManagerController.cs using Guid(f8c1f5b52e608604e99a51b88c3fb697) Importer(815301076,1909f56bfc062723c751e8b465ee728b) [PhysX] Initialized MultithreadedTaskDispatcher with 4 workers.
 -> (artifact id: '00000000000000000000000000000000') in 0.001117 seconds
Import Error Code:(4)
Message: Build asset version error: assets/scripts/scenemanagercontroller.cs in SourceAssetDB has modification time of '2024-12-05T16:46:12.6373848Z' while content on disk has modification time of '2024-12-05T16:46:47.2999686Z'
  ERROR: Build asset version error: assets/scripts/scenemanagercontroller.cs in SourceAssetDB has modification time of '2024-12-05T16:46:12.6373848Z' while content on disk has modification time of '2024-12-05T16:46:47.2999686Z'
Number of updated asset objects reloaded before import = 0
Number of asset objects unloaded after import = 0
========================================================================
Received Import Request.
  Time since last request: 0.015027 seconds.
  path: Assets/Scripts/SceneManagerController.cs
  artifactKey: Guid(f8c1f5b52e608604e99a51b88c3fb697) Importer(815301076,1909f56bfc062723c751e8b465ee728b)
Start importing Assets/Scripts/SceneManagerController.cs using Guid(f8c1f5b52e608604e99a51b88c3fb697) Importer(815301076,1909f56bfc062723c751e8b465ee728b) [PhysX] Initialized MultithreadedTaskDispatcher with 4 workers.
 -> (artifact id: '00000000000000000000000000000000') in 0.001077 seconds
Import Error Code:(4)
Message: Build asset version error: assets/scripts/scenemanagercontroller.cs in SourceAssetDB has modification time of '2024-12-05T16:46:12.6373848Z' while content on disk has modification time of '2024-12-05T16:46:47.2999686Z'
  ERROR: Build asset version error: assets/scripts/scenemanagercontroller.cs in SourceAssetDB has modification time of '2024-12-05T16:46:12.6373848Z' while content on disk has modification time of '2024-12-05T16:46:47.2999686Z'
Number of updated asset objects reloaded before import = 0
Number of asset objects unloaded after import = 0
========================================================================
Received Import Request.
  Time since last request: 0.015199 seconds.
  path: Assets/Scripts/SceneManagerController.cs
  artifactKey: Guid(f8c1f5b52e608604e99a51b88c3fb697) Importer(815301076,1909f56bfc062723c751e8b465ee728b)
Start importing Assets/Scripts/SceneManagerController.cs using Guid(f8c1f5b52e608604e99a51b88c3fb697) Importer(815301076,1909f56bfc062723c751e8b465ee728b) [PhysX] Initialized MultithreadedTaskDispatcher with 4 workers.
 -> (artifact id: '00000000000000000000000000000000') in 0.001391 seconds
Import Error Code:(4)
Message: Build asset version error: assets/scripts/scenemanagercontroller.cs in SourceAssetDB has modification time of '2024-12-05T16:46:12.6373848Z' while content on disk has modification time of '2024-12-05T16:46:47.2999686Z'
  ERROR: Build asset version error: assets/scripts/scenemanagercontroller.cs in SourceAssetDB has modification time of '2024-12-05T16:46:12.6373848Z' while content on disk has modification time of '2024-12-05T16:46:47.2999686Z'
Number of updated asset objects reloaded before import = 0
Number of asset objects unloaded after import = 0
========================================================================
Received Import Request.
  Time since last request: 0.016154 seconds.
  path: Assets/Scripts/SceneManagerController.cs
  artifactKey: Guid(f8c1f5b52e608604e99a51b88c3fb697) Importer(815301076,1909f56bfc062723c751e8b465ee728b)
Start importing Assets/Scripts/SceneManagerController.cs using Guid(f8c1f5b52e608604e99a51b88c3fb697) Importer(815301076,1909f56bfc062723c751e8b465ee728b) [PhysX] Initialized MultithreadedTaskDispatcher with 4 workers.
 -> (artifact id: '00000000000000000000000000000000') in 0.001170 seconds
Import Error Code:(4)
Message: Build asset version error: assets/scripts/scenemanagercontroller.cs in SourceAssetDB has modification time of '2024-12-05T16:46:12.6373848Z' while content on disk has modification time of '2024-12-05T16:46:47.2999686Z'
  ERROR: Build asset version error: assets/scripts/scenemanagercontroller.cs in SourceAssetDB has modification time of '2024-12-05T16:46:12.6373848Z' while content on disk has modification time of '2024-12-05T16:46:47.2999686Z'
Number of updated asset objects reloaded before import = 0
Number of asset objects unloaded after import = 0
========================================================================
Received Import Request.
  Time since last request: 0.017840 seconds.
  path: Assets/Scripts/SceneManagerController.cs
  artifactKey: Guid(f8c1f5b52e608604e99a51b88c3fb697) Importer(815301076,1909f56bfc062723c751e8b465ee728b)
Start importing Assets/Scripts/SceneManagerController.cs using Guid(f8c1f5b52e608604e99a51b88c3fb697) Importer(815301076,1909f56bfc062723c751e8b465ee728b) [PhysX] Initialized MultithreadedTaskDispatcher with 4 workers.
 -> (artifact id: '00000000000000000000000000000000') in 0.001328 seconds
Import Error Code:(4)
Message: Build asset version error: assets/scripts/scenemanagercontroller.cs in SourceAssetDB has modification time of '2024-12-05T16:46:12.6373848Z' while content on disk has modification time of '2024-12-05T16:46:47.2999686Z'
  ERROR: Build asset version error: assets/scripts/scenemanagercontroller.cs in SourceAssetDB has modification time of '2024-12-05T16:46:12.6373848Z' while content on disk has modification time of '2024-12-05T16:46:47.2999686Z'
Number of updated asset objects reloaded before import = 0
Number of asset objects unloaded after import = 0
========================================================================
Received Import Request.
  Time since last request: 0.020363 seconds.
  path: Assets/Scripts/SceneManagerController.cs
  artifactKey: Guid(f8c1f5b52e608604e99a51b88c3fb697) Importer(815301076,1909f56bfc062723c751e8b465ee728b)
Start importing Assets/Scripts/SceneManagerController.cs using Guid(f8c1f5b52e608604e99a51b88c3fb697) Importer(815301076,1909f56bfc062723c751e8b465ee728b) [PhysX] Initialized MultithreadedTaskDispatcher with 4 workers.
 -> (artifact id: '00000000000000000000000000000000') in 0.001120 seconds
Import Error Code:(4)
Message: Build asset version error: assets/scripts/scenemanagercontroller.cs in SourceAssetDB has modification time of '2024-12-05T16:46:12.6373848Z' while content on disk has modification time of '2024-12-05T16:46:47.2999686Z'
  ERROR: Build asset version error: assets/scripts/scenemanagercontroller.cs in SourceAssetDB has modification time of '2024-12-05T16:46:12.6373848Z' while content on disk has modification time of '2024-12-05T16:46:47.2999686Z'
Number of updated asset objects reloaded before import = 0
Number of asset objects unloaded after import = 0
========================================================================
Received Import Request.
  Time since last request: 0.015955 seconds.
  path: Assets/Scripts/SceneManagerController.cs
  artifactKey: Guid(f8c1f5b52e608604e99a51b88c3fb697) Importer(815301076,1909f56bfc062723c751e8b465ee728b)
Start importing Assets/Scripts/SceneManagerController.cs using Guid(f8c1f5b52e608604e99a51b88c3fb697) Importer(815301076,1909f56bfc062723c751e8b465ee728b) [PhysX] Initialized MultithreadedTaskDispatcher with 4 workers.
 -> (artifact id: '00000000000000000000000000000000') in 0.001158 seconds
Import Error Code:(4)
Message: Build asset version error: assets/scripts/scenemanagercontroller.cs in SourceAssetDB has modification time of '2024-12-05T16:46:12.6373848Z' while content on disk has modification time of '2024-12-05T16:46:47.2999686Z'
  ERROR: Build asset version error: assets/scripts/scenemanagercontroller.cs in SourceAssetDB has modification time of '2024-12-05T16:46:12.6373848Z' while content on disk has modification time of '2024-12-05T16:46:47.2999686Z'
Number of updated asset objects reloaded before import = 0
Number of asset objects unloaded after import = 0
========================================================================
Received Import Request.
  Time since last request: 0.018081 seconds.
  path: Assets/Scripts/SceneManagerController.cs
  artifactKey: Guid(f8c1f5b52e608604e99a51b88c3fb697) Importer(815301076,1909f56bfc062723c751e8b465ee728b)
Start importing Assets/Scripts/SceneManagerController.cs using Guid(f8c1f5b52e608604e99a51b88c3fb697) Importer(815301076,1909f56bfc062723c751e8b465ee728b) [PhysX] Initialized MultithreadedTaskDispatcher with 4 workers.
 -> (artifact id: '00000000000000000000000000000000') in 0.001292 seconds
Import Error Code:(4)
Message: Build asset version error: assets/scripts/scenemanagercontroller.cs in SourceAssetDB has modification time of '2024-12-05T16:46:12.6373848Z' while content on disk has modification time of '2024-12-05T16:46:47.2999686Z'
  ERROR: Build asset version error: assets/scripts/scenemanagercontroller.cs in SourceAssetDB has modification time of '2024-12-05T16:46:12.6373848Z' while content on disk has modification time of '2024-12-05T16:46:47.2999686Z'
Number of updated asset objects reloaded before import = 0
Number of asset objects unloaded after import = 0
========================================================================
Received Import Request.
  Time since last request: 0.017005 seconds.
  path: Assets/Scripts/SceneManagerController.cs
  artifactKey: Guid(f8c1f5b52e608604e99a51b88c3fb697) Importer(815301076,1909f56bfc062723c751e8b465ee728b)
Start importing Assets/Scripts/SceneManagerController.cs using Guid(f8c1f5b52e608604e99a51b88c3fb697) Importer(815301076,1909f56bfc062723c751e8b465ee728b) [PhysX] Initialized MultithreadedTaskDispatcher with 4 workers.
 -> (artifact id: '00000000000000000000000000000000') in 0.001289 seconds
Import Error Code:(4)
Message: Build asset version error: assets/scripts/scenemanagercontroller.cs in SourceAssetDB has modification time of '2024-12-05T16:46:12.6373848Z' while content on disk has modification time of '2024-12-05T16:46:47.2999686Z'
  ERROR: Build asset version error: assets/scripts/scenemanagercontroller.cs in SourceAssetDB has modification time of '2024-12-05T16:46:12.6373848Z' while content on disk has modification time of '2024-12-05T16:46:47.2999686Z'
Number of updated asset objects reloaded before import = 0
Number of asset objects unloaded after import = 0
========================================================================
Received Import Request.
  Time since last request: 0.014644 seconds.
  path: Assets/Scripts/SceneManagerController.cs
  artifactKey: Guid(f8c1f5b52e608604e99a51b88c3fb697) Importer(815301076,1909f56bfc062723c751e8b465ee728b)
Start importing Assets/Scripts/SceneManagerController.cs using Guid(f8c1f5b52e608604e99a51b88c3fb697) Importer(815301076,1909f56bfc062723c751e8b465ee728b) [PhysX] Initialized MultithreadedTaskDispatcher with 4 workers.
 -> (artifact id: '00000000000000000000000000000000') in 0.001260 seconds
Import Error Code:(4)
Message: Build asset version error: assets/scripts/scenemanagercontroller.cs in SourceAssetDB has modification time of '2024-12-05T16:46:12.6373848Z' while content on disk has modification time of '2024-12-05T16:46:47.2999686Z'
  ERROR: Build asset version error: assets/scripts/scenemanagercontroller.cs in SourceAssetDB has modification time of '2024-12-05T16:46:12.6373848Z' while content on disk has modification time of '2024-12-05T16:46:47.2999686Z'
Number of updated asset objects reloaded before import = 0
Number of asset objects unloaded after import = 0
========================================================================
Received Import Request.
  Time since last request: 0.015137 seconds.
  path: Assets/Scripts/SceneManagerController.cs
  artifactKey: Guid(f8c1f5b52e608604e99a51b88c3fb697) Importer(815301076,1909f56bfc062723c751e8b465ee728b)
Start importing Assets/Scripts/SceneManagerController.cs using Guid(f8c1f5b52e608604e99a51b88c3fb697) Importer(815301076,1909f56bfc062723c751e8b465ee728b) [PhysX] Initialized MultithreadedTaskDispatcher with 4 workers.
 -> (artifact id: '00000000000000000000000000000000') in 0.001236 seconds
Import Error Code:(4)
Message: Build asset version error: assets/scripts/scenemanagercontroller.cs in SourceAssetDB has modification time of '2024-12-05T16:46:12.6373848Z' while content on disk has modification time of '2024-12-05T16:46:47.2999686Z'
  ERROR: Build asset version error: assets/scripts/scenemanagercontroller.cs in SourceAssetDB has modification time of '2024-12-05T16:46:12.6373848Z' while content on disk has modification time of '2024-12-05T16:46:47.2999686Z'
Number of updated asset objects reloaded before import = 0
Number of asset objects unloaded after import = 0
========================================================================
Received Import Request.
  Time since last request: 0.015249 seconds.
  path: Assets/Scripts/SceneManagerController.cs
  artifactKey: Guid(f8c1f5b52e608604e99a51b88c3fb697) Importer(815301076,1909f56bfc062723c751e8b465ee728b)
Start importing Assets/Scripts/SceneManagerController.cs using Guid(f8c1f5b52e608604e99a51b88c3fb697) Importer(815301076,1909f56bfc062723c751e8b465ee728b) [PhysX] Initialized MultithreadedTaskDispatcher with 4 workers.
 -> (artifact id: '00000000000000000000000000000000') in 0.001061 seconds
Import Error Code:(4)
Message: Build asset version error: assets/scripts/scenemanagercontroller.cs in SourceAssetDB has modification time of '2024-12-05T16:46:12.6373848Z' while content on disk has modification time of '2024-12-05T16:46:47.2999686Z'
  ERROR: Build asset version error: assets/scripts/scenemanagercontroller.cs in SourceAssetDB has modification time of '2024-12-05T16:46:12.6373848Z' while content on disk has modification time of '2024-12-05T16:46:47.2999686Z'
Number of updated asset objects reloaded before import = 0
Number of asset objects unloaded after import = 0
========================================================================
Received Import Request.
  Time since last request: 0.016066 seconds.
  path: Assets/Scripts/SceneManagerController.cs
  artifactKey: Guid(f8c1f5b52e608604e99a51b88c3fb697) Importer(815301076,1909f56bfc062723c751e8b465ee728b)
Start importing Assets/Scripts/SceneManagerController.cs using Guid(f8c1f5b52e608604e99a51b88c3fb697) Importer(815301076,1909f56bfc062723c751e8b465ee728b) [PhysX] Initialized MultithreadedTaskDispatcher with 4 workers.
 -> (artifact id: '00000000000000000000000000000000') in 0.001253 seconds
Import Error Code:(4)
Message: Build asset version error: assets/scripts/scenemanagercontroller.cs in SourceAssetDB has modification time of '2024-12-05T16:46:12.6373848Z' while content on disk has modification time of '2024-12-05T16:46:47.2999686Z'
  ERROR: Build asset version error: assets/scripts/scenemanagercontroller.cs in SourceAssetDB has modification time of '2024-12-05T16:46:12.6373848Z' while content on disk has modification time of '2024-12-05T16:46:47.2999686Z'
Number of updated asset objects reloaded before import = 0
Number of asset objects unloaded after import = 0
========================================================================
Received Import Request.
  Time since last request: 0.018830 seconds.
  path: Assets/Scripts/SceneManagerController.cs
  artifactKey: Guid(f8c1f5b52e608604e99a51b88c3fb697) Importer(815301076,1909f56bfc062723c751e8b465ee728b)
Start importing Assets/Scripts/SceneManagerController.cs using Guid(f8c1f5b52e608604e99a51b88c3fb697) Importer(815301076,1909f56bfc062723c751e8b465ee728b) [PhysX] Initialized MultithreadedTaskDispatcher with 4 workers.
 -> (artifact id: '00000000000000000000000000000000') in 0.001043 seconds
Import Error Code:(4)
Message: Build asset version error: assets/scripts/scenemanagercontroller.cs in SourceAssetDB has modification time of '2024-12-05T16:46:12.6373848Z' while content on disk has modification time of '2024-12-05T16:46:47.2999686Z'
  ERROR: Build asset version error: assets/scripts/scenemanagercontroller.cs in SourceAssetDB has modification time of '2024-12-05T16:46:12.6373848Z' while content on disk has modification time of '2024-12-05T16:46:47.2999686Z'
Number of updated asset objects reloaded before import = 0
Number of asset objects unloaded after import = 0
========================================================================
Received Import Request.
  Time since last request: 0.018676 seconds.
  path: Assets/Scripts/SceneManagerController.cs
  artifactKey: Guid(f8c1f5b52e608604e99a51b88c3fb697) Importer(815301076,1909f56bfc062723c751e8b465ee728b)
Start importing Assets/Scripts/SceneManagerController.cs using Guid(f8c1f5b52e608604e99a51b88c3fb697) Importer(815301076,1909f56bfc062723c751e8b465ee728b) [PhysX] Initialized MultithreadedTaskDispatcher with 4 workers.
 -> (artifact id: '00000000000000000000000000000000') in 0.001384 seconds
Import Error Code:(4)
Message: Build asset version error: assets/scripts/scenemanagercontroller.cs in SourceAssetDB has modification time of '2024-12-05T16:46:12.6373848Z' while content on disk has modification time of '2024-12-05T16:46:47.2999686Z'
  ERROR: Build asset version error: assets/scripts/scenemanagercontroller.cs in SourceAssetDB has modification time of '2024-12-05T16:46:12.6373848Z' while content on disk has modification time of '2024-12-05T16:46:47.2999686Z'
Number of updated asset objects reloaded before import = 0
Number of asset objects unloaded after import = 0
========================================================================
Received Import Request.
  Time since last request: 0.018064 seconds.
  path: Assets/Scripts/SceneManagerController.cs
  artifactKey: Guid(f8c1f5b52e608604e99a51b88c3fb697) Importer(815301076,1909f56bfc062723c751e8b465ee728b)
Start importing Assets/Scripts/SceneManagerController.cs using Guid(f8c1f5b52e608604e99a51b88c3fb697) Importer(815301076,1909f56bfc062723c751e8b465ee728b) [PhysX] Initialized MultithreadedTaskDispatcher with 4 workers.
 -> (artifact id: '00000000000000000000000000000000') in 0.001314 seconds
Import Error Code:(4)
Message: Build asset version error: assets/scripts/scenemanagercontroller.cs in SourceAssetDB has modification time of '2024-12-05T16:46:12.6373848Z' while content on disk has modification time of '2024-12-05T16:46:47.2999686Z'
  ERROR: Build asset version error: assets/scripts/scenemanagercontroller.cs in SourceAssetDB has modification time of '2024-12-05T16:46:12.6373848Z' while content on disk has modification time of '2024-12-05T16:46:47.2999686Z'
Number of updated asset objects reloaded before import = 0
Number of asset objects unloaded after import = 0
========================================================================
Received Import Request.
  Time since last request: 0.016571 seconds.
  path: Assets/Scripts/SceneManagerController.cs
  artifactKey: Guid(f8c1f5b52e608604e99a51b88c3fb697) Importer(815301076,1909f56bfc062723c751e8b465ee728b)
Start importing Assets/Scripts/SceneManagerController.cs using Guid(f8c1f5b52e608604e99a51b88c3fb697) Importer(815301076,1909f56bfc062723c751e8b465ee728b) [PhysX] Initialized MultithreadedTaskDispatcher with 4 workers.
 -> (artifact id: '00000000000000000000000000000000') in 0.000980 seconds
Import Error Code:(4)
Message: Build asset version error: assets/scripts/scenemanagercontroller.cs in SourceAssetDB has modification time of '2024-12-05T16:46:12.6373848Z' while content on disk has modification time of '2024-12-05T16:46:47.2999686Z'
  ERROR: Build asset version error: assets/scripts/scenemanagercontroller.cs in SourceAssetDB has modification time of '2024-12-05T16:46:12.6373848Z' while content on disk has modification time of '2024-12-05T16:46:47.2999686Z'
Number of updated asset objects reloaded before import = 0
Number of asset objects unloaded after import = 0
========================================================================
Received Import Request.
  Time since last request: 0.018364 seconds.
  path: Assets/Scripts/SceneManagerController.cs
  artifactKey: Guid(f8c1f5b52e608604e99a51b88c3fb697) Importer(815301076,1909f56bfc062723c751e8b465ee728b)
Start importing Assets/Scripts/SceneManagerController.cs using Guid(f8c1f5b52e608604e99a51b88c3fb697) Importer(815301076,1909f56bfc062723c751e8b465ee728b) [PhysX] Initialized MultithreadedTaskDispatcher with 4 workers.
 -> (artifact id: '00000000000000000000000000000000') in 0.008817 seconds
Import Error Code:(4)
Message: Build asset version error: assets/scripts/scenemanagercontroller.cs in SourceAssetDB has modification time of '2024-12-05T16:46:12.6373848Z' while content on disk has modification time of '2024-12-05T16:46:47.2999686Z'
  ERROR: Build asset version error: assets/scripts/scenemanagercontroller.cs in SourceAssetDB has modification time of '2024-12-05T16:46:12.6373848Z' while content on disk has modification time of '2024-12-05T16:46:47.2999686Z'
Number of updated asset objects reloaded before import = 0
Number of asset objects unloaded after import = 0
========================================================================
Received Import Request.
  Time since last request: 0.016116 seconds.
  path: Assets/Scripts/SceneManagerController.cs
  artifactKey: Guid(f8c1f5b52e608604e99a51b88c3fb697) Importer(815301076,1909f56bfc062723c751e8b465ee728b)
Start importing Assets/Scripts/SceneManagerController.cs using Guid(f8c1f5b52e608604e99a51b88c3fb697) Importer(815301076,1909f56bfc062723c751e8b465ee728b) [PhysX] Initialized MultithreadedTaskDispatcher with 4 workers.
 -> (artifact id: '00000000000000000000000000000000') in 0.001012 seconds
Import Error Code:(4)
Message: Build asset version error: assets/scripts/scenemanagercontroller.cs in SourceAssetDB has modification time of '2024-12-05T16:46:12.6373848Z' while content on disk has modification time of '2024-12-05T16:46:47.2999686Z'
  ERROR: Build asset version error: assets/scripts/scenemanagercontroller.cs in SourceAssetDB has modification time of '2024-12-05T16:46:12.6373848Z' while content on disk has modification time of '2024-12-05T16:46:47.2999686Z'
Number of updated asset objects reloaded before import = 0
Number of asset objects unloaded after import = 0
========================================================================
Received Import Request.
  Time since last request: 0.017083 seconds.
  path: Assets/Scripts/SceneManagerController.cs
  artifactKey: Guid(f8c1f5b52e608604e99a51b88c3fb697) Importer(815301076,1909f56bfc062723c751e8b465ee728b)
Start importing Assets/Scripts/SceneManagerController.cs using Guid(f8c1f5b52e608604e99a51b88c3fb697) Importer(815301076,1909f56bfc062723c751e8b465ee728b) [PhysX] Initialized MultithreadedTaskDispatcher with 4 workers.
 -> (artifact id: '00000000000000000000000000000000') in 0.001082 seconds
Import Error Code:(4)
Message: Build asset version error: assets/scripts/scenemanagercontroller.cs in SourceAssetDB has modification time of '2024-12-05T16:46:12.6373848Z' while content on disk has modification time of '2024-12-05T16:46:47.2999686Z'
  ERROR: Build asset version error: assets/scripts/scenemanagercontroller.cs in SourceAssetDB has modification time of '2024-12-05T16:46:12.6373848Z' while content on disk has modification time of '2024-12-05T16:46:47.2999686Z'
Number of updated asset objects reloaded before import = 0
Number of asset objects unloaded after import = 0
========================================================================
Received Import Request.
  Time since last request: 0.019116 seconds.
  path: Assets/Scripts/SceneManagerController.cs
  artifactKey: Guid(f8c1f5b52e608604e99a51b88c3fb697) Importer(815301076,1909f56bfc062723c751e8b465ee728b)
Start importing Assets/Scripts/SceneManagerController.cs using Guid(f8c1f5b52e608604e99a51b88c3fb697) Importer(815301076,1909f56bfc062723c751e8b465ee728b) [PhysX] Initialized MultithreadedTaskDispatcher with 4 workers.
 -> (artifact id: '00000000000000000000000000000000') in 0.001089 seconds
Import Error Code:(4)
Message: Build asset version error: assets/scripts/scenemanagercontroller.cs in SourceAssetDB has modification time of '2024-12-05T16:46:12.6373848Z' while content on disk has modification time of '2024-12-05T16:46:47.2999686Z'
  ERROR: Build asset version error: assets/scripts/scenemanagercontroller.cs in SourceAssetDB has modification time of '2024-12-05T16:46:12.6373848Z' while content on disk has modification time of '2024-12-05T16:46:47.2999686Z'
Number of updated asset objects reloaded before import = 0
Number of asset objects unloaded after import = 0
========================================================================
Received Import Request.
  Time since last request: 0.017075 seconds.
  path: Assets/Scripts/SceneManagerController.cs
  artifactKey: Guid(f8c1f5b52e608604e99a51b88c3fb697) Importer(815301076,1909f56bfc062723c751e8b465ee728b)
Start importing Assets/Scripts/SceneManagerController.cs using Guid(f8c1f5b52e608604e99a51b88c3fb697) Importer(815301076,1909f56bfc062723c751e8b465ee728b) [PhysX] Initialized MultithreadedTaskDispatcher with 4 workers.
 -> (artifact id: '00000000000000000000000000000000') in 0.001202 seconds
Import Error Code:(4)
Message: Build asset version error: assets/scripts/scenemanagercontroller.cs in SourceAssetDB has modification time of '2024-12-05T16:46:12.6373848Z' while content on disk has modification time of '2024-12-05T16:46:47.2999686Z'
  ERROR: Build asset version error: assets/scripts/scenemanagercontroller.cs in SourceAssetDB has modification time of '2024-12-05T16:46:12.6373848Z' while content on disk has modification time of '2024-12-05T16:46:47.2999686Z'
Number of updated asset objects reloaded before import = 0
Number of asset objects unloaded after import = 0
========================================================================
Received Import Request.
  Time since last request: 0.015955 seconds.
  path: Assets/Scripts/SceneManagerController.cs
  artifactKey: Guid(f8c1f5b52e608604e99a51b88c3fb697) Importer(815301076,1909f56bfc062723c751e8b465ee728b)
Start importing Assets/Scripts/SceneManagerController.cs using Guid(f8c1f5b52e608604e99a51b88c3fb697) Importer(815301076,1909f56bfc062723c751e8b465ee728b) [PhysX] Initialized MultithreadedTaskDispatcher with 4 workers.
 -> (artifact id: '00000000000000000000000000000000') in 0.001237 seconds
Import Error Code:(4)
Message: Build asset version error: assets/scripts/scenemanagercontroller.cs in SourceAssetDB has modification time of '2024-12-05T16:46:12.6373848Z' while content on disk has modification time of '2024-12-05T16:46:47.2999686Z'
  ERROR: Build asset version error: assets/scripts/scenemanagercontroller.cs in SourceAssetDB has modification time of '2024-12-05T16:46:12.6373848Z' while content on disk has modification time of '2024-12-05T16:46:47.2999686Z'
Number of updated asset objects reloaded before import = 0
Number of asset objects unloaded after import = 0
========================================================================
Received Import Request.
  Time since last request: 0.014535 seconds.
  path: Assets/Scripts/SceneManagerController.cs
  artifactKey: Guid(f8c1f5b52e608604e99a51b88c3fb697) Importer(815301076,1909f56bfc062723c751e8b465ee728b)
Start importing Assets/Scripts/SceneManagerController.cs using Guid(f8c1f5b52e608604e99a51b88c3fb697) Importer(815301076,1909f56bfc062723c751e8b465ee728b) [PhysX] Initialized MultithreadedTaskDispatcher with 4 workers.
 -> (artifact id: '00000000000000000000000000000000') in 0.001038 seconds
Import Error Code:(4)
Message: Build asset version error: assets/scripts/scenemanagercontroller.cs in SourceAssetDB has modification time of '2024-12-05T16:46:12.6373848Z' while content on disk has modification time of '2024-12-05T16:46:47.2999686Z'
  ERROR: Build asset version error: assets/scripts/scenemanagercontroller.cs in SourceAssetDB has modification time of '2024-12-05T16:46:12.6373848Z' while content on disk has modification time of '2024-12-05T16:46:47.2999686Z'
Number of updated asset objects reloaded before import = 0
Number of asset objects unloaded after import = 0
========================================================================
Received Import Request.
  Time since last request: 0.015471 seconds.
  path: Assets/Scripts/SceneManagerController.cs
  artifactKey: Guid(f8c1f5b52e608604e99a51b88c3fb697) Importer(815301076,1909f56bfc062723c751e8b465ee728b)
Start importing Assets/Scripts/SceneManagerController.cs using Guid(f8c1f5b52e608604e99a51b88c3fb697) Importer(815301076,1909f56bfc062723c751e8b465ee728b) [PhysX] Initialized MultithreadedTaskDispatcher with 4 workers.
 -> (artifact id: '00000000000000000000000000000000') in 0.001217 seconds
Import Error Code:(4)
Message: Build asset version error: assets/scripts/scenemanagercontroller.cs in SourceAssetDB has modification time of '2024-12-05T16:46:12.6373848Z' while content on disk has modification time of '2024-12-05T16:46:47.2999686Z'
  ERROR: Build asset version error: assets/scripts/scenemanagercontroller.cs in SourceAssetDB has modification time of '2024-12-05T16:46:12.6373848Z' while content on disk has modification time of '2024-12-05T16:46:47.2999686Z'
Number of updated asset objects reloaded before import = 0
Number of asset objects unloaded after import = 0
========================================================================
Received Import Request.
  Time since last request: 0.021338 seconds.
  path: Assets/Scripts/SceneManagerController.cs
  artifactKey: Guid(f8c1f5b52e608604e99a51b88c3fb697) Importer(815301076,1909f56bfc062723c751e8b465ee728b)
Start importing Assets/Scripts/SceneManagerController.cs using Guid(f8c1f5b52e608604e99a51b88c3fb697) Importer(815301076,1909f56bfc062723c751e8b465ee728b) [PhysX] Initialized MultithreadedTaskDispatcher with 4 workers.
 -> (artifact id: '00000000000000000000000000000000') in 0.004590 seconds
Import Error Code:(4)
Message: Build asset version error: assets/scripts/scenemanagercontroller.cs in SourceAssetDB has modification time of '2024-12-05T16:46:12.6373848Z' while content on disk has modification time of '2024-12-05T16:46:47.2999686Z'
  ERROR: Build asset version error: assets/scripts/scenemanagercontroller.cs in SourceAssetDB has modification time of '2024-12-05T16:46:12.6373848Z' while content on disk has modification time of '2024-12-05T16:46:47.2999686Z'
Number of updated asset objects reloaded before import = 0
Number of asset objects unloaded after import = 0
========================================================================
Received Import Request.
  Time since last request: 0.001436 seconds.
  path: Assets/Scripts/SceneManagerController.cs
  artifactKey: Guid(f8c1f5b52e608604e99a51b88c3fb697) Importer(815301076,1909f56bfc062723c751e8b465ee728b)
Start importing Assets/Scripts/SceneManagerController.cs using Guid(f8c1f5b52e608604e99a51b88c3fb697) Importer(815301076,1909f56bfc062723c751e8b465ee728b) [PhysX] Initialized MultithreadedTaskDispatcher with 4 workers.
 -> (artifact id: '00000000000000000000000000000000') in 0.005022 seconds
Import Error Code:(4)
Message: Build asset version error: assets/scripts/scenemanagercontroller.cs in SourceAssetDB has modification time of '2024-12-05T16:46:12.6373848Z' while content on disk has modification time of '2024-12-05T16:46:47.2999686Z'
  ERROR: Build asset version error: assets/scripts/scenemanagercontroller.cs in SourceAssetDB has modification time of '2024-12-05T16:46:12.6373848Z' while content on disk has modification time of '2024-12-05T16:46:47.2999686Z'
Number of updated asset objects reloaded before import = 0
Number of asset objects unloaded after import = 0
========================================================================
Received Import Request.
  Time since last request: 0.013046 seconds.
  path: Assets/Scripts/SceneManagerController.cs
  artifactKey: Guid(f8c1f5b52e608604e99a51b88c3fb697) Importer(815301076,1909f56bfc062723c751e8b465ee728b)
Start importing Assets/Scripts/SceneManagerController.cs using Guid(f8c1f5b52e608604e99a51b88c3fb697) Importer(815301076,1909f56bfc062723c751e8b465ee728b) [PhysX] Initialized MultithreadedTaskDispatcher with 4 workers.
 -> (artifact id: '00000000000000000000000000000000') in 0.001327 seconds
Import Error Code:(4)
Message: Build asset version error: assets/scripts/scenemanagercontroller.cs in SourceAssetDB has modification time of '2024-12-05T16:46:12.6373848Z' while content on disk has modification time of '2024-12-05T16:46:47.2999686Z'
  ERROR: Build asset version error: assets/scripts/scenemanagercontroller.cs in SourceAssetDB has modification time of '2024-12-05T16:46:12.6373848Z' while content on disk has modification time of '2024-12-05T16:46:47.2999686Z'
Number of updated asset objects reloaded before import = 0
Number of asset objects unloaded after import = 0
========================================================================
Received Import Request.
  Time since last request: 0.016858 seconds.
  path: Assets/Scripts/SceneManagerController.cs
  artifactKey: Guid(f8c1f5b52e608604e99a51b88c3fb697) Importer(815301076,1909f56bfc062723c751e8b465ee728b)
Start importing Assets/Scripts/SceneManagerController.cs using Guid(f8c1f5b52e608604e99a51b88c3fb697) Importer(815301076,1909f56bfc062723c751e8b465ee728b) [PhysX] Initialized MultithreadedTaskDispatcher with 4 workers.
 -> (artifact id: '00000000000000000000000000000000') in 0.001327 seconds
Import Error Code:(4)
Message: Build asset version error: assets/scripts/scenemanagercontroller.cs in SourceAssetDB has modification time of '2024-12-05T16:46:12.6373848Z' while content on disk has modification time of '2024-12-05T16:46:47.2999686Z'
  ERROR: Build asset version error: assets/scripts/scenemanagercontroller.cs in SourceAssetDB has modification time of '2024-12-05T16:46:12.6373848Z' while content on disk has modification time of '2024-12-05T16:46:47.2999686Z'
Number of updated asset objects reloaded before import = 0
Number of asset objects unloaded after import = 0
========================================================================
Received Import Request.
  Time since last request: 0.016658 seconds.
  path: Assets/Scripts/SceneManagerController.cs
  artifactKey: Guid(f8c1f5b52e608604e99a51b88c3fb697) Importer(815301076,1909f56bfc062723c751e8b465ee728b)
Start importing Assets/Scripts/SceneManagerController.cs using Guid(f8c1f5b52e608604e99a51b88c3fb697) Importer(815301076,1909f56bfc062723c751e8b465ee728b) [PhysX] Initialized MultithreadedTaskDispatcher with 4 workers.
 -> (artifact id: '00000000000000000000000000000000') in 0.001254 seconds
Import Error Code:(4)
Message: Build asset version error: assets/scripts/scenemanagercontroller.cs in SourceAssetDB has modification time of '2024-12-05T16:46:12.6373848Z' while content on disk has modification time of '2024-12-05T16:46:47.2999686Z'
  ERROR: Build asset version error: assets/scripts/scenemanagercontroller.cs in SourceAssetDB has modification time of '2024-12-05T16:46:12.6373848Z' while content on disk has modification time of '2024-12-05T16:46:47.2999686Z'
Number of updated asset objects reloaded before import = 0
Number of asset objects unloaded after import = 0
========================================================================
Received Import Request.
  Time since last request: 0.015381 seconds.
  path: Assets/Scripts/SceneManagerController.cs
  artifactKey: Guid(f8c1f5b52e608604e99a51b88c3fb697) Importer(815301076,1909f56bfc062723c751e8b465ee728b)
Start importing Assets/Scripts/SceneManagerController.cs using Guid(f8c1f5b52e608604e99a51b88c3fb697) Importer(815301076,1909f56bfc062723c751e8b465ee728b) [PhysX] Initialized MultithreadedTaskDispatcher with 4 workers.
 -> (artifact id: '00000000000000000000000000000000') in 0.001308 seconds
Import Error Code:(4)
Message: Build asset version error: assets/scripts/scenemanagercontroller.cs in SourceAssetDB has modification time of '2024-12-05T16:46:12.6373848Z' while content on disk has modification time of '2024-12-05T16:46:47.2999686Z'
  ERROR: Build asset version error: assets/scripts/scenemanagercontroller.cs in SourceAssetDB has modification time of '2024-12-05T16:46:12.6373848Z' while content on disk has modification time of '2024-12-05T16:46:47.2999686Z'
Number of updated asset objects reloaded before import = 0
Number of asset objects unloaded after import = 0
========================================================================
Received Import Request.
  Time since last request: 0.016794 seconds.
  path: Assets/Scripts/SceneManagerController.cs
  artifactKey: Guid(f8c1f5b52e608604e99a51b88c3fb697) Importer(815301076,1909f56bfc062723c751e8b465ee728b)
Start importing Assets/Scripts/SceneManagerController.cs using Guid(f8c1f5b52e608604e99a51b88c3fb697) Importer(815301076,1909f56bfc062723c751e8b465ee728b) [PhysX] Initialized MultithreadedTaskDispatcher with 4 workers.
 -> (artifact id: '00000000000000000000000000000000') in 0.001762 seconds
Import Error Code:(4)
Message: Build asset version error: assets/scripts/scenemanagercontroller.cs in SourceAssetDB has modification time of '2024-12-05T16:46:12.6373848Z' while content on disk has modification time of '2024-12-05T16:46:47.2999686Z'
  ERROR: Build asset version error: assets/scripts/scenemanagercontroller.cs in SourceAssetDB has modification time of '2024-12-05T16:46:12.6373848Z' while content on disk has modification time of '2024-12-05T16:46:47.2999686Z'
Number of updated asset objects reloaded before import = 0
Number of asset objects unloaded after import = 0
========================================================================
Received Import Request.
  Time since last request: 0.016330 seconds.
  path: Assets/Scripts/SceneManagerController.cs
  artifactKey: Guid(f8c1f5b52e608604e99a51b88c3fb697) Importer(815301076,1909f56bfc062723c751e8b465ee728b)
Start importing Assets/Scripts/SceneManagerController.cs using Guid(f8c1f5b52e608604e99a51b88c3fb697) Importer(815301076,1909f56bfc062723c751e8b465ee728b) [PhysX] Initialized MultithreadedTaskDispatcher with 4 workers.
 -> (artifact id: '00000000000000000000000000000000') in 0.001259 seconds
Import Error Code:(4)
Message: Build asset version error: assets/scripts/scenemanagercontroller.cs in SourceAssetDB has modification time of '2024-12-05T16:46:12.6373848Z' while content on disk has modification time of '2024-12-05T16:46:47.2999686Z'
  ERROR: Build asset version error: assets/scripts/scenemanagercontroller.cs in SourceAssetDB has modification time of '2024-12-05T16:46:12.6373848Z' while content on disk has modification time of '2024-12-05T16:46:47.2999686Z'
Number of updated asset objects reloaded before import = 0
Number of asset objects unloaded after import = 0
========================================================================
Received Import Request.
  Time since last request: 0.015362 seconds.
  path: Assets/Scripts/SceneManagerController.cs
  artifactKey: Guid(f8c1f5b52e608604e99a51b88c3fb697) Importer(815301076,1909f56bfc062723c751e8b465ee728b)
Start importing Assets/Scripts/SceneManagerController.cs using Guid(f8c1f5b52e608604e99a51b88c3fb697) Importer(815301076,1909f56bfc062723c751e8b465ee728b) [PhysX] Initialized MultithreadedTaskDispatcher with 4 workers.
 -> (artifact id: '00000000000000000000000000000000') in 0.001112 seconds
Import Error Code:(4)
Message: Build asset version error: assets/scripts/scenemanagercontroller.cs in SourceAssetDB has modification time of '2024-12-05T16:46:12.6373848Z' while content on disk has modification time of '2024-12-05T16:46:47.2999686Z'
  ERROR: Build asset version error: assets/scripts/scenemanagercontroller.cs in SourceAssetDB has modification time of '2024-12-05T16:46:12.6373848Z' while content on disk has modification time of '2024-12-05T16:46:47.2999686Z'
Number of updated asset objects reloaded before import = 0
Number of asset objects unloaded after import = 0
========================================================================
Received Import Request.
  Time since last request: 0.046058 seconds.
  path: Assets/Scripts/SceneManagerController.cs
  artifactKey: Guid(f8c1f5b52e608604e99a51b88c3fb697) Importer(815301076,1909f56bfc062723c751e8b465ee728b)
Start importing Assets/Scripts/SceneManagerController.cs using Guid(f8c1f5b52e608604e99a51b88c3fb697) Importer(815301076,1909f56bfc062723c751e8b465ee728b) [PhysX] Initialized MultithreadedTaskDispatcher with 4 workers.
 -> (artifact id: '00000000000000000000000000000000') in 0.001708 seconds
Import Error Code:(4)
Message: Build asset version error: assets/scripts/scenemanagercontroller.cs in SourceAssetDB has modification time of '2024-12-05T16:46:12.6373848Z' while content on disk has modification time of '2024-12-05T16:46:47.2999686Z'
  ERROR: Build asset version error: assets/scripts/scenemanagercontroller.cs in SourceAssetDB has modification time of '2024-12-05T16:46:12.6373848Z' while content on disk has modification time of '2024-12-05T16:46:47.2999686Z'
Number of updated asset objects reloaded before import = 0
Number of asset objects unloaded after import = 0
========================================================================
Received Import Request.
  Time since last request: 0.020282 seconds.
  path: Assets/Scripts/SceneManagerController.cs
  artifactKey: Guid(f8c1f5b52e608604e99a51b88c3fb697) Importer(815301076,1909f56bfc062723c751e8b465ee728b)
Start importing Assets/Scripts/SceneManagerController.cs using Guid(f8c1f5b52e608604e99a51b88c3fb697) Importer(815301076,1909f56bfc062723c751e8b465ee728b) [PhysX] Initialized MultithreadedTaskDispatcher with 4 workers.
 -> (artifact id: '00000000000000000000000000000000') in 0.001509 seconds
Import Error Code:(4)
Message: Build asset version error: assets/scripts/scenemanagercontroller.cs in SourceAssetDB has modification time of '2024-12-05T16:46:12.6373848Z' while content on disk has modification time of '2024-12-05T16:46:47.2999686Z'
  ERROR: Build asset version error: assets/scripts/scenemanagercontroller.cs in SourceAssetDB has modification time of '2024-12-05T16:46:12.6373848Z' while content on disk has modification time of '2024-12-05T16:46:47.2999686Z'
Number of updated asset objects reloaded before import = 0
Number of asset objects unloaded after import = 0
========================================================================
Received Import Request.
  Time since last request: 0.002767 seconds.
  path: Assets/Scripts/SceneManagerController.cs
  artifactKey: Guid(f8c1f5b52e608604e99a51b88c3fb697) Importer(815301076,1909f56bfc062723c751e8b465ee728b)
Start importing Assets/Scripts/SceneManagerController.cs using Guid(f8c1f5b52e608604e99a51b88c3fb697) Importer(815301076,1909f56bfc062723c751e8b465ee728b) [PhysX] Initialized MultithreadedTaskDispatcher with 4 workers.
 -> (artifact id: '00000000000000000000000000000000') in 0.001252 seconds
Import Error Code:(4)
Message: Build asset version error: assets/scripts/scenemanagercontroller.cs in SourceAssetDB has modification time of '2024-12-05T16:46:12.6373848Z' while content on disk has modification time of '2024-12-05T16:46:47.2999686Z'
  ERROR: Build asset version error: assets/scripts/scenemanagercontroller.cs in SourceAssetDB has modification time of '2024-12-05T16:46:12.6373848Z' while content on disk has modification time of '2024-12-05T16:46:47.2999686Z'
Number of updated asset objects reloaded before import = 0
Number of asset objects unloaded after import = 0
========================================================================
Received Import Request.
  Time since last request: 0.014737 seconds.
  path: Assets/Scripts/SceneManagerController.cs
  artifactKey: Guid(f8c1f5b52e608604e99a51b88c3fb697) Importer(815301076,1909f56bfc062723c751e8b465ee728b)
Start importing Assets/Scripts/SceneManagerController.cs using Guid(f8c1f5b52e608604e99a51b88c3fb697) Importer(815301076,1909f56bfc062723c751e8b465ee728b) [PhysX] Initialized MultithreadedTaskDispatcher with 4 workers.
 -> (artifact id: '00000000000000000000000000000000') in 0.001474 seconds
Import Error Code:(4)
Message: Build asset version error: assets/scripts/scenemanagercontroller.cs in SourceAssetDB has modification time of '2024-12-05T16:46:12.6373848Z' while content on disk has modification time of '2024-12-05T16:46:47.2999686Z'
  ERROR: Build asset version error: assets/scripts/scenemanagercontroller.cs in SourceAssetDB has modification time of '2024-12-05T16:46:12.6373848Z' while content on disk has modification time of '2024-12-05T16:46:47.2999686Z'
Number of updated asset objects reloaded before import = 0
Number of asset objects unloaded after import = 0
========================================================================
Received Import Request.
  Time since last request: 0.016684 seconds.
  path: Assets/Scripts/SceneManagerController.cs
  artifactKey: Guid(f8c1f5b52e608604e99a51b88c3fb697) Importer(815301076,1909f56bfc062723c751e8b465ee728b)
Start importing Assets/Scripts/SceneManagerController.cs using Guid(f8c1f5b52e608604e99a51b88c3fb697) Importer(815301076,1909f56bfc062723c751e8b465ee728b) [PhysX] Initialized MultithreadedTaskDispatcher with 4 workers.
 -> (artifact id: '00000000000000000000000000000000') in 0.001187 seconds
Import Error Code:(4)
Message: Build asset version error: assets/scripts/scenemanagercontroller.cs in SourceAssetDB has modification time of '2024-12-05T16:46:12.6373848Z' while content on disk has modification time of '2024-12-05T16:46:47.2999686Z'
  ERROR: Build asset version error: assets/scripts/scenemanagercontroller.cs in SourceAssetDB has modification time of '2024-12-05T16:46:12.6373848Z' while content on disk has modification time of '2024-12-05T16:46:47.2999686Z'
Number of updated asset objects reloaded before import = 0
Number of asset objects unloaded after import = 0
========================================================================
Received Import Request.
  Time since last request: 0.014953 seconds.
  path: Assets/Scripts/SceneManagerController.cs
  artifactKey: Guid(f8c1f5b52e608604e99a51b88c3fb697) Importer(815301076,1909f56bfc062723c751e8b465ee728b)
Start importing Assets/Scripts/SceneManagerController.cs using Guid(f8c1f5b52e608604e99a51b88c3fb697) Importer(815301076,1909f56bfc062723c751e8b465ee728b) [PhysX] Initialized MultithreadedTaskDispatcher with 4 workers.
 -> (artifact id: '00000000000000000000000000000000') in 0.001871 seconds
Import Error Code:(4)
Message: Build asset version error: assets/scripts/scenemanagercontroller.cs in SourceAssetDB has modification time of '2024-12-05T16:46:12.6373848Z' while content on disk has modification time of '2024-12-05T16:46:47.2999686Z'
  ERROR: Build asset version error: assets/scripts/scenemanagercontroller.cs in SourceAssetDB has modification time of '2024-12-05T16:46:12.6373848Z' while content on disk has modification time of '2024-12-05T16:46:47.2999686Z'
Number of updated asset objects reloaded before import = 0
Number of asset objects unloaded after import = 0
========================================================================
Received Import Request.
  Time since last request: 0.014512 seconds.
  path: Assets/Scripts/SceneManagerController.cs
  artifactKey: Guid(f8c1f5b52e608604e99a51b88c3fb697) Importer(815301076,1909f56bfc062723c751e8b465ee728b)
Start importing Assets/Scripts/SceneManagerController.cs using Guid(f8c1f5b52e608604e99a51b88c3fb697) Importer(815301076,1909f56bfc062723c751e8b465ee728b) [PhysX] Initialized MultithreadedTaskDispatcher with 4 workers.
 -> (artifact id: '00000000000000000000000000000000') in 0.001298 seconds
Import Error Code:(4)
Message: Build asset version error: assets/scripts/scenemanagercontroller.cs in SourceAssetDB has modification time of '2024-12-05T16:46:12.6373848Z' while content on disk has modification time of '2024-12-05T16:46:47.2999686Z'
  ERROR: Build asset version error: assets/scripts/scenemanagercontroller.cs in SourceAssetDB has modification time of '2024-12-05T16:46:12.6373848Z' while content on disk has modification time of '2024-12-05T16:46:47.2999686Z'
Number of updated asset objects reloaded before import = 0
Number of asset objects unloaded after import = 0
========================================================================
Received Import Request.
  Time since last request: 0.015340 seconds.
  path: Assets/Scripts/SceneManagerController.cs
  artifactKey: Guid(f8c1f5b52e608604e99a51b88c3fb697) Importer(815301076,1909f56bfc062723c751e8b465ee728b)
Start importing Assets/Scripts/SceneManagerController.cs using Guid(f8c1f5b52e608604e99a51b88c3fb697) Importer(815301076,1909f56bfc062723c751e8b465ee728b) [PhysX] Initialized MultithreadedTaskDispatcher with 4 workers.
 -> (artifact id: '00000000000000000000000000000000') in 0.001365 seconds
Import Error Code:(4)
Message: Build asset version error: assets/scripts/scenemanagercontroller.cs in SourceAssetDB has modification time of '2024-12-05T16:46:12.6373848Z' while content on disk has modification time of '2024-12-05T16:46:47.2999686Z'
  ERROR: Build asset version error: assets/scripts/scenemanagercontroller.cs in SourceAssetDB has modification time of '2024-12-05T16:46:12.6373848Z' while content on disk has modification time of '2024-12-05T16:46:47.2999686Z'
Number of updated asset objects reloaded before import = 0
Number of asset objects unloaded after import = 0
========================================================================
Received Import Request.
  Time since last request: 0.016977 seconds.
  path: Assets/Scripts/SceneManagerController.cs
  artifactKey: Guid(f8c1f5b52e608604e99a51b88c3fb697) Importer(815301076,1909f56bfc062723c751e8b465ee728b)
Start importing Assets/Scripts/SceneManagerController.cs using Guid(f8c1f5b52e608604e99a51b88c3fb697) Importer(815301076,1909f56bfc062723c751e8b465ee728b) [PhysX] Initialized MultithreadedTaskDispatcher with 4 workers.
 -> (artifact id: '00000000000000000000000000000000') in 0.001264 seconds
Import Error Code:(4)
Message: Build asset version error: assets/scripts/scenemanagercontroller.cs in SourceAssetDB has modification time of '2024-12-05T16:46:12.6373848Z' while content on disk has modification time of '2024-12-05T16:46:47.2999686Z'
  ERROR: Build asset version error: assets/scripts/scenemanagercontroller.cs in SourceAssetDB has modification time of '2024-12-05T16:46:12.6373848Z' while content on disk has modification time of '2024-12-05T16:46:47.2999686Z'
Number of updated asset objects reloaded before import = 0
Number of asset objects unloaded after import = 0
========================================================================
Received Import Request.
  Time since last request: 0.017007 seconds.
  path: Assets/Scripts/SceneManagerController.cs
  artifactKey: Guid(f8c1f5b52e608604e99a51b88c3fb697) Importer(815301076,1909f56bfc062723c751e8b465ee728b)
Start importing Assets/Scripts/SceneManagerController.cs using Guid(f8c1f5b52e608604e99a51b88c3fb697) Importer(815301076,1909f56bfc062723c751e8b465ee728b) [PhysX] Initialized MultithreadedTaskDispatcher with 4 workers.
 -> (artifact id: '00000000000000000000000000000000') in 0.001284 seconds
Import Error Code:(4)
Message: Build asset version error: assets/scripts/scenemanagercontroller.cs in SourceAssetDB has modification time of '2024-12-05T16:46:12.6373848Z' while content on disk has modification time of '2024-12-05T16:46:47.2999686Z'
  ERROR: Build asset version error: assets/scripts/scenemanagercontroller.cs in SourceAssetDB has modification time of '2024-12-05T16:46:12.6373848Z' while content on disk has modification time of '2024-12-05T16:46:47.2999686Z'
Number of updated asset objects reloaded before import = 0
Number of asset objects unloaded after import = 0
========================================================================
Received Import Request.
  Time since last request: 0.017002 seconds.
  path: Assets/Scripts/SceneManagerController.cs
  artifactKey: Guid(f8c1f5b52e608604e99a51b88c3fb697) Importer(815301076,1909f56bfc062723c751e8b465ee728b)
Start importing Assets/Scripts/SceneManagerController.cs using Guid(f8c1f5b52e608604e99a51b88c3fb697) Importer(815301076,1909f56bfc062723c751e8b465ee728b) [PhysX] Initialized MultithreadedTaskDispatcher with 4 workers.
 -> (artifact id: '00000000000000000000000000000000') in 0.001218 seconds
Import Error Code:(4)
Message: Build asset version error: assets/scripts/scenemanagercontroller.cs in SourceAssetDB has modification time of '2024-12-05T16:46:12.6373848Z' while content on disk has modification time of '2024-12-05T16:46:47.2999686Z'
  ERROR: Build asset version error: assets/scripts/scenemanagercontroller.cs in SourceAssetDB has modification time of '2024-12-05T16:46:12.6373848Z' while content on disk has modification time of '2024-12-05T16:46:47.2999686Z'
Number of updated asset objects reloaded before import = 0
Number of asset objects unloaded after import = 0
========================================================================
Received Import Request.
  Time since last request: 0.016156 seconds.
  path: Assets/Scripts/SceneManagerController.cs
  artifactKey: Guid(f8c1f5b52e608604e99a51b88c3fb697) Importer(815301076,1909f56bfc062723c751e8b465ee728b)
Start importing Assets/Scripts/SceneManagerController.cs using Guid(f8c1f5b52e608604e99a51b88c3fb697) Importer(815301076,1909f56bfc062723c751e8b465ee728b) [PhysX] Initialized MultithreadedTaskDispatcher with 4 workers.
 -> (artifact id: '00000000000000000000000000000000') in 0.001231 seconds
Import Error Code:(4)
Message: Build asset version error: assets/scripts/scenemanagercontroller.cs in SourceAssetDB has modification time of '2024-12-05T16:46:12.6373848Z' while content on disk has modification time of '2024-12-05T16:46:47.2999686Z'
  ERROR: Build asset version error: assets/scripts/scenemanagercontroller.cs in SourceAssetDB has modification time of '2024-12-05T16:46:12.6373848Z' while content on disk has modification time of '2024-12-05T16:46:47.2999686Z'
Number of updated asset objects reloaded before import = 0
Number of asset objects unloaded after import = 0
========================================================================
Received Import Request.
  Time since last request: 0.015519 seconds.
  path: Assets/Scripts/SceneManagerController.cs
  artifactKey: Guid(f8c1f5b52e608604e99a51b88c3fb697) Importer(815301076,1909f56bfc062723c751e8b465ee728b)
Start importing Assets/Scripts/SceneManagerController.cs using Guid(f8c1f5b52e608604e99a51b88c3fb697) Importer(815301076,1909f56bfc062723c751e8b465ee728b) [PhysX] Initialized MultithreadedTaskDispatcher with 4 workers.
 -> (artifact id: '00000000000000000000000000000000') in 0.001121 seconds
Import Error Code:(4)
Message: Build asset version error: assets/scripts/scenemanagercontroller.cs in SourceAssetDB has modification time of '2024-12-05T16:46:12.6373848Z' while content on disk has modification time of '2024-12-05T16:46:47.2999686Z'
  ERROR: Build asset version error: assets/scripts/scenemanagercontroller.cs in SourceAssetDB has modification time of '2024-12-05T16:46:12.6373848Z' while content on disk has modification time of '2024-12-05T16:46:47.2999686Z'
Number of updated asset objects reloaded before import = 0
Number of asset objects unloaded after import = 0
========================================================================
Received Import Request.
  Time since last request: 0.016662 seconds.
  path: Assets/Scripts/SceneManagerController.cs
  artifactKey: Guid(f8c1f5b52e608604e99a51b88c3fb697) Importer(815301076,1909f56bfc062723c751e8b465ee728b)
Start importing Assets/Scripts/SceneManagerController.cs using Guid(f8c1f5b52e608604e99a51b88c3fb697) Importer(815301076,1909f56bfc062723c751e8b465ee728b) [PhysX] Initialized MultithreadedTaskDispatcher with 4 workers.
 -> (artifact id: '00000000000000000000000000000000') in 0.001822 seconds
Import Error Code:(4)
Message: Build asset version error: assets/scripts/scenemanagercontroller.cs in SourceAssetDB has modification time of '2024-12-05T16:46:12.6373848Z' while content on disk has modification time of '2024-12-05T16:46:47.2999686Z'
  ERROR: Build asset version error: assets/scripts/scenemanagercontroller.cs in SourceAssetDB has modification time of '2024-12-05T16:46:12.6373848Z' while content on disk has modification time of '2024-12-05T16:46:47.2999686Z'
Number of updated asset objects reloaded before import = 0
Number of asset objects unloaded after import = 0
========================================================================
Received Import Request.
  Time since last request: 0.016538 seconds.
  path: Assets/Scripts/SceneManagerController.cs
  artifactKey: Guid(f8c1f5b52e608604e99a51b88c3fb697) Importer(815301076,1909f56bfc062723c751e8b465ee728b)
Start importing Assets/Scripts/SceneManagerController.cs using Guid(f8c1f5b52e608604e99a51b88c3fb697) Importer(815301076,1909f56bfc062723c751e8b465ee728b) [PhysX] Initialized MultithreadedTaskDispatcher with 4 workers.
 -> (artifact id: '00000000000000000000000000000000') in 0.001376 seconds
Import Error Code:(4)
Message: Build asset version error: assets/scripts/scenemanagercontroller.cs in SourceAssetDB has modification time of '2024-12-05T16:46:12.6373848Z' while content on disk has modification time of '2024-12-05T16:46:47.2999686Z'
  ERROR: Build asset version error: assets/scripts/scenemanagercontroller.cs in SourceAssetDB has modification time of '2024-12-05T16:46:12.6373848Z' while content on disk has modification time of '2024-12-05T16:46:47.2999686Z'
Number of updated asset objects reloaded before import = 0
Number of asset objects unloaded after import = 0
========================================================================
Received Import Request.
  Time since last request: 0.016152 seconds.
  path: Assets/Scripts/SceneManagerController.cs
  artifactKey: Guid(f8c1f5b52e608604e99a51b88c3fb697) Importer(815301076,1909f56bfc062723c751e8b465ee728b)
Start importing Assets/Scripts/SceneManagerController.cs using Guid(f8c1f5b52e608604e99a51b88c3fb697) Importer(815301076,1909f56bfc062723c751e8b465ee728b) [PhysX] Initialized MultithreadedTaskDispatcher with 4 workers.
 -> (artifact id: '00000000000000000000000000000000') in 0.001144 seconds
Import Error Code:(4)
Message: Build asset version error: assets/scripts/scenemanagercontroller.cs in SourceAssetDB has modification time of '2024-12-05T16:46:12.6373848Z' while content on disk has modification time of '2024-12-05T16:46:47.2999686Z'
  ERROR: Build asset version error: assets/scripts/scenemanagercontroller.cs in SourceAssetDB has modification time of '2024-12-05T16:46:12.6373848Z' while content on disk has modification time of '2024-12-05T16:46:47.2999686Z'
Number of updated asset objects reloaded before import = 0
Number of asset objects unloaded after import = 0
========================================================================
Received Import Request.
  Time since last request: 0.016126 seconds.
  path: Assets/Scripts/SceneManagerController.cs
  artifactKey: Guid(f8c1f5b52e608604e99a51b88c3fb697) Importer(815301076,1909f56bfc062723c751e8b465ee728b)
Start importing Assets/Scripts/SceneManagerController.cs using Guid(f8c1f5b52e608604e99a51b88c3fb697) Importer(815301076,1909f56bfc062723c751e8b465ee728b) [PhysX] Initialized MultithreadedTaskDispatcher with 4 workers.
 -> (artifact id: '00000000000000000000000000000000') in 0.001097 seconds
Import Error Code:(4)
Message: Build asset version error: assets/scripts/scenemanagercontroller.cs in SourceAssetDB has modification time of '2024-12-05T16:46:12.6373848Z' while content on disk has modification time of '2024-12-05T16:46:47.2999686Z'
  ERROR: Build asset version error: assets/scripts/scenemanagercontroller.cs in SourceAssetDB has modification time of '2024-12-05T16:46:12.6373848Z' while content on disk has modification time of '2024-12-05T16:46:47.2999686Z'
Number of updated asset objects reloaded before import = 0
Number of asset objects unloaded after import = 0
========================================================================
Received Import Request.
  Time since last request: 0.016364 seconds.
  path: Assets/Scripts/SceneManagerController.cs
  artifactKey: Guid(f8c1f5b52e608604e99a51b88c3fb697) Importer(815301076,1909f56bfc062723c751e8b465ee728b)
Start importing Assets/Scripts/SceneManagerController.cs using Guid(f8c1f5b52e608604e99a51b88c3fb697) Importer(815301076,1909f56bfc062723c751e8b465ee728b) [PhysX] Initialized MultithreadedTaskDispatcher with 4 workers.
 -> (artifact id: '00000000000000000000000000000000') in 0.001029 seconds
Import Error Code:(4)
Message: Build asset version error: assets/scripts/scenemanagercontroller.cs in SourceAssetDB has modification time of '2024-12-05T16:46:12.6373848Z' while content on disk has modification time of '2024-12-05T16:46:47.2999686Z'
  ERROR: Build asset version error: assets/scripts/scenemanagercontroller.cs in SourceAssetDB has modification time of '2024-12-05T16:46:12.6373848Z' while content on disk has modification time of '2024-12-05T16:46:47.2999686Z'
Number of updated asset objects reloaded before import = 0
Number of asset objects unloaded after import = 0
========================================================================
Received Import Request.
  Time since last request: 0.015792 seconds.
  path: Assets/Scripts/SceneManagerController.cs
  artifactKey: Guid(f8c1f5b52e608604e99a51b88c3fb697) Importer(815301076,1909f56bfc062723c751e8b465ee728b)
Start importing Assets/Scripts/SceneManagerController.cs using Guid(f8c1f5b52e608604e99a51b88c3fb697) Importer(815301076,1909f56bfc062723c751e8b465ee728b) [PhysX] Initialized MultithreadedTaskDispatcher with 4 workers.
 -> (artifact id: '00000000000000000000000000000000') in 0.001114 seconds
Import Error Code:(4)
Message: Build asset version error: assets/scripts/scenemanagercontroller.cs in SourceAssetDB has modification time of '2024-12-05T16:46:12.6373848Z' while content on disk has modification time of '2024-12-05T16:46:47.2999686Z'
  ERROR: Build asset version error: assets/scripts/scenemanagercontroller.cs in SourceAssetDB has modification time of '2024-12-05T16:46:12.6373848Z' while content on disk has modification time of '2024-12-05T16:46:47.2999686Z'
Number of updated asset objects reloaded before import = 0
Number of asset objects unloaded after import = 0
========================================================================
Received Import Request.
  Time since last request: 0.018504 seconds.
  path: Assets/Scripts/SceneManagerController.cs
  artifactKey: Guid(f8c1f5b52e608604e99a51b88c3fb697) Importer(815301076,1909f56bfc062723c751e8b465ee728b)
Start importing Assets/Scripts/SceneManagerController.cs using Guid(f8c1f5b52e608604e99a51b88c3fb697) Importer(815301076,1909f56bfc062723c751e8b465ee728b) [PhysX] Initialized MultithreadedTaskDispatcher with 4 workers.
 -> (artifact id: '00000000000000000000000000000000') in 0.001318 seconds
Import Error Code:(4)
Message: Build asset version error: assets/scripts/scenemanagercontroller.cs in SourceAssetDB has modification time of '2024-12-05T16:46:12.6373848Z' while content on disk has modification time of '2024-12-05T16:46:47.2999686Z'
  ERROR: Build asset version error: assets/scripts/scenemanagercontroller.cs in SourceAssetDB has modification time of '2024-12-05T16:46:12.6373848Z' while content on disk has modification time of '2024-12-05T16:46:47.2999686Z'
Number of updated asset objects reloaded before import = 0
Number of asset objects unloaded after import = 0
========================================================================
Received Import Request.
  Time since last request: 0.016159 seconds.
  path: Assets/Scripts/SceneManagerController.cs
  artifactKey: Guid(f8c1f5b52e608604e99a51b88c3fb697) Importer(815301076,1909f56bfc062723c751e8b465ee728b)
Start importing Assets/Scripts/SceneManagerController.cs using Guid(f8c1f5b52e608604e99a51b88c3fb697) Importer(815301076,1909f56bfc062723c751e8b465ee728b) [PhysX] Initialized MultithreadedTaskDispatcher with 4 workers.
 -> (artifact id: '00000000000000000000000000000000') in 0.002192 seconds
Import Error Code:(4)
Message: Build asset version error: assets/scripts/scenemanagercontroller.cs in SourceAssetDB has modification time of '2024-12-05T16:46:12.6373848Z' while content on disk has modification time of '2024-12-05T16:46:47.2999686Z'
  ERROR: Build asset version error: assets/scripts/scenemanagercontroller.cs in SourceAssetDB has modification time of '2024-12-05T16:46:12.6373848Z' while content on disk has modification time of '2024-12-05T16:46:47.2999686Z'
Number of updated asset objects reloaded before import = 0
Number of asset objects unloaded after import = 0
========================================================================
Received Import Request.
  Time since last request: 0.016167 seconds.
  path: Assets/Scripts/SceneManagerController.cs
  artifactKey: Guid(f8c1f5b52e608604e99a51b88c3fb697) Importer(815301076,1909f56bfc062723c751e8b465ee728b)
Start importing Assets/Scripts/SceneManagerController.cs using Guid(f8c1f5b52e608604e99a51b88c3fb697) Importer(815301076,1909f56bfc062723c751e8b465ee728b) [PhysX] Initialized MultithreadedTaskDispatcher with 4 workers.
 -> (artifact id: '00000000000000000000000000000000') in 0.001080 seconds
Import Error Code:(4)
Message: Build asset version error: assets/scripts/scenemanagercontroller.cs in SourceAssetDB has modification time of '2024-12-05T16:46:12.6373848Z' while content on disk has modification time of '2024-12-05T16:46:47.2999686Z'
  ERROR: Build asset version error: assets/scripts/scenemanagercontroller.cs in SourceAssetDB has modification time of '2024-12-05T16:46:12.6373848Z' while content on disk has modification time of '2024-12-05T16:46:47.2999686Z'
Number of updated asset objects reloaded before import = 0
Number of asset objects unloaded after import = 0
========================================================================
Received Import Request.
  Time since last request: 0.015747 seconds.
  path: Assets/Scripts/SceneManagerController.cs
  artifactKey: Guid(f8c1f5b52e608604e99a51b88c3fb697) Importer(815301076,1909f56bfc062723c751e8b465ee728b)
Start importing Assets/Scripts/SceneManagerController.cs using Guid(f8c1f5b52e608604e99a51b88c3fb697) Importer(815301076,1909f56bfc062723c751e8b465ee728b) [PhysX] Initialized MultithreadedTaskDispatcher with 4 workers.
 -> (artifact id: '00000000000000000000000000000000') in 0.001058 seconds
Import Error Code:(4)
Message: Build asset version error: assets/scripts/scenemanagercontroller.cs in SourceAssetDB has modification time of '2024-12-05T16:46:12.6373848Z' while content on disk has modification time of '2024-12-05T16:46:47.2999686Z'
  ERROR: Build asset version error: assets/scripts/scenemanagercontroller.cs in SourceAssetDB has modification time of '2024-12-05T16:46:12.6373848Z' while content on disk has modification time of '2024-12-05T16:46:47.2999686Z'
Number of updated asset objects reloaded before import = 0
Number of asset objects unloaded after import = 0
========================================================================
Received Import Request.
  Time since last request: 0.014083 seconds.
  path: Assets/Scripts/SceneManagerController.cs
  artifactKey: Guid(f8c1f5b52e608604e99a51b88c3fb697) Importer(815301076,1909f56bfc062723c751e8b465ee728b)
Start importing Assets/Scripts/SceneManagerController.cs using Guid(f8c1f5b52e608604e99a51b88c3fb697) Importer(815301076,1909f56bfc062723c751e8b465ee728b) [PhysX] Initialized MultithreadedTaskDispatcher with 4 workers.
 -> (artifact id: '00000000000000000000000000000000') in 0.001075 seconds
Import Error Code:(4)
Message: Build asset version error: assets/scripts/scenemanagercontroller.cs in SourceAssetDB has modification time of '2024-12-05T16:46:12.6373848Z' while content on disk has modification time of '2024-12-05T16:46:47.2999686Z'
  ERROR: Build asset version error: assets/scripts/scenemanagercontroller.cs in SourceAssetDB has modification time of '2024-12-05T16:46:12.6373848Z' while content on disk has modification time of '2024-12-05T16:46:47.2999686Z'
Number of updated asset objects reloaded before import = 0
Number of asset objects unloaded after import = 0
========================================================================
Received Import Request.
  Time since last request: 0.015291 seconds.
  path: Assets/Scripts/SceneManagerController.cs
  artifactKey: Guid(f8c1f5b52e608604e99a51b88c3fb697) Importer(815301076,1909f56bfc062723c751e8b465ee728b)
Start importing Assets/Scripts/SceneManagerController.cs using Guid(f8c1f5b52e608604e99a51b88c3fb697) Importer(815301076,1909f56bfc062723c751e8b465ee728b) [PhysX] Initialized MultithreadedTaskDispatcher with 4 workers.
 -> (artifact id: '00000000000000000000000000000000') in 0.001021 seconds
Import Error Code:(4)
Message: Build asset version error: assets/scripts/scenemanagercontroller.cs in SourceAssetDB has modification time of '2024-12-05T16:46:12.6373848Z' while content on disk has modification time of '2024-12-05T16:46:47.2999686Z'
  ERROR: Build asset version error: assets/scripts/scenemanagercontroller.cs in SourceAssetDB has modification time of '2024-12-05T16:46:12.6373848Z' while content on disk has modification time of '2024-12-05T16:46:47.2999686Z'
Number of updated asset objects reloaded before import = 0
Number of asset objects unloaded after import = 0
========================================================================
Received Import Request.
  Time since last request: 0.016665 seconds.
  path: Assets/Scripts/SceneManagerController.cs
  artifactKey: Guid(f8c1f5b52e608604e99a51b88c3fb697) Importer(815301076,1909f56bfc062723c751e8b465ee728b)
Start importing Assets/Scripts/SceneManagerController.cs using Guid(f8c1f5b52e608604e99a51b88c3fb697) Importer(815301076,1909f56bfc062723c751e8b465ee728b) [PhysX] Initialized MultithreadedTaskDispatcher with 4 workers.
 -> (artifact id: '00000000000000000000000000000000') in 0.001129 seconds
Import Error Code:(4)
Message: Build asset version error: assets/scripts/scenemanagercontroller.cs in SourceAssetDB has modification time of '2024-12-05T16:46:12.6373848Z' while content on disk has modification time of '2024-12-05T16:46:47.2999686Z'
  ERROR: Build asset version error: assets/scripts/scenemanagercontroller.cs in SourceAssetDB has modification time of '2024-12-05T16:46:12.6373848Z' while content on disk has modification time of '2024-12-05T16:46:47.2999686Z'
Number of updated asset objects reloaded before import = 0
Number of asset objects unloaded after import = 0
========================================================================
Received Import Request.
  Time since last request: 0.017188 seconds.
  path: Assets/Scripts/SceneManagerController.cs
  artifactKey: Guid(f8c1f5b52e608604e99a51b88c3fb697) Importer(815301076,1909f56bfc062723c751e8b465ee728b)
Start importing Assets/Scripts/SceneManagerController.cs using Guid(f8c1f5b52e608604e99a51b88c3fb697) Importer(815301076,1909f56bfc062723c751e8b465ee728b) [PhysX] Initialized MultithreadedTaskDispatcher with 4 workers.
 -> (artifact id: '00000000000000000000000000000000') in 0.001297 seconds
Import Error Code:(4)
Message: Build asset version error: assets/scripts/scenemanagercontroller.cs in SourceAssetDB has modification time of '2024-12-05T16:46:12.6373848Z' while content on disk has modification time of '2024-12-05T16:46:47.2999686Z'
  ERROR: Build asset version error: assets/scripts/scenemanagercontroller.cs in SourceAssetDB has modification time of '2024-12-05T16:46:12.6373848Z' while content on disk has modification time of '2024-12-05T16:46:47.2999686Z'
Number of updated asset objects reloaded before import = 0
Number of asset objects unloaded after import = 0
========================================================================
Received Import Request.
  Time since last request: 0.015872 seconds.
  path: Assets/Scripts/SceneManagerController.cs
  artifactKey: Guid(f8c1f5b52e608604e99a51b88c3fb697) Importer(815301076,1909f56bfc062723c751e8b465ee728b)
Start importing Assets/Scripts/SceneManagerController.cs using Guid(f8c1f5b52e608604e99a51b88c3fb697) Importer(815301076,1909f56bfc062723c751e8b465ee728b) [PhysX] Initialized MultithreadedTaskDispatcher with 4 workers.
 -> (artifact id: '00000000000000000000000000000000') in 0.001131 seconds
Import Error Code:(4)
Message: Build asset version error: assets/scripts/scenemanagercontroller.cs in SourceAssetDB has modification time of '2024-12-05T16:46:12.6373848Z' while content on disk has modification time of '2024-12-05T16:46:47.2999686Z'
  ERROR: Build asset version error: assets/scripts/scenemanagercontroller.cs in SourceAssetDB has modification time of '2024-12-05T16:46:12.6373848Z' while content on disk has modification time of '2024-12-05T16:46:47.2999686Z'
Number of updated asset objects reloaded before import = 0
Number of asset objects unloaded after import = 0
========================================================================
Received Import Request.
  Time since last request: 0.015928 seconds.
  path: Assets/Scripts/SceneManagerController.cs
  artifactKey: Guid(f8c1f5b52e608604e99a51b88c3fb697) Importer(815301076,1909f56bfc062723c751e8b465ee728b)
Start importing Assets/Scripts/SceneManagerController.cs using Guid(f8c1f5b52e608604e99a51b88c3fb697) Importer(815301076,1909f56bfc062723c751e8b465ee728b) [PhysX] Initialized MultithreadedTaskDispatcher with 4 workers.
 -> (artifact id: '00000000000000000000000000000000') in 0.001231 seconds
Import Error Code:(4)
Message: Build asset version error: assets/scripts/scenemanagercontroller.cs in SourceAssetDB has modification time of '2024-12-05T16:46:12.6373848Z' while content on disk has modification time of '2024-12-05T16:46:47.2999686Z'
  ERROR: Build asset version error: assets/scripts/scenemanagercontroller.cs in SourceAssetDB has modification time of '2024-12-05T16:46:12.6373848Z' while content on disk has modification time of '2024-12-05T16:46:47.2999686Z'
Number of updated asset objects reloaded before import = 0
Number of asset objects unloaded after import = 0
========================================================================
Received Import Request.
  Time since last request: 0.016455 seconds.
  path: Assets/Scripts/SceneManagerController.cs
  artifactKey: Guid(f8c1f5b52e608604e99a51b88c3fb697) Importer(815301076,1909f56bfc062723c751e8b465ee728b)
Start importing Assets/Scripts/SceneManagerController.cs using Guid(f8c1f5b52e608604e99a51b88c3fb697) Importer(815301076,1909f56bfc062723c751e8b465ee728b) [PhysX] Initialized MultithreadedTaskDispatcher with 4 workers.
 -> (artifact id: '00000000000000000000000000000000') in 0.001058 seconds
Import Error Code:(4)
Message: Build asset version error: assets/scripts/scenemanagercontroller.cs in SourceAssetDB has modification time of '2024-12-05T16:46:12.6373848Z' while content on disk has modification time of '2024-12-05T16:46:47.2999686Z'
  ERROR: Build asset version error: assets/scripts/scenemanagercontroller.cs in SourceAssetDB has modification time of '2024-12-05T16:46:12.6373848Z' while content on disk has modification time of '2024-12-05T16:46:47.2999686Z'
Number of updated asset objects reloaded before import = 0
Number of asset objects unloaded after import = 0
========================================================================
Received Import Request.
  Time since last request: 0.017498 seconds.
  path: Assets/Scripts/SceneManagerController.cs
  artifactKey: Guid(f8c1f5b52e608604e99a51b88c3fb697) Importer(815301076,1909f56bfc062723c751e8b465ee728b)
Start importing Assets/Scripts/SceneManagerController.cs using Guid(f8c1f5b52e608604e99a51b88c3fb697) Importer(815301076,1909f56bfc062723c751e8b465ee728b) [PhysX] Initialized MultithreadedTaskDispatcher with 4 workers.
 -> (artifact id: '00000000000000000000000000000000') in 0.001257 seconds
Import Error Code:(4)
Message: Build asset version error: assets/scripts/scenemanagercontroller.cs in SourceAssetDB has modification time of '2024-12-05T16:46:12.6373848Z' while content on disk has modification time of '2024-12-05T16:46:47.2999686Z'
  ERROR: Build asset version error: assets/scripts/scenemanagercontroller.cs in SourceAssetDB has modification time of '2024-12-05T16:46:12.6373848Z' while content on disk has modification time of '2024-12-05T16:46:47.2999686Z'
Number of updated asset objects reloaded before import = 0
Number of asset objects unloaded after import = 0
========================================================================
Received Import Request.
  Time since last request: 0.019224 seconds.
  path: Assets/Scripts/SceneManagerController.cs
  artifactKey: Guid(f8c1f5b52e608604e99a51b88c3fb697) Importer(815301076,1909f56bfc062723c751e8b465ee728b)
Start importing Assets/Scripts/SceneManagerController.cs using Guid(f8c1f5b52e608604e99a51b88c3fb697) Importer(815301076,1909f56bfc062723c751e8b465ee728b) [PhysX] Initialized MultithreadedTaskDispatcher with 4 workers.
 -> (artifact id: '00000000000000000000000000000000') in 0.001085 seconds
Import Error Code:(4)
Message: Build asset version error: assets/scripts/scenemanagercontroller.cs in SourceAssetDB has modification time of '2024-12-05T16:46:12.6373848Z' while content on disk has modification time of '2024-12-05T16:46:47.2999686Z'
  ERROR: Build asset version error: assets/scripts/scenemanagercontroller.cs in SourceAssetDB has modification time of '2024-12-05T16:46:12.6373848Z' while content on disk has modification time of '2024-12-05T16:46:47.2999686Z'
Number of updated asset objects reloaded before import = 0
Number of asset objects unloaded after import = 0
========================================================================
Received Import Request.
  Time since last request: 0.019203 seconds.
  path: Assets/Scripts/SceneManagerController.cs
  artifactKey: Guid(f8c1f5b52e608604e99a51b88c3fb697) Importer(815301076,1909f56bfc062723c751e8b465ee728b)
Start importing Assets/Scripts/SceneManagerController.cs using Guid(f8c1f5b52e608604e99a51b88c3fb697) Importer(815301076,1909f56bfc062723c751e8b465ee728b) [PhysX] Initialized MultithreadedTaskDispatcher with 4 workers.
 -> (artifact id: '00000000000000000000000000000000') in 0.001289 seconds
Import Error Code:(4)
Message: Build asset version error: assets/scripts/scenemanagercontroller.cs in SourceAssetDB has modification time of '2024-12-05T16:46:12.6373848Z' while content on disk has modification time of '2024-12-05T16:46:47.2999686Z'
  ERROR: Build asset version error: assets/scripts/scenemanagercontroller.cs in SourceAssetDB has modification time of '2024-12-05T16:46:12.6373848Z' while content on disk has modification time of '2024-12-05T16:46:47.2999686Z'
Number of updated asset objects reloaded before import = 0
Number of asset objects unloaded after import = 0
========================================================================
Received Import Request.
  Time since last request: 0.017265 seconds.
  path: Assets/Scripts/SceneManagerController.cs
  artifactKey: Guid(f8c1f5b52e608604e99a51b88c3fb697) Importer(815301076,1909f56bfc062723c751e8b465ee728b)
Start importing Assets/Scripts/SceneManagerController.cs using Guid(f8c1f5b52e608604e99a51b88c3fb697) Importer(815301076,1909f56bfc062723c751e8b465ee728b) [PhysX] Initialized MultithreadedTaskDispatcher with 4 workers.
 -> (artifact id: '00000000000000000000000000000000') in 0.001229 seconds
Import Error Code:(4)
Message: Build asset version error: assets/scripts/scenemanagercontroller.cs in SourceAssetDB has modification time of '2024-12-05T16:46:12.6373848Z' while content on disk has modification time of '2024-12-05T16:46:47.2999686Z'
  ERROR: Build asset version error: assets/scripts/scenemanagercontroller.cs in SourceAssetDB has modification time of '2024-12-05T16:46:12.6373848Z' while content on disk has modification time of '2024-12-05T16:46:47.2999686Z'
Number of updated asset objects reloaded before import = 0
Number of asset objects unloaded after import = 0
========================================================================
Received Import Request.
  Time since last request: 0.017722 seconds.
  path: Assets/Scripts/SceneManagerController.cs
  artifactKey: Guid(f8c1f5b52e608604e99a51b88c3fb697) Importer(815301076,1909f56bfc062723c751e8b465ee728b)
Start importing Assets/Scripts/SceneManagerController.cs using Guid(f8c1f5b52e608604e99a51b88c3fb697) Importer(815301076,1909f56bfc062723c751e8b465ee728b) [PhysX] Initialized MultithreadedTaskDispatcher with 4 workers.
 -> (artifact id: '00000000000000000000000000000000') in 0.001386 seconds
Import Error Code:(4)
Message: Build asset version error: assets/scripts/scenemanagercontroller.cs in SourceAssetDB has modification time of '2024-12-05T16:46:12.6373848Z' while content on disk has modification time of '2024-12-05T16:46:47.2999686Z'
  ERROR: Build asset version error: assets/scripts/scenemanagercontroller.cs in SourceAssetDB has modification time of '2024-12-05T16:46:12.6373848Z' while content on disk has modification time of '2024-12-05T16:46:47.2999686Z'
Number of updated asset objects reloaded before import = 0
Number of asset objects unloaded after import = 0
========================================================================
Received Import Request.
  Time since last request: 0.017535 seconds.
  path: Assets/Scripts/SceneManagerController.cs
  artifactKey: Guid(f8c1f5b52e608604e99a51b88c3fb697) Importer(815301076,1909f56bfc062723c751e8b465ee728b)
Start importing Assets/Scripts/SceneManagerController.cs using Guid(f8c1f5b52e608604e99a51b88c3fb697) Importer(815301076,1909f56bfc062723c751e8b465ee728b) [PhysX] Initialized MultithreadedTaskDispatcher with 4 workers.
 -> (artifact id: '00000000000000000000000000000000') in 0.001221 seconds
Import Error Code:(4)
Message: Build asset version error: assets/scripts/scenemanagercontroller.cs in SourceAssetDB has modification time of '2024-12-05T16:46:12.6373848Z' while content on disk has modification time of '2024-12-05T16:46:47.2999686Z'
  ERROR: Build asset version error: assets/scripts/scenemanagercontroller.cs in SourceAssetDB has modification time of '2024-12-05T16:46:12.6373848Z' while content on disk has modification time of '2024-12-05T16:46:47.2999686Z'
Number of updated asset objects reloaded before import = 0
Number of asset objects unloaded after import = 0
========================================================================
Received Import Request.
  Time since last request: 0.017744 seconds.
  path: Assets/Scripts/SceneManagerController.cs
  artifactKey: Guid(f8c1f5b52e608604e99a51b88c3fb697) Importer(815301076,1909f56bfc062723c751e8b465ee728b)
Start importing Assets/Scripts/SceneManagerController.cs using Guid(f8c1f5b52e608604e99a51b88c3fb697) Importer(815301076,1909f56bfc062723c751e8b465ee728b) [PhysX] Initialized MultithreadedTaskDispatcher with 4 workers.
 -> (artifact id: '00000000000000000000000000000000') in 0.001165 seconds
Import Error Code:(4)
Message: Build asset version error: assets/scripts/scenemanagercontroller.cs in SourceAssetDB has modification time of '2024-12-05T16:46:12.6373848Z' while content on disk has modification time of '2024-12-05T16:46:47.2999686Z'
  ERROR: Build asset version error: assets/scripts/scenemanagercontroller.cs in SourceAssetDB has modification time of '2024-12-05T16:46:12.6373848Z' while content on disk has modification time of '2024-12-05T16:46:47.2999686Z'
Number of updated asset objects reloaded before import = 0
Number of asset objects unloaded after import = 0
========================================================================
Received Import Request.
  Time since last request: 0.017292 seconds.
  path: Assets/Scripts/SceneManagerController.cs
  artifactKey: Guid(f8c1f5b52e608604e99a51b88c3fb697) Importer(815301076,1909f56bfc062723c751e8b465ee728b)
Start importing Assets/Scripts/SceneManagerController.cs using Guid(f8c1f5b52e608604e99a51b88c3fb697) Importer(815301076,1909f56bfc062723c751e8b465ee728b) [PhysX] Initialized MultithreadedTaskDispatcher with 4 workers.
 -> (artifact id: '00000000000000000000000000000000') in 0.001154 seconds
Import Error Code:(4)
Message: Build asset version error: assets/scripts/scenemanagercontroller.cs in SourceAssetDB has modification time of '2024-12-05T16:46:12.6373848Z' while content on disk has modification time of '2024-12-05T16:46:47.2999686Z'
  ERROR: Build asset version error: assets/scripts/scenemanagercontroller.cs in SourceAssetDB has modification time of '2024-12-05T16:46:12.6373848Z' while content on disk has modification time of '2024-12-05T16:46:47.2999686Z'
Number of updated asset objects reloaded before import = 0
Number of asset objects unloaded after import = 0
========================================================================
Received Import Request.
  Time since last request: 0.016745 seconds.
  path: Assets/Scripts/SceneManagerController.cs
  artifactKey: Guid(f8c1f5b52e608604e99a51b88c3fb697) Importer(815301076,1909f56bfc062723c751e8b465ee728b)
Start importing Assets/Scripts/SceneManagerController.cs using Guid(f8c1f5b52e608604e99a51b88c3fb697) Importer(815301076,1909f56bfc062723c751e8b465ee728b) [PhysX] Initialized MultithreadedTaskDispatcher with 4 workers.
 -> (artifact id: '00000000000000000000000000000000') in 0.001886 seconds
Import Error Code:(4)
Message: Build asset version error: assets/scripts/scenemanagercontroller.cs in SourceAssetDB has modification time of '2024-12-05T16:46:12.6373848Z' while content on disk has modification time of '2024-12-05T16:46:47.2999686Z'
  ERROR: Build asset version error: assets/scripts/scenemanagercontroller.cs in SourceAssetDB has modification time of '2024-12-05T16:46:12.6373848Z' while content on disk has modification time of '2024-12-05T16:46:47.2999686Z'
Number of updated asset objects reloaded before import = 0
Number of asset objects unloaded after import = 0
========================================================================
Received Import Request.
  Time since last request: 0.015703 seconds.
  path: Assets/Scripts/SceneManagerController.cs
  artifactKey: Guid(f8c1f5b52e608604e99a51b88c3fb697) Importer(815301076,1909f56bfc062723c751e8b465ee728b)
Start importing Assets/Scripts/SceneManagerController.cs using Guid(f8c1f5b52e608604e99a51b88c3fb697) Importer(815301076,1909f56bfc062723c751e8b465ee728b) [PhysX] Initialized MultithreadedTaskDispatcher with 4 workers.
 -> (artifact id: '00000000000000000000000000000000') in 0.001247 seconds
Import Error Code:(4)
Message: Build asset version error: assets/scripts/scenemanagercontroller.cs in SourceAssetDB has modification time of '2024-12-05T16:46:12.6373848Z' while content on disk has modification time of '2024-12-05T16:46:47.2999686Z'
  ERROR: Build asset version error: assets/scripts/scenemanagercontroller.cs in SourceAssetDB has modification time of '2024-12-05T16:46:12.6373848Z' while content on disk has modification time of '2024-12-05T16:46:47.2999686Z'
Number of updated asset objects reloaded before import = 0
Number of asset objects unloaded after import = 0
========================================================================
Received Import Request.
  Time since last request: 0.015094 seconds.
  path: Assets/Scripts/SceneManagerController.cs
  artifactKey: Guid(f8c1f5b52e608604e99a51b88c3fb697) Importer(815301076,1909f56bfc062723c751e8b465ee728b)
Start importing Assets/Scripts/SceneManagerController.cs using Guid(f8c1f5b52e608604e99a51b88c3fb697) Importer(815301076,1909f56bfc062723c751e8b465ee728b) [PhysX] Initialized MultithreadedTaskDispatcher with 4 workers.
 -> (artifact id: '00000000000000000000000000000000') in 0.001289 seconds
Import Error Code:(4)
Message: Build asset version error: assets/scripts/scenemanagercontroller.cs in SourceAssetDB has modification time of '2024-12-05T16:46:12.6373848Z' while content on disk has modification time of '2024-12-05T16:46:47.2999686Z'
  ERROR: Build asset version error: assets/scripts/scenemanagercontroller.cs in SourceAssetDB has modification time of '2024-12-05T16:46:12.6373848Z' while content on disk has modification time of '2024-12-05T16:46:47.2999686Z'
Number of updated asset objects reloaded before import = 0
Number of asset objects unloaded after import = 0
========================================================================
Received Import Request.
  Time since last request: 0.015433 seconds.
  path: Assets/Scripts/SceneManagerController.cs
  artifactKey: Guid(f8c1f5b52e608604e99a51b88c3fb697) Importer(815301076,1909f56bfc062723c751e8b465ee728b)
Start importing Assets/Scripts/SceneManagerController.cs using Guid(f8c1f5b52e608604e99a51b88c3fb697) Importer(815301076,1909f56bfc062723c751e8b465ee728b) [PhysX] Initialized MultithreadedTaskDispatcher with 4 workers.
 -> (artifact id: '00000000000000000000000000000000') in 0.001150 seconds
Import Error Code:(4)
Message: Build asset version error: assets/scripts/scenemanagercontroller.cs in SourceAssetDB has modification time of '2024-12-05T16:46:12.6373848Z' while content on disk has modification time of '2024-12-05T16:46:47.2999686Z'
  ERROR: Build asset version error: assets/scripts/scenemanagercontroller.cs in SourceAssetDB has modification time of '2024-12-05T16:46:12.6373848Z' while content on disk has modification time of '2024-12-05T16:46:47.2999686Z'
Number of updated asset objects reloaded before import = 0
Number of asset objects unloaded after import = 0
========================================================================
Received Import Request.
  Time since last request: 0.015847 seconds.
  path: Assets/Scripts/SceneManagerController.cs
  artifactKey: Guid(f8c1f5b52e608604e99a51b88c3fb697) Importer(815301076,1909f56bfc062723c751e8b465ee728b)
Start importing Assets/Scripts/SceneManagerController.cs using Guid(f8c1f5b52e608604e99a51b88c3fb697) Importer(815301076,1909f56bfc062723c751e8b465ee728b) [PhysX] Initialized MultithreadedTaskDispatcher with 4 workers.
 -> (artifact id: '00000000000000000000000000000000') in 0.001145 seconds
Import Error Code:(4)
Message: Build asset version error: assets/scripts/scenemanagercontroller.cs in SourceAssetDB has modification time of '2024-12-05T16:46:12.6373848Z' while content on disk has modification time of '2024-12-05T16:46:47.2999686Z'
  ERROR: Build asset version error: assets/scripts/scenemanagercontroller.cs in SourceAssetDB has modification time of '2024-12-05T16:46:12.6373848Z' while content on disk has modification time of '2024-12-05T16:46:47.2999686Z'
Number of updated asset objects reloaded before import = 0
Number of asset objects unloaded after import = 0
========================================================================
Received Import Request.
  Time since last request: 0.015515 seconds.
  path: Assets/Scripts/SceneManagerController.cs
  artifactKey: Guid(f8c1f5b52e608604e99a51b88c3fb697) Importer(815301076,1909f56bfc062723c751e8b465ee728b)
Start importing Assets/Scripts/SceneManagerController.cs using Guid(f8c1f5b52e608604e99a51b88c3fb697) Importer(815301076,1909f56bfc062723c751e8b465ee728b) [PhysX] Initialized MultithreadedTaskDispatcher with 4 workers.
 -> (artifact id: '00000000000000000000000000000000') in 0.001134 seconds
Import Error Code:(4)
Message: Build asset version error: assets/scripts/scenemanagercontroller.cs in SourceAssetDB has modification time of '2024-12-05T16:46:12.6373848Z' while content on disk has modification time of '2024-12-05T16:46:47.2999686Z'
  ERROR: Build asset version error: assets/scripts/scenemanagercontroller.cs in SourceAssetDB has modification time of '2024-12-05T16:46:12.6373848Z' while content on disk has modification time of '2024-12-05T16:46:47.2999686Z'
Number of updated asset objects reloaded before import = 0
Number of asset objects unloaded after import = 0
========================================================================
Received Import Request.
  Time since last request: 0.015974 seconds.
  path: Assets/Scripts/SceneManagerController.cs
  artifactKey: Guid(f8c1f5b52e608604e99a51b88c3fb697) Importer(815301076,1909f56bfc062723c751e8b465ee728b)
Start importing Assets/Scripts/SceneManagerController.cs using Guid(f8c1f5b52e608604e99a51b88c3fb697) Importer(815301076,1909f56bfc062723c751e8b465ee728b) [PhysX] Initialized MultithreadedTaskDispatcher with 4 workers.
 -> (artifact id: '00000000000000000000000000000000') in 0.001606 seconds
Import Error Code:(4)
Message: Build asset version error: assets/scripts/scenemanagercontroller.cs in SourceAssetDB has modification time of '2024-12-05T16:46:12.6373848Z' while content on disk has modification time of '2024-12-05T16:46:47.2999686Z'
  ERROR: Build asset version error: assets/scripts/scenemanagercontroller.cs in SourceAssetDB has modification time of '2024-12-05T16:46:12.6373848Z' while content on disk has modification time of '2024-12-05T16:46:47.2999686Z'
Number of updated asset objects reloaded before import = 0
Number of asset objects unloaded after import = 0
========================================================================
Received Import Request.
  Time since last request: 0.016704 seconds.
  path: Assets/Scripts/SceneManagerController.cs
  artifactKey: Guid(f8c1f5b52e608604e99a51b88c3fb697) Importer(815301076,1909f56bfc062723c751e8b465ee728b)
Start importing Assets/Scripts/SceneManagerController.cs using Guid(f8c1f5b52e608604e99a51b88c3fb697) Importer(815301076,1909f56bfc062723c751e8b465ee728b) [PhysX] Initialized MultithreadedTaskDispatcher with 4 workers.
 -> (artifact id: '00000000000000000000000000000000') in 0.001296 seconds
Import Error Code:(4)
Message: Build asset version error: assets/scripts/scenemanagercontroller.cs in SourceAssetDB has modification time of '2024-12-05T16:46:12.6373848Z' while content on disk has modification time of '2024-12-05T16:46:47.2999686Z'
  ERROR: Build asset version error: assets/scripts/scenemanagercontroller.cs in SourceAssetDB has modification time of '2024-12-05T16:46:12.6373848Z' while content on disk has modification time of '2024-12-05T16:46:47.2999686Z'
Number of updated asset objects reloaded before import = 0
Number of asset objects unloaded after import = 0
========================================================================
Received Import Request.
  Time since last request: 0.016149 seconds.
  path: Assets/Scripts/SceneManagerController.cs
  artifactKey: Guid(f8c1f5b52e608604e99a51b88c3fb697) Importer(815301076,1909f56bfc062723c751e8b465ee728b)
Start importing Assets/Scripts/SceneManagerController.cs using Guid(f8c1f5b52e608604e99a51b88c3fb697) Importer(815301076,1909f56bfc062723c751e8b465ee728b) [PhysX] Initialized MultithreadedTaskDispatcher with 4 workers.
 -> (artifact id: '00000000000000000000000000000000') in 0.001478 seconds
Import Error Code:(4)
Message: Build asset version error: assets/scripts/scenemanagercontroller.cs in SourceAssetDB has modification time of '2024-12-05T16:46:12.6373848Z' while content on disk has modification time of '2024-12-05T16:46:47.2999686Z'
  ERROR: Build asset version error: assets/scripts/scenemanagercontroller.cs in SourceAssetDB has modification time of '2024-12-05T16:46:12.6373848Z' while content on disk has modification time of '2024-12-05T16:46:47.2999686Z'
Number of updated asset objects reloaded before import = 0
Number of asset objects unloaded after import = 0
========================================================================
Received Import Request.
  Time since last request: 0.016354 seconds.
  path: Assets/Scripts/SceneManagerController.cs
  artifactKey: Guid(f8c1f5b52e608604e99a51b88c3fb697) Importer(815301076,1909f56bfc062723c751e8b465ee728b)
Start importing Assets/Scripts/SceneManagerController.cs using Guid(f8c1f5b52e608604e99a51b88c3fb697) Importer(815301076,1909f56bfc062723c751e8b465ee728b) [PhysX] Initialized MultithreadedTaskDispatcher with 4 workers.
 -> (artifact id: '00000000000000000000000000000000') in 0.001217 seconds
Import Error Code:(4)
Message: Build asset version error: assets/scripts/scenemanagercontroller.cs in SourceAssetDB has modification time of '2024-12-05T16:46:12.6373848Z' while content on disk has modification time of '2024-12-05T16:46:47.2999686Z'
  ERROR: Build asset version error: assets/scripts/scenemanagercontroller.cs in SourceAssetDB has modification time of '2024-12-05T16:46:12.6373848Z' while content on disk has modification time of '2024-12-05T16:46:47.2999686Z'
Number of updated asset objects reloaded before import = 0
Number of asset objects unloaded after import = 0
========================================================================
Received Import Request.
  Time since last request: 0.015810 seconds.
  path: Assets/Scripts/SceneManagerController.cs
  artifactKey: Guid(f8c1f5b52e608604e99a51b88c3fb697) Importer(815301076,1909f56bfc062723c751e8b465ee728b)
Start importing Assets/Scripts/SceneManagerController.cs using Guid(f8c1f5b52e608604e99a51b88c3fb697) Importer(815301076,1909f56bfc062723c751e8b465ee728b) [PhysX] Initialized MultithreadedTaskDispatcher with 4 workers.
 -> (artifact id: '00000000000000000000000000000000') in 0.001059 seconds
Import Error Code:(4)
Message: Build asset version error: assets/scripts/scenemanagercontroller.cs in SourceAssetDB has modification time of '2024-12-05T16:46:12.6373848Z' while content on disk has modification time of '2024-12-05T16:46:47.2999686Z'
  ERROR: Build asset version error: assets/scripts/scenemanagercontroller.cs in SourceAssetDB has modification time of '2024-12-05T16:46:12.6373848Z' while content on disk has modification time of '2024-12-05T16:46:47.2999686Z'
Number of updated asset objects reloaded before import = 0
Number of asset objects unloaded after import = 0
========================================================================
Received Import Request.
  Time since last request: 0.015416 seconds.
  path: Assets/Scripts/SceneManagerController.cs
  artifactKey: Guid(f8c1f5b52e608604e99a51b88c3fb697) Importer(815301076,1909f56bfc062723c751e8b465ee728b)
Start importing Assets/Scripts/SceneManagerController.cs using Guid(f8c1f5b52e608604e99a51b88c3fb697) Importer(815301076,1909f56bfc062723c751e8b465ee728b) [PhysX] Initialized MultithreadedTaskDispatcher with 4 workers.
 -> (artifact id: '00000000000000000000000000000000') in 0.001333 seconds
Import Error Code:(4)
Message: Build asset version error: assets/scripts/scenemanagercontroller.cs in SourceAssetDB has modification time of '2024-12-05T16:46:12.6373848Z' while content on disk has modification time of '2024-12-05T16:46:47.2999686Z'
  ERROR: Build asset version error: assets/scripts/scenemanagercontroller.cs in SourceAssetDB has modification time of '2024-12-05T16:46:12.6373848Z' while content on disk has modification time of '2024-12-05T16:46:47.2999686Z'
Number of updated asset objects reloaded before import = 0
Number of asset objects unloaded after import = 0
========================================================================
Received Import Request.
  Time since last request: 0.015804 seconds.
  path: Assets/Scripts/SceneManagerController.cs
  artifactKey: Guid(f8c1f5b52e608604e99a51b88c3fb697) Importer(815301076,1909f56bfc062723c751e8b465ee728b)
Start importing Assets/Scripts/SceneManagerController.cs using Guid(f8c1f5b52e608604e99a51b88c3fb697) Importer(815301076,1909f56bfc062723c751e8b465ee728b) [PhysX] Initialized MultithreadedTaskDispatcher with 4 workers.
 -> (artifact id: '00000000000000000000000000000000') in 0.001142 seconds
Import Error Code:(4)
Message: Build asset version error: assets/scripts/scenemanagercontroller.cs in SourceAssetDB has modification time of '2024-12-05T16:46:12.6373848Z' while content on disk has modification time of '2024-12-05T16:46:47.2999686Z'
  ERROR: Build asset version error: assets/scripts/scenemanagercontroller.cs in SourceAssetDB has modification time of '2024-12-05T16:46:12.6373848Z' while content on disk has modification time of '2024-12-05T16:46:47.2999686Z'
Number of updated asset objects reloaded before import = 0
Number of asset objects unloaded after import = 0
========================================================================
Received Import Request.
  Time since last request: 0.017124 seconds.
  path: Assets/Scripts/SceneManagerController.cs
  artifactKey: Guid(f8c1f5b52e608604e99a51b88c3fb697) Importer(815301076,1909f56bfc062723c751e8b465ee728b)
Start importing Assets/Scripts/SceneManagerController.cs using Guid(f8c1f5b52e608604e99a51b88c3fb697) Importer(815301076,1909f56bfc062723c751e8b465ee728b) [PhysX] Initialized MultithreadedTaskDispatcher with 4 workers.
 -> (artifact id: '00000000000000000000000000000000') in 0.001206 seconds
Import Error Code:(4)
Message: Build asset version error: assets/scripts/scenemanagercontroller.cs in SourceAssetDB has modification time of '2024-12-05T16:46:12.6373848Z' while content on disk has modification time of '2024-12-05T16:46:47.2999686Z'
  ERROR: Build asset version error: assets/scripts/scenemanagercontroller.cs in SourceAssetDB has modification time of '2024-12-05T16:46:12.6373848Z' while content on disk has modification time of '2024-12-05T16:46:47.2999686Z'
Number of updated asset objects reloaded before import = 0
Number of asset objects unloaded after import = 0
========================================================================
Received Import Request.
  Time since last request: 0.018145 seconds.
  path: Assets/Scripts/SceneManagerController.cs
  artifactKey: Guid(f8c1f5b52e608604e99a51b88c3fb697) Importer(815301076,1909f56bfc062723c751e8b465ee728b)
Start importing Assets/Scripts/SceneManagerController.cs using Guid(f8c1f5b52e608604e99a51b88c3fb697) Importer(815301076,1909f56bfc062723c751e8b465ee728b) [PhysX] Initialized MultithreadedTaskDispatcher with 4 workers.
 -> (artifact id: '00000000000000000000000000000000') in 0.001089 seconds
Import Error Code:(4)
Message: Build asset version error: assets/scripts/scenemanagercontroller.cs in SourceAssetDB has modification time of '2024-12-05T16:46:12.6373848Z' while content on disk has modification time of '2024-12-05T16:46:47.2999686Z'
  ERROR: Build asset version error: assets/scripts/scenemanagercontroller.cs in SourceAssetDB has modification time of '2024-12-05T16:46:12.6373848Z' while content on disk has modification time of '2024-12-05T16:46:47.2999686Z'
Number of updated asset objects reloaded before import = 0
Number of asset objects unloaded after import = 0
========================================================================
Received Import Request.
  Time since last request: 0.016701 seconds.
  path: Assets/Scripts/SceneManagerController.cs
  artifactKey: Guid(f8c1f5b52e608604e99a51b88c3fb697) Importer(815301076,1909f56bfc062723c751e8b465ee728b)
Start importing Assets/Scripts/SceneManagerController.cs using Guid(f8c1f5b52e608604e99a51b88c3fb697) Importer(815301076,1909f56bfc062723c751e8b465ee728b) [PhysX] Initialized MultithreadedTaskDispatcher with 4 workers.
 -> (artifact id: '00000000000000000000000000000000') in 0.001149 seconds
Import Error Code:(4)
Message: Build asset version error: assets/scripts/scenemanagercontroller.cs in SourceAssetDB has modification time of '2024-12-05T16:46:12.6373848Z' while content on disk has modification time of '2024-12-05T16:46:47.2999686Z'
  ERROR: Build asset version error: assets/scripts/scenemanagercontroller.cs in SourceAssetDB has modification time of '2024-12-05T16:46:12.6373848Z' while content on disk has modification time of '2024-12-05T16:46:47.2999686Z'
Number of updated asset objects reloaded before import = 0
Number of asset objects unloaded after import = 0
========================================================================
Received Import Request.
  Time since last request: 0.017081 seconds.
  path: Assets/Scripts/SceneManagerController.cs
  artifactKey: Guid(f8c1f5b52e608604e99a51b88c3fb697) Importer(815301076,1909f56bfc062723c751e8b465ee728b)
Start importing Assets/Scripts/SceneManagerController.cs using Guid(f8c1f5b52e608604e99a51b88c3fb697) Importer(815301076,1909f56bfc062723c751e8b465ee728b) [PhysX] Initialized MultithreadedTaskDispatcher with 4 workers.
 -> (artifact id: '00000000000000000000000000000000') in 0.001118 seconds
Import Error Code:(4)
Message: Build asset version error: assets/scripts/scenemanagercontroller.cs in SourceAssetDB has modification time of '2024-12-05T16:46:12.6373848Z' while content on disk has modification time of '2024-12-05T16:46:47.2999686Z'
  ERROR: Build asset version error: assets/scripts/scenemanagercontroller.cs in SourceAssetDB has modification time of '2024-12-05T16:46:12.6373848Z' while content on disk has modification time of '2024-12-05T16:46:47.2999686Z'
Number of updated asset objects reloaded before import = 0
Number of asset objects unloaded after import = 0
========================================================================
Received Import Request.
  Time since last request: 0.015008 seconds.
  path: Assets/Scripts/SceneManagerController.cs
  artifactKey: Guid(f8c1f5b52e608604e99a51b88c3fb697) Importer(815301076,1909f56bfc062723c751e8b465ee728b)
Start importing Assets/Scripts/SceneManagerController.cs using Guid(f8c1f5b52e608604e99a51b88c3fb697) Importer(815301076,1909f56bfc062723c751e8b465ee728b) [PhysX] Initialized MultithreadedTaskDispatcher with 4 workers.
 -> (artifact id: '00000000000000000000000000000000') in 0.002440 seconds
Import Error Code:(4)
Message: Build asset version error: assets/scripts/scenemanagercontroller.cs in SourceAssetDB has modification time of '2024-12-05T16:46:12.6373848Z' while content on disk has modification time of '2024-12-05T16:46:47.2999686Z'
  ERROR: Build asset version error: assets/scripts/scenemanagercontroller.cs in SourceAssetDB has modification time of '2024-12-05T16:46:12.6373848Z' while content on disk has modification time of '2024-12-05T16:46:47.2999686Z'
Number of updated asset objects reloaded before import = 0
Number of asset objects unloaded after import = 0
========================================================================
Received Import Request.
  Time since last request: 0.016833 seconds.
  path: Assets/Scripts/SceneManagerController.cs
  artifactKey: Guid(f8c1f5b52e608604e99a51b88c3fb697) Importer(815301076,1909f56bfc062723c751e8b465ee728b)
Start importing Assets/Scripts/SceneManagerController.cs using Guid(f8c1f5b52e608604e99a51b88c3fb697) Importer(815301076,1909f56bfc062723c751e8b465ee728b) [PhysX] Initialized MultithreadedTaskDispatcher with 4 workers.
 -> (artifact id: '00000000000000000000000000000000') in 0.001112 seconds
Import Error Code:(4)
Message: Build asset version error: assets/scripts/scenemanagercontroller.cs in SourceAssetDB has modification time of '2024-12-05T16:46:12.6373848Z' while content on disk has modification time of '2024-12-05T16:46:47.2999686Z'
  ERROR: Build asset version error: assets/scripts/scenemanagercontroller.cs in SourceAssetDB has modification time of '2024-12-05T16:46:12.6373848Z' while content on disk has modification time of '2024-12-05T16:46:47.2999686Z'
Number of updated asset objects reloaded before import = 0
Number of asset objects unloaded after import = 0
========================================================================
Received Import Request.
  Time since last request: 0.018419 seconds.
  path: Assets/Scripts/SceneManagerController.cs
  artifactKey: Guid(f8c1f5b52e608604e99a51b88c3fb697) Importer(815301076,1909f56bfc062723c751e8b465ee728b)
Start importing Assets/Scripts/SceneManagerController.cs using Guid(f8c1f5b52e608604e99a51b88c3fb697) Importer(815301076,1909f56bfc062723c751e8b465ee728b) [PhysX] Initialized MultithreadedTaskDispatcher with 4 workers.
 -> (artifact id: '00000000000000000000000000000000') in 0.001119 seconds
Import Error Code:(4)
Message: Build asset version error: assets/scripts/scenemanagercontroller.cs in SourceAssetDB has modification time of '2024-12-05T16:46:12.6373848Z' while content on disk has modification time of '2024-12-05T16:46:47.2999686Z'
  ERROR: Build asset version error: assets/scripts/scenemanagercontroller.cs in SourceAssetDB has modification time of '2024-12-05T16:46:12.6373848Z' while content on disk has modification time of '2024-12-05T16:46:47.2999686Z'
Number of updated asset objects reloaded before import = 0
Number of asset objects unloaded after import = 0
========================================================================
Received Import Request.
  Time since last request: 0.019468 seconds.
  path: Assets/Scripts/SceneManagerController.cs
  artifactKey: Guid(f8c1f5b52e608604e99a51b88c3fb697) Importer(815301076,1909f56bfc062723c751e8b465ee728b)
Start importing Assets/Scripts/SceneManagerController.cs using Guid(f8c1f5b52e608604e99a51b88c3fb697) Importer(815301076,1909f56bfc062723c751e8b465ee728b) [PhysX] Initialized MultithreadedTaskDispatcher with 4 workers.
 -> (artifact id: '00000000000000000000000000000000') in 0.001133 seconds
Import Error Code:(4)
Message: Build asset version error: assets/scripts/scenemanagercontroller.cs in SourceAssetDB has modification time of '2024-12-05T16:46:12.6373848Z' while content on disk has modification time of '2024-12-05T16:46:47.2999686Z'
  ERROR: Build asset version error: assets/scripts/scenemanagercontroller.cs in SourceAssetDB has modification time of '2024-12-05T16:46:12.6373848Z' while content on disk has modification time of '2024-12-05T16:46:47.2999686Z'
Number of updated asset objects reloaded before import = 0
Number of asset objects unloaded after import = 0
========================================================================
Received Import Request.
  Time since last request: 0.018155 seconds.
  path: Assets/Scripts/SceneManagerController.cs
  artifactKey: Guid(f8c1f5b52e608604e99a51b88c3fb697) Importer(815301076,1909f56bfc062723c751e8b465ee728b)
Start importing Assets/Scripts/SceneManagerController.cs using Guid(f8c1f5b52e608604e99a51b88c3fb697) Importer(815301076,1909f56bfc062723c751e8b465ee728b) [PhysX] Initialized MultithreadedTaskDispatcher with 4 workers.
 -> (artifact id: '00000000000000000000000000000000') in 0.002478 seconds
Import Error Code:(4)
Message: Build asset version error: assets/scripts/scenemanagercontroller.cs in SourceAssetDB has modification time of '2024-12-05T16:46:12.6373848Z' while content on disk has modification time of '2024-12-05T16:46:47.2999686Z'
  ERROR: Build asset version error: assets/scripts/scenemanagercontroller.cs in SourceAssetDB has modification time of '2024-12-05T16:46:12.6373848Z' while content on disk has modification time of '2024-12-05T16:46:47.2999686Z'
Number of updated asset objects reloaded before import = 0
Number of asset objects unloaded after import = 0
========================================================================
Received Import Request.
  Time since last request: 0.018965 seconds.
  path: Assets/Scripts/SceneManagerController.cs
  artifactKey: Guid(f8c1f5b52e608604e99a51b88c3fb697) Importer(815301076,1909f56bfc062723c751e8b465ee728b)
Start importing Assets/Scripts/SceneManagerController.cs using Guid(f8c1f5b52e608604e99a51b88c3fb697) Importer(815301076,1909f56bfc062723c751e8b465ee728b) [PhysX] Initialized MultithreadedTaskDispatcher with 4 workers.
 -> (artifact id: '00000000000000000000000000000000') in 0.001306 seconds
Import Error Code:(4)
Message: Build asset version error: assets/scripts/scenemanagercontroller.cs in SourceAssetDB has modification time of '2024-12-05T16:46:12.6373848Z' while content on disk has modification time of '2024-12-05T16:46:47.2999686Z'
  ERROR: Build asset version error: assets/scripts/scenemanagercontroller.cs in SourceAssetDB has modification time of '2024-12-05T16:46:12.6373848Z' while content on disk has modification time of '2024-12-05T16:46:47.2999686Z'
Number of updated asset objects reloaded before import = 0
Number of asset objects unloaded after import = 0
========================================================================
Received Import Request.
  Time since last request: 0.018376 seconds.
  path: Assets/Scripts/SceneManagerController.cs
  artifactKey: Guid(f8c1f5b52e608604e99a51b88c3fb697) Importer(815301076,1909f56bfc062723c751e8b465ee728b)
Start importing Assets/Scripts/SceneManagerController.cs using Guid(f8c1f5b52e608604e99a51b88c3fb697) Importer(815301076,1909f56bfc062723c751e8b465ee728b) [PhysX] Initialized MultithreadedTaskDispatcher with 4 workers.
 -> (artifact id: '00000000000000000000000000000000') in 0.001385 seconds
Import Error Code:(4)
Message: Build asset version error: assets/scripts/scenemanagercontroller.cs in SourceAssetDB has modification time of '2024-12-05T16:46:12.6373848Z' while content on disk has modification time of '2024-12-05T16:46:47.2999686Z'
  ERROR: Build asset version error: assets/scripts/scenemanagercontroller.cs in SourceAssetDB has modification time of '2024-12-05T16:46:12.6373848Z' while content on disk has modification time of '2024-12-05T16:46:47.2999686Z'
Number of updated asset objects reloaded before import = 0
Number of asset objects unloaded after import = 0
========================================================================
Received Import Request.
  Time since last request: 0.017795 seconds.
  path: Assets/Scripts/SceneManagerController.cs
  artifactKey: Guid(f8c1f5b52e608604e99a51b88c3fb697) Importer(815301076,1909f56bfc062723c751e8b465ee728b)
Start importing Assets/Scripts/SceneManagerController.cs using Guid(f8c1f5b52e608604e99a51b88c3fb697) Importer(815301076,1909f56bfc062723c751e8b465ee728b) [PhysX] Initialized MultithreadedTaskDispatcher with 4 workers.
 -> (artifact id: '00000000000000000000000000000000') in 0.001244 seconds
Import Error Code:(4)
Message: Build asset version error: assets/scripts/scenemanagercontroller.cs in SourceAssetDB has modification time of '2024-12-05T16:46:12.6373848Z' while content on disk has modification time of '2024-12-05T16:46:47.2999686Z'
  ERROR: Build asset version error: assets/scripts/scenemanagercontroller.cs in SourceAssetDB has modification time of '2024-12-05T16:46:12.6373848Z' while content on disk has modification time of '2024-12-05T16:46:47.2999686Z'
Number of updated asset objects reloaded before import = 0
Number of asset objects unloaded after import = 0
========================================================================
Received Import Request.
  Time since last request: 0.017883 seconds.
  path: Assets/Scripts/SceneManagerController.cs
  artifactKey: Guid(f8c1f5b52e608604e99a51b88c3fb697) Importer(815301076,1909f56bfc062723c751e8b465ee728b)
Start importing Assets/Scripts/SceneManagerController.cs using Guid(f8c1f5b52e608604e99a51b88c3fb697) Importer(815301076,1909f56bfc062723c751e8b465ee728b) [PhysX] Initialized MultithreadedTaskDispatcher with 4 workers.
 -> (artifact id: '00000000000000000000000000000000') in 0.001664 seconds
Import Error Code:(4)
Message: Build asset version error: assets/scripts/scenemanagercontroller.cs in SourceAssetDB has modification time of '2024-12-05T16:46:12.6373848Z' while content on disk has modification time of '2024-12-05T16:46:47.2999686Z'
  ERROR: Build asset version error: assets/scripts/scenemanagercontroller.cs in SourceAssetDB has modification time of '2024-12-05T16:46:12.6373848Z' while content on disk has modification time of '2024-12-05T16:46:47.2999686Z'
Number of updated asset objects reloaded before import = 0
Number of asset objects unloaded after import = 0
========================================================================
Received Import Request.
  Time since last request: 0.016534 seconds.
  path: Assets/Scripts/SceneManagerController.cs
  artifactKey: Guid(f8c1f5b52e608604e99a51b88c3fb697) Importer(815301076,1909f56bfc062723c751e8b465ee728b)
Start importing Assets/Scripts/SceneManagerController.cs using Guid(f8c1f5b52e608604e99a51b88c3fb697) Importer(815301076,1909f56bfc062723c751e8b465ee728b) [PhysX] Initialized MultithreadedTaskDispatcher with 4 workers.
 -> (artifact id: '00000000000000000000000000000000') in 0.001287 seconds
Import Error Code:(4)
Message: Build asset version error: assets/scripts/scenemanagercontroller.cs in SourceAssetDB has modification time of '2024-12-05T16:46:12.6373848Z' while content on disk has modification time of '2024-12-05T16:46:47.2999686Z'
  ERROR: Build asset version error: assets/scripts/scenemanagercontroller.cs in SourceAssetDB has modification time of '2024-12-05T16:46:12.6373848Z' while content on disk has modification time of '2024-12-05T16:46:47.2999686Z'
Number of updated asset objects reloaded before import = 0
Number of asset objects unloaded after import = 0
========================================================================
Received Import Request.
  Time since last request: 0.017963 seconds.
  path: Assets/Scripts/SceneManagerController.cs
  artifactKey: Guid(f8c1f5b52e608604e99a51b88c3fb697) Importer(815301076,1909f56bfc062723c751e8b465ee728b)
Start importing Assets/Scripts/SceneManagerController.cs using Guid(f8c1f5b52e608604e99a51b88c3fb697) Importer(815301076,1909f56bfc062723c751e8b465ee728b) [PhysX] Initialized MultithreadedTaskDispatcher with 4 workers.
 -> (artifact id: '00000000000000000000000000000000') in 0.001376 seconds
Import Error Code:(4)
Message: Build asset version error: assets/scripts/scenemanagercontroller.cs in SourceAssetDB has modification time of '2024-12-05T16:46:12.6373848Z' while content on disk has modification time of '2024-12-05T16:46:47.2999686Z'
  ERROR: Build asset version error: assets/scripts/scenemanagercontroller.cs in SourceAssetDB has modification time of '2024-12-05T16:46:12.6373848Z' while content on disk has modification time of '2024-12-05T16:46:47.2999686Z'
Number of updated asset objects reloaded before import = 0
Number of asset objects unloaded after import = 0
========================================================================
Received Import Request.
  Time since last request: 0.017521 seconds.
  path: Assets/Scripts/SceneManagerController.cs
  artifactKey: Guid(f8c1f5b52e608604e99a51b88c3fb697) Importer(815301076,1909f56bfc062723c751e8b465ee728b)
Start importing Assets/Scripts/SceneManagerController.cs using Guid(f8c1f5b52e608604e99a51b88c3fb697) Importer(815301076,1909f56bfc062723c751e8b465ee728b) [PhysX] Initialized MultithreadedTaskDispatcher with 4 workers.
 -> (artifact id: '00000000000000000000000000000000') in 0.001274 seconds
Import Error Code:(4)
Message: Build asset version error: assets/scripts/scenemanagercontroller.cs in SourceAssetDB has modification time of '2024-12-05T16:46:12.6373848Z' while content on disk has modification time of '2024-12-05T16:46:47.2999686Z'
  ERROR: Build asset version error: assets/scripts/scenemanagercontroller.cs in SourceAssetDB has modification time of '2024-12-05T16:46:12.6373848Z' while content on disk has modification time of '2024-12-05T16:46:47.2999686Z'
Number of updated asset objects reloaded before import = 0
Number of asset objects unloaded after import = 0
========================================================================
Received Import Request.
  Time since last request: 0.017471 seconds.
  path: Assets/Scripts/SceneManagerController.cs
  artifactKey: Guid(f8c1f5b52e608604e99a51b88c3fb697) Importer(815301076,1909f56bfc062723c751e8b465ee728b)
Start importing Assets/Scripts/SceneManagerController.cs using Guid(f8c1f5b52e608604e99a51b88c3fb697) Importer(815301076,1909f56bfc062723c751e8b465ee728b) [PhysX] Initialized MultithreadedTaskDispatcher with 4 workers.
 -> (artifact id: '00000000000000000000000000000000') in 0.002524 seconds
Import Error Code:(4)
Message: Build asset version error: assets/scripts/scenemanagercontroller.cs in SourceAssetDB has modification time of '2024-12-05T16:46:12.6373848Z' while content on disk has modification time of '2024-12-05T16:46:47.2999686Z'
  ERROR: Build asset version error: assets/scripts/scenemanagercontroller.cs in SourceAssetDB has modification time of '2024-12-05T16:46:12.6373848Z' while content on disk has modification time of '2024-12-05T16:46:47.2999686Z'
Number of updated asset objects reloaded before import = 0
Number of asset objects unloaded after import = 0
========================================================================
Received Import Request.
  Time since last request: 0.017537 seconds.
  path: Assets/Scripts/SceneManagerController.cs
  artifactKey: Guid(f8c1f5b52e608604e99a51b88c3fb697) Importer(815301076,1909f56bfc062723c751e8b465ee728b)
Start importing Assets/Scripts/SceneManagerController.cs using Guid(f8c1f5b52e608604e99a51b88c3fb697) Importer(815301076,1909f56bfc062723c751e8b465ee728b) [PhysX] Initialized MultithreadedTaskDispatcher with 4 workers.
 -> (artifact id: '00000000000000000000000000000000') in 0.001931 seconds
Import Error Code:(4)
Message: Build asset version error: assets/scripts/scenemanagercontroller.cs in SourceAssetDB has modification time of '2024-12-05T16:46:12.6373848Z' while content on disk has modification time of '2024-12-05T16:46:47.2999686Z'
  ERROR: Build asset version error: assets/scripts/scenemanagercontroller.cs in SourceAssetDB has modification time of '2024-12-05T16:46:12.6373848Z' while content on disk has modification time of '2024-12-05T16:46:47.2999686Z'
Number of updated asset objects reloaded before import = 0
Number of asset objects unloaded after import = 0
========================================================================
Received Import Request.
  Time since last request: 0.021430 seconds.
  path: Assets/Scripts/SceneManagerController.cs
  artifactKey: Guid(f8c1f5b52e608604e99a51b88c3fb697) Importer(815301076,1909f56bfc062723c751e8b465ee728b)
Start importing Assets/Scripts/SceneManagerController.cs using Guid(f8c1f5b52e608604e99a51b88c3fb697) Importer(815301076,1909f56bfc062723c751e8b465ee728b) [PhysX] Initialized MultithreadedTaskDispatcher with 4 workers.
 -> (artifact id: '00000000000000000000000000000000') in 0.004072 seconds
Import Error Code:(4)
Message: Build asset version error: assets/scripts/scenemanagercontroller.cs in SourceAssetDB has modification time of '2024-12-05T16:46:12.6373848Z' while content on disk has modification time of '2024-12-05T16:46:47.2999686Z'
  ERROR: Build asset version error: assets/scripts/scenemanagercontroller.cs in SourceAssetDB has modification time of '2024-12-05T16:46:12.6373848Z' while content on disk has modification time of '2024-12-05T16:46:47.2999686Z'
Number of updated asset objects reloaded before import = 0
Number of asset objects unloaded after import = 0
========================================================================
Received Import Request.
  Time since last request: 0.017598 seconds.
  path: Assets/Scripts/SceneManagerController.cs
  artifactKey: Guid(f8c1f5b52e608604e99a51b88c3fb697) Importer(815301076,1909f56bfc062723c751e8b465ee728b)
Start importing Assets/Scripts/SceneManagerController.cs using Guid(f8c1f5b52e608604e99a51b88c3fb697) Importer(815301076,1909f56bfc062723c751e8b465ee728b) [PhysX] Initialized MultithreadedTaskDispatcher with 4 workers.
 -> (artifact id: '00000000000000000000000000000000') in 0.001348 seconds
Import Error Code:(4)
Message: Build asset version error: assets/scripts/scenemanagercontroller.cs in SourceAssetDB has modification time of '2024-12-05T16:46:12.6373848Z' while content on disk has modification time of '2024-12-05T16:46:47.2999686Z'
  ERROR: Build asset version error: assets/scripts/scenemanagercontroller.cs in SourceAssetDB has modification time of '2024-12-05T16:46:12.6373848Z' while content on disk has modification time of '2024-12-05T16:46:47.2999686Z'
Number of updated asset objects reloaded before import = 0
Number of asset objects unloaded after import = 0
========================================================================
Received Import Request.
  Time since last request: 0.017833 seconds.
  path: Assets/Scripts/SceneManagerController.cs
  artifactKey: Guid(f8c1f5b52e608604e99a51b88c3fb697) Importer(815301076,1909f56bfc062723c751e8b465ee728b)
Start importing Assets/Scripts/SceneManagerController.cs using Guid(f8c1f5b52e608604e99a51b88c3fb697) Importer(815301076,1909f56bfc062723c751e8b465ee728b) [PhysX] Initialized MultithreadedTaskDispatcher with 4 workers.
 -> (artifact id: '00000000000000000000000000000000') in 0.001256 seconds
Import Error Code:(4)
Message: Build asset version error: assets/scripts/scenemanagercontroller.cs in SourceAssetDB has modification time of '2024-12-05T16:46:12.6373848Z' while content on disk has modification time of '2024-12-05T16:46:47.2999686Z'
  ERROR: Build asset version error: assets/scripts/scenemanagercontroller.cs in SourceAssetDB has modification time of '2024-12-05T16:46:12.6373848Z' while content on disk has modification time of '2024-12-05T16:46:47.2999686Z'
Number of updated asset objects reloaded before import = 0
Number of asset objects unloaded after import = 0
========================================================================
Received Import Request.
  Time since last request: 0.017905 seconds.
  path: Assets/Scripts/SceneManagerController.cs
  artifactKey: Guid(f8c1f5b52e608604e99a51b88c3fb697) Importer(815301076,1909f56bfc062723c751e8b465ee728b)
Start importing Assets/Scripts/SceneManagerController.cs using Guid(f8c1f5b52e608604e99a51b88c3fb697) Importer(815301076,1909f56bfc062723c751e8b465ee728b) [PhysX] Initialized MultithreadedTaskDispatcher with 4 workers.
 -> (artifact id: '00000000000000000000000000000000') in 0.001160 seconds
Import Error Code:(4)
Message: Build asset version error: assets/scripts/scenemanagercontroller.cs in SourceAssetDB has modification time of '2024-12-05T16:46:12.6373848Z' while content on disk has modification time of '2024-12-05T16:46:47.2999686Z'
  ERROR: Build asset version error: assets/scripts/scenemanagercontroller.cs in SourceAssetDB has modification time of '2024-12-05T16:46:12.6373848Z' while content on disk has modification time of '2024-12-05T16:46:47.2999686Z'
Number of updated asset objects reloaded before import = 0
Number of asset objects unloaded after import = 0
========================================================================
Received Import Request.
  Time since last request: 0.019841 seconds.
  path: Assets/Scripts/SceneManagerController.cs
  artifactKey: Guid(f8c1f5b52e608604e99a51b88c3fb697) Importer(815301076,1909f56bfc062723c751e8b465ee728b)
Start importing Assets/Scripts/SceneManagerController.cs using Guid(f8c1f5b52e608604e99a51b88c3fb697) Importer(815301076,1909f56bfc062723c751e8b465ee728b) [PhysX] Initialized MultithreadedTaskDispatcher with 4 workers.
 -> (artifact id: '00000000000000000000000000000000') in 0.002124 seconds
Import Error Code:(4)
Message: Build asset version error: assets/scripts/scenemanagercontroller.cs in SourceAssetDB has modification time of '2024-12-05T16:46:12.6373848Z' while content on disk has modification time of '2024-12-05T16:46:47.2999686Z'
  ERROR: Build asset version error: assets/scripts/scenemanagercontroller.cs in SourceAssetDB has modification time of '2024-12-05T16:46:12.6373848Z' while content on disk has modification time of '2024-12-05T16:46:47.2999686Z'
Number of updated asset objects reloaded before import = 0
Number of asset objects unloaded after import = 0
========================================================================
Received Import Request.
  Time since last request: 0.016838 seconds.
  path: Assets/Scripts/SceneManagerController.cs
  artifactKey: Guid(f8c1f5b52e608604e99a51b88c3fb697) Importer(815301076,1909f56bfc062723c751e8b465ee728b)
Start importing Assets/Scripts/SceneManagerController.cs using Guid(f8c1f5b52e608604e99a51b88c3fb697) Importer(815301076,1909f56bfc062723c751e8b465ee728b) [PhysX] Initialized MultithreadedTaskDispatcher with 4 workers.
 -> (artifact id: '00000000000000000000000000000000') in 0.002235 seconds
Import Error Code:(4)
Message: Build asset version error: assets/scripts/scenemanagercontroller.cs in SourceAssetDB has modification time of '2024-12-05T16:46:12.6373848Z' while content on disk has modification time of '2024-12-05T16:46:47.2999686Z'
  ERROR: Build asset version error: assets/scripts/scenemanagercontroller.cs in SourceAssetDB has modification time of '2024-12-05T16:46:12.6373848Z' while content on disk has modification time of '2024-12-05T16:46:47.2999686Z'
Number of updated asset objects reloaded before import = 0
Number of asset objects unloaded after import = 0
========================================================================
Received Import Request.
  Time since last request: 0.019267 seconds.
  path: Assets/Scripts/SceneManagerController.cs
  artifactKey: Guid(f8c1f5b52e608604e99a51b88c3fb697) Importer(815301076,1909f56bfc062723c751e8b465ee728b)
Start importing Assets/Scripts/SceneManagerController.cs using Guid(f8c1f5b52e608604e99a51b88c3fb697) Importer(815301076,1909f56bfc062723c751e8b465ee728b) [PhysX] Initialized MultithreadedTaskDispatcher with 4 workers.
 -> (artifact id: '00000000000000000000000000000000') in 0.002678 seconds
Import Error Code:(4)
Message: Build asset version error: assets/scripts/scenemanagercontroller.cs in SourceAssetDB has modification time of '2024-12-05T16:46:12.6373848Z' while content on disk has modification time of '2024-12-05T16:46:47.2999686Z'
  ERROR: Build asset version error: assets/scripts/scenemanagercontroller.cs in SourceAssetDB has modification time of '2024-12-05T16:46:12.6373848Z' while content on disk has modification time of '2024-12-05T16:46:47.2999686Z'
Number of updated asset objects reloaded before import = 0
Number of asset objects unloaded after import = 0
========================================================================
Received Import Request.
  Time since last request: 0.054311 seconds.
  path: Assets/Scripts/SceneManagerController.cs
  artifactKey: Guid(f8c1f5b52e608604e99a51b88c3fb697) Importer(815301076,1909f56bfc062723c751e8b465ee728b)
Start importing Assets/Scripts/SceneManagerController.cs using Guid(f8c1f5b52e608604e99a51b88c3fb697) Importer(815301076,1909f56bfc062723c751e8b465ee728b) [PhysX] Initialized MultithreadedTaskDispatcher with 4 workers.
 -> (artifact id: '00000000000000000000000000000000') in 0.002051 seconds
Import Error Code:(4)
Message: Build asset version error: assets/scripts/scenemanagercontroller.cs in SourceAssetDB has modification time of '2024-12-05T16:46:12.6373848Z' while content on disk has modification time of '2024-12-05T16:46:47.2999686Z'
  ERROR: Build asset version error: assets/scripts/scenemanagercontroller.cs in SourceAssetDB has modification time of '2024-12-05T16:46:12.6373848Z' while content on disk has modification time of '2024-12-05T16:46:47.2999686Z'
Number of updated asset objects reloaded before import = 0
Number of asset objects unloaded after import = 0
========================================================================
Received Import Request.
  Time since last request: 0.018844 seconds.
  path: Assets/Scripts/SceneManagerController.cs
  artifactKey: Guid(f8c1f5b52e608604e99a51b88c3fb697) Importer(815301076,1909f56bfc062723c751e8b465ee728b)
Start importing Assets/Scripts/SceneManagerController.cs using Guid(f8c1f5b52e608604e99a51b88c3fb697) Importer(815301076,1909f56bfc062723c751e8b465ee728b) [PhysX] Initialized MultithreadedTaskDispatcher with 4 workers.
 -> (artifact id: '00000000000000000000000000000000') in 0.001040 seconds
Import Error Code:(4)
Message: Build asset version error: assets/scripts/scenemanagercontroller.cs in SourceAssetDB has modification time of '2024-12-05T16:46:12.6373848Z' while content on disk has modification time of '2024-12-05T16:46:47.2999686Z'
  ERROR: Build asset version error: assets/scripts/scenemanagercontroller.cs in SourceAssetDB has modification time of '2024-12-05T16:46:12.6373848Z' while content on disk has modification time of '2024-12-05T16:46:47.2999686Z'
Number of updated asset objects reloaded before import = 0
Number of asset objects unloaded after import = 0
========================================================================
Received Import Request.
  Time since last request: 0.020221 seconds.
  path: Assets/Scripts/SceneManagerController.cs
  artifactKey: Guid(f8c1f5b52e608604e99a51b88c3fb697) Importer(815301076,1909f56bfc062723c751e8b465ee728b)
Start importing Assets/Scripts/SceneManagerController.cs using Guid(f8c1f5b52e608604e99a51b88c3fb697) Importer(815301076,1909f56bfc062723c751e8b465ee728b) [PhysX] Initialized MultithreadedTaskDispatcher with 4 workers.
 -> (artifact id: '00000000000000000000000000000000') in 0.001601 seconds
Import Error Code:(4)
Message: Build asset version error: assets/scripts/scenemanagercontroller.cs in SourceAssetDB has modification time of '2024-12-05T16:46:12.6373848Z' while content on disk has modification time of '2024-12-05T16:46:47.2999686Z'
  ERROR: Build asset version error: assets/scripts/scenemanagercontroller.cs in SourceAssetDB has modification time of '2024-12-05T16:46:12.6373848Z' while content on disk has modification time of '2024-12-05T16:46:47.2999686Z'
Number of updated asset objects reloaded before import = 0
Number of asset objects unloaded after import = 0
========================================================================
Received Import Request.
  Time since last request: 0.015844 seconds.
  path: Assets/Scripts/SceneManagerController.cs
  artifactKey: Guid(f8c1f5b52e608604e99a51b88c3fb697) Importer(815301076,1909f56bfc062723c751e8b465ee728b)
Start importing Assets/Scripts/SceneManagerController.cs using Guid(f8c1f5b52e608604e99a51b88c3fb697) Importer(815301076,1909f56bfc062723c751e8b465ee728b) [PhysX] Initialized MultithreadedTaskDispatcher with 4 workers.
 -> (artifact id: '00000000000000000000000000000000') in 0.001033 seconds
Import Error Code:(4)
Message: Build asset version error: assets/scripts/scenemanagercontroller.cs in SourceAssetDB has modification time of '2024-12-05T16:46:12.6373848Z' while content on disk has modification time of '2024-12-05T16:46:47.2999686Z'
  ERROR: Build asset version error: assets/scripts/scenemanagercontroller.cs in SourceAssetDB has modification time of '2024-12-05T16:46:12.6373848Z' while content on disk has modification time of '2024-12-05T16:46:47.2999686Z'
Number of updated asset objects reloaded before import = 0
Number of asset objects unloaded after import = 0
========================================================================
Received Import Request.
  Time since last request: 0.015885 seconds.
  path: Assets/Scripts/SceneManagerController.cs
  artifactKey: Guid(f8c1f5b52e608604e99a51b88c3fb697) Importer(815301076,1909f56bfc062723c751e8b465ee728b)
Start importing Assets/Scripts/SceneManagerController.cs using Guid(f8c1f5b52e608604e99a51b88c3fb697) Importer(815301076,1909f56bfc062723c751e8b465ee728b) [PhysX] Initialized MultithreadedTaskDispatcher with 4 workers.
 -> (artifact id: '00000000000000000000000000000000') in 0.001052 seconds
Import Error Code:(4)
Message: Build asset version error: assets/scripts/scenemanagercontroller.cs in SourceAssetDB has modification time of '2024-12-05T16:46:12.6373848Z' while content on disk has modification time of '2024-12-05T16:46:47.2999686Z'
  ERROR: Build asset version error: assets/scripts/scenemanagercontroller.cs in SourceAssetDB has modification time of '2024-12-05T16:46:12.6373848Z' while content on disk has modification time of '2024-12-05T16:46:47.2999686Z'
Number of updated asset objects reloaded before import = 0
Number of asset objects unloaded after import = 0
========================================================================
Received Import Request.
  Time since last request: 0.018183 seconds.
  path: Assets/Scripts/SceneManagerController.cs
  artifactKey: Guid(f8c1f5b52e608604e99a51b88c3fb697) Importer(815301076,1909f56bfc062723c751e8b465ee728b)
Start importing Assets/Scripts/SceneManagerController.cs using Guid(f8c1f5b52e608604e99a51b88c3fb697) Importer(815301076,1909f56bfc062723c751e8b465ee728b) [PhysX] Initialized MultithreadedTaskDispatcher with 4 workers.
 -> (artifact id: '00000000000000000000000000000000') in 0.001329 seconds
Import Error Code:(4)
Message: Build asset version error: assets/scripts/scenemanagercontroller.cs in SourceAssetDB has modification time of '2024-12-05T16:46:12.6373848Z' while content on disk has modification time of '2024-12-05T16:46:47.2999686Z'
  ERROR: Build asset version error: assets/scripts/scenemanagercontroller.cs in SourceAssetDB has modification time of '2024-12-05T16:46:12.6373848Z' while content on disk has modification time of '2024-12-05T16:46:47.2999686Z'
Number of updated asset objects reloaded before import = 0
Number of asset objects unloaded after import = 0
========================================================================
Received Import Request.
  Time since last request: 0.018673 seconds.
  path: Assets/Scripts/SceneManagerController.cs
  artifactKey: Guid(f8c1f5b52e608604e99a51b88c3fb697) Importer(815301076,1909f56bfc062723c751e8b465ee728b)
Start importing Assets/Scripts/SceneManagerController.cs using Guid(f8c1f5b52e608604e99a51b88c3fb697) Importer(815301076,1909f56bfc062723c751e8b465ee728b) [PhysX] Initialized MultithreadedTaskDispatcher with 4 workers.
 -> (artifact id: '00000000000000000000000000000000') in 0.001311 seconds
Import Error Code:(4)
Message: Build asset version error: assets/scripts/scenemanagercontroller.cs in SourceAssetDB has modification time of '2024-12-05T16:46:12.6373848Z' while content on disk has modification time of '2024-12-05T16:46:47.2999686Z'
  ERROR: Build asset version error: assets/scripts/scenemanagercontroller.cs in SourceAssetDB has modification time of '2024-12-05T16:46:12.6373848Z' while content on disk has modification time of '2024-12-05T16:46:47.2999686Z'
Number of updated asset objects reloaded before import = 0
Number of asset objects unloaded after import = 0
========================================================================
Received Import Request.
  Time since last request: 0.019205 seconds.
  path: Assets/Scripts/SceneManagerController.cs
  artifactKey: Guid(f8c1f5b52e608604e99a51b88c3fb697) Importer(815301076,1909f56bfc062723c751e8b465ee728b)
Start importing Assets/Scripts/SceneManagerController.cs using Guid(f8c1f5b52e608604e99a51b88c3fb697) Importer(815301076,1909f56bfc062723c751e8b465ee728b) [PhysX] Initialized MultithreadedTaskDispatcher with 4 workers.
 -> (artifact id: '00000000000000000000000000000000') in 0.001518 seconds
Import Error Code:(4)
Message: Build asset version error: assets/scripts/scenemanagercontroller.cs in SourceAssetDB has modification time of '2024-12-05T16:46:12.6373848Z' while content on disk has modification time of '2024-12-05T16:46:47.2999686Z'
  ERROR: Build asset version error: assets/scripts/scenemanagercontroller.cs in SourceAssetDB has modification time of '2024-12-05T16:46:12.6373848Z' while content on disk has modification time of '2024-12-05T16:46:47.2999686Z'
Number of updated asset objects reloaded before import = 0
Number of asset objects unloaded after import = 0
========================================================================
Received Import Request.
  Time since last request: 0.018502 seconds.
  path: Assets/Scripts/SceneManagerController.cs
  artifactKey: Guid(f8c1f5b52e608604e99a51b88c3fb697) Importer(815301076,1909f56bfc062723c751e8b465ee728b)
Start importing Assets/Scripts/SceneManagerController.cs using Guid(f8c1f5b52e608604e99a51b88c3fb697) Importer(815301076,1909f56bfc062723c751e8b465ee728b) [PhysX] Initialized MultithreadedTaskDispatcher with 4 workers.
 -> (artifact id: '00000000000000000000000000000000') in 0.001697 seconds
Import Error Code:(4)
Message: Build asset version error: assets/scripts/scenemanagercontroller.cs in SourceAssetDB has modification time of '2024-12-05T16:46:12.6373848Z' while content on disk has modification time of '2024-12-05T16:46:47.2999686Z'
  ERROR: Build asset version error: assets/scripts/scenemanagercontroller.cs in SourceAssetDB has modification time of '2024-12-05T16:46:12.6373848Z' while content on disk has modification time of '2024-12-05T16:46:47.2999686Z'
Number of updated asset objects reloaded before import = 0
Number of asset objects unloaded after import = 0
========================================================================
Received Import Request.
  Time since last request: 0.018664 seconds.
  path: Assets/Scripts/SceneManagerController.cs
  artifactKey: Guid(f8c1f5b52e608604e99a51b88c3fb697) Importer(815301076,1909f56bfc062723c751e8b465ee728b)
Start importing Assets/Scripts/SceneManagerController.cs using Guid(f8c1f5b52e608604e99a51b88c3fb697) Importer(815301076,1909f56bfc062723c751e8b465ee728b) [PhysX] Initialized MultithreadedTaskDispatcher with 4 workers.
 -> (artifact id: '00000000000000000000000000000000') in 0.001515 seconds
Import Error Code:(4)
Message: Build asset version error: assets/scripts/scenemanagercontroller.cs in SourceAssetDB has modification time of '2024-12-05T16:46:12.6373848Z' while content on disk has modification time of '2024-12-05T16:46:47.2999686Z'
  ERROR: Build asset version error: assets/scripts/scenemanagercontroller.cs in SourceAssetDB has modification time of '2024-12-05T16:46:12.6373848Z' while content on disk has modification time of '2024-12-05T16:46:47.2999686Z'
Number of updated asset objects reloaded before import = 0
Number of asset objects unloaded after import = 0
========================================================================
Received Import Request.
  Time since last request: 0.017431 seconds.
  path: Assets/Scripts/SceneManagerController.cs
  artifactKey: Guid(f8c1f5b52e608604e99a51b88c3fb697) Importer(815301076,1909f56bfc062723c751e8b465ee728b)
Start importing Assets/Scripts/SceneManagerController.cs using Guid(f8c1f5b52e608604e99a51b88c3fb697) Importer(815301076,1909f56bfc062723c751e8b465ee728b) [PhysX] Initialized MultithreadedTaskDispatcher with 4 workers.
 -> (artifact id: '00000000000000000000000000000000') in 0.002896 seconds
Import Error Code:(4)
Message: Build asset version error: assets/scripts/scenemanagercontroller.cs in SourceAssetDB has modification time of '2024-12-05T16:46:12.6373848Z' while content on disk has modification time of '2024-12-05T16:46:47.2999686Z'
  ERROR: Build asset version error: assets/scripts/scenemanagercontroller.cs in SourceAssetDB has modification time of '2024-12-05T16:46:12.6373848Z' while content on disk has modification time of '2024-12-05T16:46:47.2999686Z'
Number of updated asset objects reloaded before import = 0
Number of asset objects unloaded after import = 0
========================================================================
Received Import Request.
  Time since last request: 0.017660 seconds.
  path: Assets/Scripts/SceneManagerController.cs
  artifactKey: Guid(f8c1f5b52e608604e99a51b88c3fb697) Importer(815301076,1909f56bfc062723c751e8b465ee728b)
Start importing Assets/Scripts/SceneManagerController.cs using Guid(f8c1f5b52e608604e99a51b88c3fb697) Importer(815301076,1909f56bfc062723c751e8b465ee728b) [PhysX] Initialized MultithreadedTaskDispatcher with 4 workers.
 -> (artifact id: '00000000000000000000000000000000') in 0.001727 seconds
Import Error Code:(4)
Message: Build asset version error: assets/scripts/scenemanagercontroller.cs in SourceAssetDB has modification time of '2024-12-05T16:46:12.6373848Z' while content on disk has modification time of '2024-12-05T16:46:47.2999686Z'
  ERROR: Build asset version error: assets/scripts/scenemanagercontroller.cs in SourceAssetDB has modification time of '2024-12-05T16:46:12.6373848Z' while content on disk has modification time of '2024-12-05T16:46:47.2999686Z'
Number of updated asset objects reloaded before import = 0
Number of asset objects unloaded after import = 0
========================================================================
Received Import Request.
  Time since last request: 0.020343 seconds.
  path: Assets/Scripts/SceneManagerController.cs
  artifactKey: Guid(f8c1f5b52e608604e99a51b88c3fb697) Importer(815301076,1909f56bfc062723c751e8b465ee728b)
Start importing Assets/Scripts/SceneManagerController.cs using Guid(f8c1f5b52e608604e99a51b88c3fb697) Importer(815301076,1909f56bfc062723c751e8b465ee728b) [PhysX] Initialized MultithreadedTaskDispatcher with 4 workers.
 -> (artifact id: '00000000000000000000000000000000') in 0.001238 seconds
Import Error Code:(4)
Message: Build asset version error: assets/scripts/scenemanagercontroller.cs in SourceAssetDB has modification time of '2024-12-05T16:46:12.6373848Z' while content on disk has modification time of '2024-12-05T16:46:47.2999686Z'
  ERROR: Build asset version error: assets/scripts/scenemanagercontroller.cs in SourceAssetDB has modification time of '2024-12-05T16:46:12.6373848Z' while content on disk has modification time of '2024-12-05T16:46:47.2999686Z'
Number of updated asset objects reloaded before import = 0
Number of asset objects unloaded after import = 0
========================================================================
Received Import Request.
  Time since last request: 0.023183 seconds.
  path: Assets/Scripts/SceneManagerController.cs
  artifactKey: Guid(f8c1f5b52e608604e99a51b88c3fb697) Importer(815301076,1909f56bfc062723c751e8b465ee728b)
Start importing Assets/Scripts/SceneManagerController.cs using Guid(f8c1f5b52e608604e99a51b88c3fb697) Importer(815301076,1909f56bfc062723c751e8b465ee728b) [PhysX] Initialized MultithreadedTaskDispatcher with 4 workers.
 -> (artifact id: '00000000000000000000000000000000') in 0.001286 seconds
Import Error Code:(4)
Message: Build asset version error: assets/scripts/scenemanagercontroller.cs in SourceAssetDB has modification time of '2024-12-05T16:46:12.6373848Z' while content on disk has modification time of '2024-12-05T16:46:47.2999686Z'
  ERROR: Build asset version error: assets/scripts/scenemanagercontroller.cs in SourceAssetDB has modification time of '2024-12-05T16:46:12.6373848Z' while content on disk has modification time of '2024-12-05T16:46:47.2999686Z'
Number of updated asset objects reloaded before import = 0
Number of asset objects unloaded after import = 0
========================================================================
Received Import Request.
  Time since last request: 0.020544 seconds.
  path: Assets/Scripts/SceneManagerController.cs
  artifactKey: Guid(f8c1f5b52e608604e99a51b88c3fb697) Importer(815301076,1909f56bfc062723c751e8b465ee728b)
Start importing Assets/Scripts/SceneManagerController.cs using Guid(f8c1f5b52e608604e99a51b88c3fb697) Importer(815301076,1909f56bfc062723c751e8b465ee728b) [PhysX] Initialized MultithreadedTaskDispatcher with 4 workers.
 -> (artifact id: '00000000000000000000000000000000') in 0.001279 seconds
Import Error Code:(4)
Message: Build asset version error: assets/scripts/scenemanagercontroller.cs in SourceAssetDB has modification time of '2024-12-05T16:46:12.6373848Z' while content on disk has modification time of '2024-12-05T16:46:47.2999686Z'
  ERROR: Build asset version error: assets/scripts/scenemanagercontroller.cs in SourceAssetDB has modification time of '2024-12-05T16:46:12.6373848Z' while content on disk has modification time of '2024-12-05T16:46:47.2999686Z'
Number of updated asset objects reloaded before import = 0
Number of asset objects unloaded after import = 0
========================================================================
Received Import Request.
  Time since last request: 0.017126 seconds.
  path: Assets/Scripts/SceneManagerController.cs
  artifactKey: Guid(f8c1f5b52e608604e99a51b88c3fb697) Importer(815301076,1909f56bfc062723c751e8b465ee728b)
Start importing Assets/Scripts/SceneManagerController.cs using Guid(f8c1f5b52e608604e99a51b88c3fb697) Importer(815301076,1909f56bfc062723c751e8b465ee728b) [PhysX] Initialized MultithreadedTaskDispatcher with 4 workers.
 -> (artifact id: '00000000000000000000000000000000') in 0.003719 seconds
Import Error Code:(4)
Message: Build asset version error: assets/scripts/scenemanagercontroller.cs in SourceAssetDB has modification time of '2024-12-05T16:46:12.6373848Z' while content on disk has modification time of '2024-12-05T16:46:47.2999686Z'
  ERROR: Build asset version error: assets/scripts/scenemanagercontroller.cs in SourceAssetDB has modification time of '2024-12-05T16:46:12.6373848Z' while content on disk has modification time of '2024-12-05T16:46:47.2999686Z'
Number of updated asset objects reloaded before import = 0
Number of asset objects unloaded after import = 0
========================================================================
Received Import Request.
  Time since last request: 0.016329 seconds.
  path: Assets/Scripts/SceneManagerController.cs
  artifactKey: Guid(f8c1f5b52e608604e99a51b88c3fb697) Importer(815301076,1909f56bfc062723c751e8b465ee728b)
Start importing Assets/Scripts/SceneManagerController.cs using Guid(f8c1f5b52e608604e99a51b88c3fb697) Importer(815301076,1909f56bfc062723c751e8b465ee728b) [PhysX] Initialized MultithreadedTaskDispatcher with 4 workers.
 -> (artifact id: '00000000000000000000000000000000') in 0.001131 seconds
Import Error Code:(4)
Message: Build asset version error: assets/scripts/scenemanagercontroller.cs in SourceAssetDB has modification time of '2024-12-05T16:46:12.6373848Z' while content on disk has modification time of '2024-12-05T16:46:47.2999686Z'
  ERROR: Build asset version error: assets/scripts/scenemanagercontroller.cs in SourceAssetDB has modification time of '2024-12-05T16:46:12.6373848Z' while content on disk has modification time of '2024-12-05T16:46:47.2999686Z'
Number of updated asset objects reloaded before import = 0
Number of asset objects unloaded after import = 0
========================================================================
Received Import Request.
  Time since last request: 0.017210 seconds.
  path: Assets/Scripts/SceneManagerController.cs
  artifactKey: Guid(f8c1f5b52e608604e99a51b88c3fb697) Importer(815301076,1909f56bfc062723c751e8b465ee728b)
Start importing Assets/Scripts/SceneManagerController.cs using Guid(f8c1f5b52e608604e99a51b88c3fb697) Importer(815301076,1909f56bfc062723c751e8b465ee728b) [PhysX] Initialized MultithreadedTaskDispatcher with 4 workers.
 -> (artifact id: '00000000000000000000000000000000') in 0.001117 seconds
Import Error Code:(4)
Message: Build asset version error: assets/scripts/scenemanagercontroller.cs in SourceAssetDB has modification time of '2024-12-05T16:46:12.6373848Z' while content on disk has modification time of '2024-12-05T16:46:47.2999686Z'
  ERROR: Build asset version error: assets/scripts/scenemanagercontroller.cs in SourceAssetDB has modification time of '2024-12-05T16:46:12.6373848Z' while content on disk has modification time of '2024-12-05T16:46:47.2999686Z'
Number of updated asset objects reloaded before import = 0
Number of asset objects unloaded after import = 0
========================================================================
Received Import Request.
  Time since last request: 0.018602 seconds.
  path: Assets/Scripts/SceneManagerController.cs
  artifactKey: Guid(f8c1f5b52e608604e99a51b88c3fb697) Importer(815301076,1909f56bfc062723c751e8b465ee728b)
Start importing Assets/Scripts/SceneManagerController.cs using Guid(f8c1f5b52e608604e99a51b88c3fb697) Importer(815301076,1909f56bfc062723c751e8b465ee728b) [PhysX] Initialized MultithreadedTaskDispatcher with 4 workers.
 -> (artifact id: '00000000000000000000000000000000') in 0.001805 seconds
Import Error Code:(4)
Message: Build asset version error: assets/scripts/scenemanagercontroller.cs in SourceAssetDB has modification time of '2024-12-05T16:46:12.6373848Z' while content on disk has modification time of '2024-12-05T16:46:47.2999686Z'
  ERROR: Build asset version error: assets/scripts/scenemanagercontroller.cs in SourceAssetDB has modification time of '2024-12-05T16:46:12.6373848Z' while content on disk has modification time of '2024-12-05T16:46:47.2999686Z'
Number of updated asset objects reloaded before import = 0
Number of asset objects unloaded after import = 0
========================================================================
Received Import Request.
  Time since last request: 0.017619 seconds.
  path: Assets/Scripts/SceneManagerController.cs
  artifactKey: Guid(f8c1f5b52e608604e99a51b88c3fb697) Importer(815301076,1909f56bfc062723c751e8b465ee728b)
Start importing Assets/Scripts/SceneManagerController.cs using Guid(f8c1f5b52e608604e99a51b88c3fb697) Importer(815301076,1909f56bfc062723c751e8b465ee728b) [PhysX] Initialized MultithreadedTaskDispatcher with 4 workers.
 -> (artifact id: '00000000000000000000000000000000') in 0.001720 seconds
Import Error Code:(4)
Message: Build asset version error: assets/scripts/scenemanagercontroller.cs in SourceAssetDB has modification time of '2024-12-05T16:46:12.6373848Z' while content on disk has modification time of '2024-12-05T16:46:47.2999686Z'
  ERROR: Build asset version error: assets/scripts/scenemanagercontroller.cs in SourceAssetDB has modification time of '2024-12-05T16:46:12.6373848Z' while content on disk has modification time of '2024-12-05T16:46:47.2999686Z'
Number of updated asset objects reloaded before import = 0
Number of asset objects unloaded after import = 0
========================================================================
Received Import Request.
  Time since last request: 0.019621 seconds.
  path: Assets/Scripts/SceneManagerController.cs
  artifactKey: Guid(f8c1f5b52e608604e99a51b88c3fb697) Importer(815301076,1909f56bfc062723c751e8b465ee728b)
Start importing Assets/Scripts/SceneManagerController.cs using Guid(f8c1f5b52e608604e99a51b88c3fb697) Importer(815301076,1909f56bfc062723c751e8b465ee728b) [PhysX] Initialized MultithreadedTaskDispatcher with 4 workers.
 -> (artifact id: '00000000000000000000000000000000') in 0.001305 seconds
Import Error Code:(4)
Message: Build asset version error: assets/scripts/scenemanagercontroller.cs in SourceAssetDB has modification time of '2024-12-05T16:46:12.6373848Z' while content on disk has modification time of '2024-12-05T16:46:47.2999686Z'
  ERROR: Build asset version error: assets/scripts/scenemanagercontroller.cs in SourceAssetDB has modification time of '2024-12-05T16:46:12.6373848Z' while content on disk has modification time of '2024-12-05T16:46:47.2999686Z'
Number of updated asset objects reloaded before import = 0
Number of asset objects unloaded after import = 0
========================================================================
Received Import Request.
  Time since last request: 0.022077 seconds.
  path: Assets/Scripts/SceneManagerController.cs
  artifactKey: Guid(f8c1f5b52e608604e99a51b88c3fb697) Importer(815301076,1909f56bfc062723c751e8b465ee728b)
Start importing Assets/Scripts/SceneManagerController.cs using Guid(f8c1f5b52e608604e99a51b88c3fb697) Importer(815301076,1909f56bfc062723c751e8b465ee728b) [PhysX] Initialized MultithreadedTaskDispatcher with 4 workers.
 -> (artifact id: '00000000000000000000000000000000') in 0.001201 seconds
Import Error Code:(4)
Message: Build asset version error: assets/scripts/scenemanagercontroller.cs in SourceAssetDB has modification time of '2024-12-05T16:46:12.6373848Z' while content on disk has modification time of '2024-12-05T16:46:47.2999686Z'
  ERROR: Build asset version error: assets/scripts/scenemanagercontroller.cs in SourceAssetDB has modification time of '2024-12-05T16:46:12.6373848Z' while content on disk has modification time of '2024-12-05T16:46:47.2999686Z'
Number of updated asset objects reloaded before import = 0
Number of asset objects unloaded after import = 0
========================================================================
Received Import Request.
  Time since last request: 0.019361 seconds.
  path: Assets/Scripts/SceneManagerController.cs
  artifactKey: Guid(f8c1f5b52e608604e99a51b88c3fb697) Importer(815301076,1909f56bfc062723c751e8b465ee728b)
Start importing Assets/Scripts/SceneManagerController.cs using Guid(f8c1f5b52e608604e99a51b88c3fb697) Importer(815301076,1909f56bfc062723c751e8b465ee728b) [PhysX] Initialized MultithreadedTaskDispatcher with 4 workers.
 -> (artifact id: '00000000000000000000000000000000') in 0.001596 seconds
Import Error Code:(4)
Message: Build asset version error: assets/scripts/scenemanagercontroller.cs in SourceAssetDB has modification time of '2024-12-05T16:46:12.6373848Z' while content on disk has modification time of '2024-12-05T16:46:47.2999686Z'
  ERROR: Build asset version error: assets/scripts/scenemanagercontroller.cs in SourceAssetDB has modification time of '2024-12-05T16:46:12.6373848Z' while content on disk has modification time of '2024-12-05T16:46:47.2999686Z'
Number of updated asset objects reloaded before import = 0
Number of asset objects unloaded after import = 0
========================================================================
Received Import Request.
  Time since last request: 0.017384 seconds.
  path: Assets/Scripts/SceneManagerController.cs
  artifactKey: Guid(f8c1f5b52e608604e99a51b88c3fb697) Importer(815301076,1909f56bfc062723c751e8b465ee728b)
Start importing Assets/Scripts/SceneManagerController.cs using Guid(f8c1f5b52e608604e99a51b88c3fb697) Importer(815301076,1909f56bfc062723c751e8b465ee728b) [PhysX] Initialized MultithreadedTaskDispatcher with 4 workers.
 -> (artifact id: '00000000000000000000000000000000') in 0.001276 seconds
Import Error Code:(4)
Message: Build asset version error: assets/scripts/scenemanagercontroller.cs in SourceAssetDB has modification time of '2024-12-05T16:46:12.6373848Z' while content on disk has modification time of '2024-12-05T16:46:47.2999686Z'
  ERROR: Build asset version error: assets/scripts/scenemanagercontroller.cs in SourceAssetDB has modification time of '2024-12-05T16:46:12.6373848Z' while content on disk has modification time of '2024-12-05T16:46:47.2999686Z'
Number of updated asset objects reloaded before import = 0
Number of asset objects unloaded after import = 0
========================================================================
Received Import Request.
  Time since last request: 0.016913 seconds.
  path: Assets/Scripts/SceneManagerController.cs
  artifactKey: Guid(f8c1f5b52e608604e99a51b88c3fb697) Importer(815301076,1909f56bfc062723c751e8b465ee728b)
Start importing Assets/Scripts/SceneManagerController.cs using Guid(f8c1f5b52e608604e99a51b88c3fb697) Importer(815301076,1909f56bfc062723c751e8b465ee728b) [PhysX] Initialized MultithreadedTaskDispatcher with 4 workers.
 -> (artifact id: '00000000000000000000000000000000') in 0.001371 seconds
Import Error Code:(4)
Message: Build asset version error: assets/scripts/scenemanagercontroller.cs in SourceAssetDB has modification time of '2024-12-05T16:46:12.6373848Z' while content on disk has modification time of '2024-12-05T16:46:47.2999686Z'
  ERROR: Build asset version error: assets/scripts/scenemanagercontroller.cs in SourceAssetDB has modification time of '2024-12-05T16:46:12.6373848Z' while content on disk has modification time of '2024-12-05T16:46:47.2999686Z'
Number of updated asset objects reloaded before import = 0
Number of asset objects unloaded after import = 0
========================================================================
Received Import Request.
  Time since last request: 0.018110 seconds.
  path: Assets/Scripts/SceneManagerController.cs
  artifactKey: Guid(f8c1f5b52e608604e99a51b88c3fb697) Importer(815301076,1909f56bfc062723c751e8b465ee728b)
Start importing Assets/Scripts/SceneManagerController.cs using Guid(f8c1f5b52e608604e99a51b88c3fb697) Importer(815301076,1909f56bfc062723c751e8b465ee728b) [PhysX] Initialized MultithreadedTaskDispatcher with 4 workers.
 -> (artifact id: '00000000000000000000000000000000') in 0.001292 seconds
Import Error Code:(4)
Message: Build asset version error: assets/scripts/scenemanagercontroller.cs in SourceAssetDB has modification time of '2024-12-05T16:46:12.6373848Z' while content on disk has modification time of '2024-12-05T16:46:47.2999686Z'
  ERROR: Build asset version error: assets/scripts/scenemanagercontroller.cs in SourceAssetDB has modification time of '2024-12-05T16:46:12.6373848Z' while content on disk has modification time of '2024-12-05T16:46:47.2999686Z'
Number of updated asset objects reloaded before import = 0
Number of asset objects unloaded after import = 0
========================================================================
Received Import Request.
  Time since last request: 0.017161 seconds.
  path: Assets/Scripts/SceneManagerController.cs
  artifactKey: Guid(f8c1f5b52e608604e99a51b88c3fb697) Importer(815301076,1909f56bfc062723c751e8b465ee728b)
Start importing Assets/Scripts/SceneManagerController.cs using Guid(f8c1f5b52e608604e99a51b88c3fb697) Importer(815301076,1909f56bfc062723c751e8b465ee728b) [PhysX] Initialized MultithreadedTaskDispatcher with 4 workers.
 -> (artifact id: '00000000000000000000000000000000') in 0.001761 seconds
Import Error Code:(4)
Message: Build asset version error: assets/scripts/scenemanagercontroller.cs in SourceAssetDB has modification time of '2024-12-05T16:46:12.6373848Z' while content on disk has modification time of '2024-12-05T16:46:47.2999686Z'
  ERROR: Build asset version error: assets/scripts/scenemanagercontroller.cs in SourceAssetDB has modification time of '2024-12-05T16:46:12.6373848Z' while content on disk has modification time of '2024-12-05T16:46:47.2999686Z'
Number of updated asset objects reloaded before import = 0
Number of asset objects unloaded after import = 0
========================================================================
Received Import Request.
  Time since last request: 0.016989 seconds.
  path: Assets/Scripts/SceneManagerController.cs
  artifactKey: Guid(f8c1f5b52e608604e99a51b88c3fb697) Importer(815301076,1909f56bfc062723c751e8b465ee728b)
Start importing Assets/Scripts/SceneManagerController.cs using Guid(f8c1f5b52e608604e99a51b88c3fb697) Importer(815301076,1909f56bfc062723c751e8b465ee728b) [PhysX] Initialized MultithreadedTaskDispatcher with 4 workers.
 -> (artifact id: '00000000000000000000000000000000') in 0.001109 seconds
Import Error Code:(4)
Message: Build asset version error: assets/scripts/scenemanagercontroller.cs in SourceAssetDB has modification time of '2024-12-05T16:46:12.6373848Z' while content on disk has modification time of '2024-12-05T16:46:47.2999686Z'
  ERROR: Build asset version error: assets/scripts/scenemanagercontroller.cs in SourceAssetDB has modification time of '2024-12-05T16:46:12.6373848Z' while content on disk has modification time of '2024-12-05T16:46:47.2999686Z'
Number of updated asset objects reloaded before import = 0
Number of asset objects unloaded after import = 0
========================================================================
Received Import Request.
  Time since last request: 0.018485 seconds.
  path: Assets/Scripts/SceneManagerController.cs
  artifactKey: Guid(f8c1f5b52e608604e99a51b88c3fb697) Importer(815301076,1909f56bfc062723c751e8b465ee728b)
Start importing Assets/Scripts/SceneManagerController.cs using Guid(f8c1f5b52e608604e99a51b88c3fb697) Importer(815301076,1909f56bfc062723c751e8b465ee728b) [PhysX] Initialized MultithreadedTaskDispatcher with 4 workers.
 -> (artifact id: '00000000000000000000000000000000') in 0.001275 seconds
Import Error Code:(4)
Message: Build asset version error: assets/scripts/scenemanagercontroller.cs in SourceAssetDB has modification time of '2024-12-05T16:46:12.6373848Z' while content on disk has modification time of '2024-12-05T16:46:47.2999686Z'
  ERROR: Build asset version error: assets/scripts/scenemanagercontroller.cs in SourceAssetDB has modification time of '2024-12-05T16:46:12.6373848Z' while content on disk has modification time of '2024-12-05T16:46:47.2999686Z'
Number of updated asset objects reloaded before import = 0
Number of asset objects unloaded after import = 0
========================================================================
Received Import Request.
  Time since last request: 0.015702 seconds.
  path: Assets/Scripts/SceneManagerController.cs
  artifactKey: Guid(f8c1f5b52e608604e99a51b88c3fb697) Importer(815301076,1909f56bfc062723c751e8b465ee728b)
Start importing Assets/Scripts/SceneManagerController.cs using Guid(f8c1f5b52e608604e99a51b88c3fb697) Importer(815301076,1909f56bfc062723c751e8b465ee728b) [PhysX] Initialized MultithreadedTaskDispatcher with 4 workers.
 -> (artifact id: '00000000000000000000000000000000') in 0.001044 seconds
Import Error Code:(4)
Message: Build asset version error: assets/scripts/scenemanagercontroller.cs in SourceAssetDB has modification time of '2024-12-05T16:46:12.6373848Z' while content on disk has modification time of '2024-12-05T16:46:47.2999686Z'
  ERROR: Build asset version error: assets/scripts/scenemanagercontroller.cs in SourceAssetDB has modification time of '2024-12-05T16:46:12.6373848Z' while content on disk has modification time of '2024-12-05T16:46:47.2999686Z'
Number of updated asset objects reloaded before import = 0
Number of asset objects unloaded after import = 0
========================================================================
Received Import Request.
  Time since last request: 0.017240 seconds.
  path: Assets/Scripts/SceneManagerController.cs
  artifactKey: Guid(f8c1f5b52e608604e99a51b88c3fb697) Importer(815301076,1909f56bfc062723c751e8b465ee728b)
Start importing Assets/Scripts/SceneManagerController.cs using Guid(f8c1f5b52e608604e99a51b88c3fb697) Importer(815301076,1909f56bfc062723c751e8b465ee728b) [PhysX] Initialized MultithreadedTaskDispatcher with 4 workers.
 -> (artifact id: '00000000000000000000000000000000') in 0.001607 seconds
Import Error Code:(4)
Message: Build asset version error: assets/scripts/scenemanagercontroller.cs in SourceAssetDB has modification time of '2024-12-05T16:46:12.6373848Z' while content on disk has modification time of '2024-12-05T16:46:47.2999686Z'
  ERROR: Build asset version error: assets/scripts/scenemanagercontroller.cs in SourceAssetDB has modification time of '2024-12-05T16:46:12.6373848Z' while content on disk has modification time of '2024-12-05T16:46:47.2999686Z'
Number of updated asset objects reloaded before import = 0
Number of asset objects unloaded after import = 0
========================================================================
Received Import Request.
  Time since last request: 0.018350 seconds.
  path: Assets/Scripts/SceneManagerController.cs
  artifactKey: Guid(f8c1f5b52e608604e99a51b88c3fb697) Importer(815301076,1909f56bfc062723c751e8b465ee728b)
Start importing Assets/Scripts/SceneManagerController.cs using Guid(f8c1f5b52e608604e99a51b88c3fb697) Importer(815301076,1909f56bfc062723c751e8b465ee728b) [PhysX] Initialized MultithreadedTaskDispatcher with 4 workers.
 -> (artifact id: '00000000000000000000000000000000') in 0.001704 seconds
Import Error Code:(4)
Message: Build asset version error: assets/scripts/scenemanagercontroller.cs in SourceAssetDB has modification time of '2024-12-05T16:46:12.6373848Z' while content on disk has modification time of '2024-12-05T16:46:47.2999686Z'
  ERROR: Build asset version error: assets/scripts/scenemanagercontroller.cs in SourceAssetDB has modification time of '2024-12-05T16:46:12.6373848Z' while content on disk has modification time of '2024-12-05T16:46:47.2999686Z'
Number of updated asset objects reloaded before import = 0
Number of asset objects unloaded after import = 0
========================================================================
Received Import Request.
  Time since last request: 0.018656 seconds.
  path: Assets/Scripts/SceneManagerController.cs
  artifactKey: Guid(f8c1f5b52e608604e99a51b88c3fb697) Importer(815301076,1909f56bfc062723c751e8b465ee728b)
Start importing Assets/Scripts/SceneManagerController.cs using Guid(f8c1f5b52e608604e99a51b88c3fb697) Importer(815301076,1909f56bfc062723c751e8b465ee728b) [PhysX] Initialized MultithreadedTaskDispatcher with 4 workers.
 -> (artifact id: '00000000000000000000000000000000') in 0.002554 seconds
Import Error Code:(4)
Message: Build asset version error: assets/scripts/scenemanagercontroller.cs in SourceAssetDB has modification time of '2024-12-05T16:46:12.6373848Z' while content on disk has modification time of '2024-12-05T16:46:47.2999686Z'
  ERROR: Build asset version error: assets/scripts/scenemanagercontroller.cs in SourceAssetDB has modification time of '2024-12-05T16:46:12.6373848Z' while content on disk has modification time of '2024-12-05T16:46:47.2999686Z'
Number of updated asset objects reloaded before import = 0
Number of asset objects unloaded after import = 0
========================================================================
Received Import Request.
  Time since last request: 0.017553 seconds.
  path: Assets/Scripts/SceneManagerController.cs
  artifactKey: Guid(f8c1f5b52e608604e99a51b88c3fb697) Importer(815301076,1909f56bfc062723c751e8b465ee728b)
Start importing Assets/Scripts/SceneManagerController.cs using Guid(f8c1f5b52e608604e99a51b88c3fb697) Importer(815301076,1909f56bfc062723c751e8b465ee728b) [PhysX] Initialized MultithreadedTaskDispatcher with 4 workers.
 -> (artifact id: '00000000000000000000000000000000') in 0.001156 seconds
Import Error Code:(4)
Message: Build asset version error: assets/scripts/scenemanagercontroller.cs in SourceAssetDB has modification time of '2024-12-05T16:46:12.6373848Z' while content on disk has modification time of '2024-12-05T16:46:47.2999686Z'
  ERROR: Build asset version error: assets/scripts/scenemanagercontroller.cs in SourceAssetDB has modification time of '2024-12-05T16:46:12.6373848Z' while content on disk has modification time of '2024-12-05T16:46:47.2999686Z'
Number of updated asset objects reloaded before import = 0
Number of asset objects unloaded after import = 0
========================================================================
Received Import Request.
  Time since last request: 0.018125 seconds.
  path: Assets/Scripts/SceneManagerController.cs
  artifactKey: Guid(f8c1f5b52e608604e99a51b88c3fb697) Importer(815301076,1909f56bfc062723c751e8b465ee728b)
Start importing Assets/Scripts/SceneManagerController.cs using Guid(f8c1f5b52e608604e99a51b88c3fb697) Importer(815301076,1909f56bfc062723c751e8b465ee728b) [PhysX] Initialized MultithreadedTaskDispatcher with 4 workers.
 -> (artifact id: '00000000000000000000000000000000') in 0.001393 seconds
Import Error Code:(4)
Message: Build asset version error: assets/scripts/scenemanagercontroller.cs in SourceAssetDB has modification time of '2024-12-05T16:46:12.6373848Z' while content on disk has modification time of '2024-12-05T16:46:47.2999686Z'
  ERROR: Build asset version error: assets/scripts/scenemanagercontroller.cs in SourceAssetDB has modification time of '2024-12-05T16:46:12.6373848Z' while content on disk has modification time of '2024-12-05T16:46:47.2999686Z'
Number of updated asset objects reloaded before import = 0
Number of asset objects unloaded after import = 0
========================================================================
Received Import Request.
  Time since last request: 0.016398 seconds.
  path: Assets/Scripts/SceneManagerController.cs
  artifactKey: Guid(f8c1f5b52e608604e99a51b88c3fb697) Importer(815301076,1909f56bfc062723c751e8b465ee728b)
Start importing Assets/Scripts/SceneManagerController.cs using Guid(f8c1f5b52e608604e99a51b88c3fb697) Importer(815301076,1909f56bfc062723c751e8b465ee728b) [PhysX] Initialized MultithreadedTaskDispatcher with 4 workers.
 -> (artifact id: '00000000000000000000000000000000') in 0.001066 seconds
Import Error Code:(4)
Message: Build asset version error: assets/scripts/scenemanagercontroller.cs in SourceAssetDB has modification time of '2024-12-05T16:46:12.6373848Z' while content on disk has modification time of '2024-12-05T16:46:47.2999686Z'
  ERROR: Build asset version error: assets/scripts/scenemanagercontroller.cs in SourceAssetDB has modification time of '2024-12-05T16:46:12.6373848Z' while content on disk has modification time of '2024-12-05T16:46:47.2999686Z'
Number of updated asset objects reloaded before import = 0
Number of asset objects unloaded after import = 0
========================================================================
Received Import Request.
  Time since last request: 0.018020 seconds.
  path: Assets/Scripts/SceneManagerController.cs
  artifactKey: Guid(f8c1f5b52e608604e99a51b88c3fb697) Importer(815301076,1909f56bfc062723c751e8b465ee728b)
Start importing Assets/Scripts/SceneManagerController.cs using Guid(f8c1f5b52e608604e99a51b88c3fb697) Importer(815301076,1909f56bfc062723c751e8b465ee728b) [PhysX] Initialized MultithreadedTaskDispatcher with 4 workers.
 -> (artifact id: '00000000000000000000000000000000') in 0.004788 seconds
Import Error Code:(4)
Message: Build asset version error: assets/scripts/scenemanagercontroller.cs in SourceAssetDB has modification time of '2024-12-05T16:46:12.6373848Z' while content on disk has modification time of '2024-12-05T16:46:47.2999686Z'
  ERROR: Build asset version error: assets/scripts/scenemanagercontroller.cs in SourceAssetDB has modification time of '2024-12-05T16:46:12.6373848Z' while content on disk has modification time of '2024-12-05T16:46:47.2999686Z'
Number of updated asset objects reloaded before import = 0
Number of asset objects unloaded after import = 0
========================================================================
Received Import Request.
  Time since last request: 0.002190 seconds.
  path: Assets/Scripts/SceneManagerController.cs
  artifactKey: Guid(f8c1f5b52e608604e99a51b88c3fb697) Importer(815301076,1909f56bfc062723c751e8b465ee728b)
Start importing Assets/Scripts/SceneManagerController.cs using Guid(f8c1f5b52e608604e99a51b88c3fb697) Importer(815301076,1909f56bfc062723c751e8b465ee728b) [PhysX] Initialized MultithreadedTaskDispatcher with 4 workers.
 -> (artifact id: '00000000000000000000000000000000') in 0.007526 seconds
Import Error Code:(4)
Message: Build asset version error: assets/scripts/scenemanagercontroller.cs in SourceAssetDB has modification time of '2024-12-05T16:46:12.6373848Z' while content on disk has modification time of '2024-12-05T16:46:47.2999686Z'
  ERROR: Build asset version error: assets/scripts/scenemanagercontroller.cs in SourceAssetDB has modification time of '2024-12-05T16:46:12.6373848Z' while content on disk has modification time of '2024-12-05T16:46:47.2999686Z'
Number of updated asset objects reloaded before import = 0
Number of asset objects unloaded after import = 0
========================================================================
Received Import Request.
  Time since last request: 0.014262 seconds.
  path: Assets/Scripts/SceneManagerController.cs
  artifactKey: Guid(f8c1f5b52e608604e99a51b88c3fb697) Importer(815301076,1909f56bfc062723c751e8b465ee728b)
Start importing Assets/Scripts/SceneManagerController.cs using Guid(f8c1f5b52e608604e99a51b88c3fb697) Importer(815301076,1909f56bfc062723c751e8b465ee728b) [PhysX] Initialized MultithreadedTaskDispatcher with 4 workers.
 -> (artifact id: '00000000000000000000000000000000') in 0.001152 seconds
Import Error Code:(4)
Message: Build asset version error: assets/scripts/scenemanagercontroller.cs in SourceAssetDB has modification time of '2024-12-05T16:46:12.6373848Z' while content on disk has modification time of '2024-12-05T16:46:47.2999686Z'
  ERROR: Build asset version error: assets/scripts/scenemanagercontroller.cs in SourceAssetDB has modification time of '2024-12-05T16:46:12.6373848Z' while content on disk has modification time of '2024-12-05T16:46:47.2999686Z'
Number of updated asset objects reloaded before import = 0
Number of asset objects unloaded after import = 0
========================================================================
Received Import Request.
  Time since last request: 0.019791 seconds.
  path: Assets/Scripts/SceneManagerController.cs
  artifactKey: Guid(f8c1f5b52e608604e99a51b88c3fb697) Importer(815301076,1909f56bfc062723c751e8b465ee728b)
Start importing Assets/Scripts/SceneManagerController.cs using Guid(f8c1f5b52e608604e99a51b88c3fb697) Importer(815301076,1909f56bfc062723c751e8b465ee728b) [PhysX] Initialized MultithreadedTaskDispatcher with 4 workers.
 -> (artifact id: '00000000000000000000000000000000') in 0.004399 seconds
Import Error Code:(4)
Message: Build asset version error: assets/scripts/scenemanagercontroller.cs in SourceAssetDB has modification time of '2024-12-05T16:46:12.6373848Z' while content on disk has modification time of '2024-12-05T16:46:47.2999686Z'
  ERROR: Build asset version error: assets/scripts/scenemanagercontroller.cs in SourceAssetDB has modification time of '2024-12-05T16:46:12.6373848Z' while content on disk has modification time of '2024-12-05T16:46:47.2999686Z'
Number of updated asset objects reloaded before import = 0
Number of asset objects unloaded after import = 0
========================================================================
Received Import Request.
  Time since last request: 0.017831 seconds.
  path: Assets/Scripts/SceneManagerController.cs
  artifactKey: Guid(f8c1f5b52e608604e99a51b88c3fb697) Importer(815301076,1909f56bfc062723c751e8b465ee728b)
Start importing Assets/Scripts/SceneManagerController.cs using Guid(f8c1f5b52e608604e99a51b88c3fb697) Importer(815301076,1909f56bfc062723c751e8b465ee728b) [PhysX] Initialized MultithreadedTaskDispatcher with 4 workers.
 -> (artifact id: '00000000000000000000000000000000') in 0.001287 seconds
Import Error Code:(4)
Message: Build asset version error: assets/scripts/scenemanagercontroller.cs in SourceAssetDB has modification time of '2024-12-05T16:46:12.6373848Z' while content on disk has modification time of '2024-12-05T16:46:47.2999686Z'
  ERROR: Build asset version error: assets/scripts/scenemanagercontroller.cs in SourceAssetDB has modification time of '2024-12-05T16:46:12.6373848Z' while content on disk has modification time of '2024-12-05T16:46:47.2999686Z'
Number of updated asset objects reloaded before import = 0
Number of asset objects unloaded after import = 0
========================================================================
Received Import Request.
  Time since last request: 0.017318 seconds.
  path: Assets/Scripts/SceneManagerController.cs
  artifactKey: Guid(f8c1f5b52e608604e99a51b88c3fb697) Importer(815301076,1909f56bfc062723c751e8b465ee728b)
Start importing Assets/Scripts/SceneManagerController.cs using Guid(f8c1f5b52e608604e99a51b88c3fb697) Importer(815301076,1909f56bfc062723c751e8b465ee728b) [PhysX] Initialized MultithreadedTaskDispatcher with 4 workers.
 -> (artifact id: '00000000000000000000000000000000') in 0.001064 seconds
Import Error Code:(4)
Message: Build asset version error: assets/scripts/scenemanagercontroller.cs in SourceAssetDB has modification time of '2024-12-05T16:46:12.6373848Z' while content on disk has modification time of '2024-12-05T16:46:47.2999686Z'
  ERROR: Build asset version error: assets/scripts/scenemanagercontroller.cs in SourceAssetDB has modification time of '2024-12-05T16:46:12.6373848Z' while content on disk has modification time of '2024-12-05T16:46:47.2999686Z'
Number of updated asset objects reloaded before import = 0
Number of asset objects unloaded after import = 0
========================================================================
Received Import Request.
  Time since last request: 0.016687 seconds.
  path: Assets/Scripts/SceneManagerController.cs
  artifactKey: Guid(f8c1f5b52e608604e99a51b88c3fb697) Importer(815301076,1909f56bfc062723c751e8b465ee728b)
Start importing Assets/Scripts/SceneManagerController.cs using Guid(f8c1f5b52e608604e99a51b88c3fb697) Importer(815301076,1909f56bfc062723c751e8b465ee728b) [PhysX] Initialized MultithreadedTaskDispatcher with 4 workers.
 -> (artifact id: '00000000000000000000000000000000') in 0.001064 seconds
Import Error Code:(4)
Message: Build asset version error: assets/scripts/scenemanagercontroller.cs in SourceAssetDB has modification time of '2024-12-05T16:46:12.6373848Z' while content on disk has modification time of '2024-12-05T16:46:47.2999686Z'
  ERROR: Build asset version error: assets/scripts/scenemanagercontroller.cs in SourceAssetDB has modification time of '2024-12-05T16:46:12.6373848Z' while content on disk has modification time of '2024-12-05T16:46:47.2999686Z'
Number of updated asset objects reloaded before import = 0
Number of asset objects unloaded after import = 0
========================================================================
Received Import Request.
  Time since last request: 0.017056 seconds.
  path: Assets/Scripts/SceneManagerController.cs
  artifactKey: Guid(f8c1f5b52e608604e99a51b88c3fb697) Importer(815301076,1909f56bfc062723c751e8b465ee728b)
Start importing Assets/Scripts/SceneManagerController.cs using Guid(f8c1f5b52e608604e99a51b88c3fb697) Importer(815301076,1909f56bfc062723c751e8b465ee728b) [PhysX] Initialized MultithreadedTaskDispatcher with 4 workers.
 -> (artifact id: '00000000000000000000000000000000') in 0.001348 seconds
Import Error Code:(4)
Message: Build asset version error: assets/scripts/scenemanagercontroller.cs in SourceAssetDB has modification time of '2024-12-05T16:46:12.6373848Z' while content on disk has modification time of '2024-12-05T16:46:47.2999686Z'
  ERROR: Build asset version error: assets/scripts/scenemanagercontroller.cs in SourceAssetDB has modification time of '2024-12-05T16:46:12.6373848Z' while content on disk has modification time of '2024-12-05T16:46:47.2999686Z'
Number of updated asset objects reloaded before import = 0
Number of asset objects unloaded after import = 0
========================================================================
Received Import Request.
  Time since last request: 0.015025 seconds.
  path: Assets/Scripts/SceneManagerController.cs
  artifactKey: Guid(f8c1f5b52e608604e99a51b88c3fb697) Importer(815301076,1909f56bfc062723c751e8b465ee728b)
Start importing Assets/Scripts/SceneManagerController.cs using Guid(f8c1f5b52e608604e99a51b88c3fb697) Importer(815301076,1909f56bfc062723c751e8b465ee728b) [PhysX] Initialized MultithreadedTaskDispatcher with 4 workers.
 -> (artifact id: '00000000000000000000000000000000') in 0.001399 seconds
Import Error Code:(4)
Message: Build asset version error: assets/scripts/scenemanagercontroller.cs in SourceAssetDB has modification time of '2024-12-05T16:46:12.6373848Z' while content on disk has modification time of '2024-12-05T16:46:47.2999686Z'
  ERROR: Build asset version error: assets/scripts/scenemanagercontroller.cs in SourceAssetDB has modification time of '2024-12-05T16:46:12.6373848Z' while content on disk has modification time of '2024-12-05T16:46:47.2999686Z'
Number of updated asset objects reloaded before import = 0
Number of asset objects unloaded after import = 0
========================================================================
Received Import Request.
  Time since last request: 0.015662 seconds.
  path: Assets/Scripts/SceneManagerController.cs
  artifactKey: Guid(f8c1f5b52e608604e99a51b88c3fb697) Importer(815301076,1909f56bfc062723c751e8b465ee728b)
Start importing Assets/Scripts/SceneManagerController.cs using Guid(f8c1f5b52e608604e99a51b88c3fb697) Importer(815301076,1909f56bfc062723c751e8b465ee728b) [PhysX] Initialized MultithreadedTaskDispatcher with 4 workers.
 -> (artifact id: '00000000000000000000000000000000') in 0.001100 seconds
Import Error Code:(4)
Message: Build asset version error: assets/scripts/scenemanagercontroller.cs in SourceAssetDB has modification time of '2024-12-05T16:46:12.6373848Z' while content on disk has modification time of '2024-12-05T16:46:47.2999686Z'
  ERROR: Build asset version error: assets/scripts/scenemanagercontroller.cs in SourceAssetDB has modification time of '2024-12-05T16:46:12.6373848Z' while content on disk has modification time of '2024-12-05T16:46:47.2999686Z'
Number of updated asset objects reloaded before import = 0
Number of asset objects unloaded after import = 0
========================================================================
Received Import Request.
  Time since last request: 0.016905 seconds.
  path: Assets/Scripts/SceneManagerController.cs
  artifactKey: Guid(f8c1f5b52e608604e99a51b88c3fb697) Importer(815301076,1909f56bfc062723c751e8b465ee728b)
Start importing Assets/Scripts/SceneManagerController.cs using Guid(f8c1f5b52e608604e99a51b88c3fb697) Importer(815301076,1909f56bfc062723c751e8b465ee728b) [PhysX] Initialized MultithreadedTaskDispatcher with 4 workers.
 -> (artifact id: '00000000000000000000000000000000') in 0.001274 seconds
Import Error Code:(4)
Message: Build asset version error: assets/scripts/scenemanagercontroller.cs in SourceAssetDB has modification time of '2024-12-05T16:46:12.6373848Z' while content on disk has modification time of '2024-12-05T16:46:47.2999686Z'
  ERROR: Build asset version error: assets/scripts/scenemanagercontroller.cs in SourceAssetDB has modification time of '2024-12-05T16:46:12.6373848Z' while content on disk has modification time of '2024-12-05T16:46:47.2999686Z'
Number of updated asset objects reloaded before import = 0
Number of asset objects unloaded after import = 0
========================================================================
Received Import Request.
  Time since last request: 0.016797 seconds.
  path: Assets/Scripts/SceneManagerController.cs
  artifactKey: Guid(f8c1f5b52e608604e99a51b88c3fb697) Importer(815301076,1909f56bfc062723c751e8b465ee728b)
Start importing Assets/Scripts/SceneManagerController.cs using Guid(f8c1f5b52e608604e99a51b88c3fb697) Importer(815301076,1909f56bfc062723c751e8b465ee728b) [PhysX] Initialized MultithreadedTaskDispatcher with 4 workers.
 -> (artifact id: '00000000000000000000000000000000') in 0.001116 seconds
Import Error Code:(4)
Message: Build asset version error: assets/scripts/scenemanagercontroller.cs in SourceAssetDB has modification time of '2024-12-05T16:46:12.6373848Z' while content on disk has modification time of '2024-12-05T16:46:47.2999686Z'
  ERROR: Build asset version error: assets/scripts/scenemanagercontroller.cs in SourceAssetDB has modification time of '2024-12-05T16:46:12.6373848Z' while content on disk has modification time of '2024-12-05T16:46:47.2999686Z'
Number of updated asset objects reloaded before import = 0
Number of asset objects unloaded after import = 0
========================================================================
Received Import Request.
  Time since last request: 0.016224 seconds.
  path: Assets/Scripts/SceneManagerController.cs
  artifactKey: Guid(f8c1f5b52e608604e99a51b88c3fb697) Importer(815301076,1909f56bfc062723c751e8b465ee728b)
Start importing Assets/Scripts/SceneManagerController.cs using Guid(f8c1f5b52e608604e99a51b88c3fb697) Importer(815301076,1909f56bfc062723c751e8b465ee728b) [PhysX] Initialized MultithreadedTaskDispatcher with 4 workers.
 -> (artifact id: '00000000000000000000000000000000') in 0.001063 seconds
Import Error Code:(4)
Message: Build asset version error: assets/scripts/scenemanagercontroller.cs in SourceAssetDB has modification time of '2024-12-05T16:46:12.6373848Z' while content on disk has modification time of '2024-12-05T16:46:47.2999686Z'
  ERROR: Build asset version error: assets/scripts/scenemanagercontroller.cs in SourceAssetDB has modification time of '2024-12-05T16:46:12.6373848Z' while content on disk has modification time of '2024-12-05T16:46:47.2999686Z'
Number of updated asset objects reloaded before import = 0
Number of asset objects unloaded after import = 0
========================================================================
Received Import Request.
  Time since last request: 0.016748 seconds.
  path: Assets/Scripts/SceneManagerController.cs
  artifactKey: Guid(f8c1f5b52e608604e99a51b88c3fb697) Importer(815301076,1909f56bfc062723c751e8b465ee728b)
Start importing Assets/Scripts/SceneManagerController.cs using Guid(f8c1f5b52e608604e99a51b88c3fb697) Importer(815301076,1909f56bfc062723c751e8b465ee728b) [PhysX] Initialized MultithreadedTaskDispatcher with 4 workers.
 -> (artifact id: '00000000000000000000000000000000') in 0.001269 seconds
Import Error Code:(4)
Message: Build asset version error: assets/scripts/scenemanagercontroller.cs in SourceAssetDB has modification time of '2024-12-05T16:46:12.6373848Z' while content on disk has modification time of '2024-12-05T16:46:47.2999686Z'
  ERROR: Build asset version error: assets/scripts/scenemanagercontroller.cs in SourceAssetDB has modification time of '2024-12-05T16:46:12.6373848Z' while content on disk has modification time of '2024-12-05T16:46:47.2999686Z'
Number of updated asset objects reloaded before import = 0
Number of asset objects unloaded after import = 0
========================================================================
Received Import Request.
  Time since last request: 0.016730 seconds.
  path: Assets/Scripts/SceneManagerController.cs
  artifactKey: Guid(f8c1f5b52e608604e99a51b88c3fb697) Importer(815301076,1909f56bfc062723c751e8b465ee728b)
Start importing Assets/Scripts/SceneManagerController.cs using Guid(f8c1f5b52e608604e99a51b88c3fb697) Importer(815301076,1909f56bfc062723c751e8b465ee728b) [PhysX] Initialized MultithreadedTaskDispatcher with 4 workers.
 -> (artifact id: '00000000000000000000000000000000') in 0.001213 seconds
Import Error Code:(4)
Message: Build asset version error: assets/scripts/scenemanagercontroller.cs in SourceAssetDB has modification time of '2024-12-05T16:46:12.6373848Z' while content on disk has modification time of '2024-12-05T16:46:47.2999686Z'
  ERROR: Build asset version error: assets/scripts/scenemanagercontroller.cs in SourceAssetDB has modification time of '2024-12-05T16:46:12.6373848Z' while content on disk has modification time of '2024-12-05T16:46:47.2999686Z'
Number of updated asset objects reloaded before import = 0
Number of asset objects unloaded after import = 0
========================================================================
Received Import Request.
  Time since last request: 0.016530 seconds.
  path: Assets/Scripts/SceneManagerController.cs
  artifactKey: Guid(f8c1f5b52e608604e99a51b88c3fb697) Importer(815301076,1909f56bfc062723c751e8b465ee728b)
Start importing Assets/Scripts/SceneManagerController.cs using Guid(f8c1f5b52e608604e99a51b88c3fb697) Importer(815301076,1909f56bfc062723c751e8b465ee728b) [PhysX] Initialized MultithreadedTaskDispatcher with 4 workers.
 -> (artifact id: '00000000000000000000000000000000') in 0.001313 seconds
Import Error Code:(4)
Message: Build asset version error: assets/scripts/scenemanagercontroller.cs in SourceAssetDB has modification time of '2024-12-05T16:46:12.6373848Z' while content on disk has modification time of '2024-12-05T16:46:47.2999686Z'
  ERROR: Build asset version error: assets/scripts/scenemanagercontroller.cs in SourceAssetDB has modification time of '2024-12-05T16:46:12.6373848Z' while content on disk has modification time of '2024-12-05T16:46:47.2999686Z'
Number of updated asset objects reloaded before import = 0
Number of asset objects unloaded after import = 0
========================================================================
Received Import Request.
  Time since last request: 0.017711 seconds.
  path: Assets/Scripts/SceneManagerController.cs
  artifactKey: Guid(f8c1f5b52e608604e99a51b88c3fb697) Importer(815301076,1909f56bfc062723c751e8b465ee728b)
Start importing Assets/Scripts/SceneManagerController.cs using Guid(f8c1f5b52e608604e99a51b88c3fb697) Importer(815301076,1909f56bfc062723c751e8b465ee728b) [PhysX] Initialized MultithreadedTaskDispatcher with 4 workers.
 -> (artifact id: '00000000000000000000000000000000') in 0.001731 seconds
Import Error Code:(4)
Message: Build asset version error: assets/scripts/scenemanagercontroller.cs in SourceAssetDB has modification time of '2024-12-05T16:46:12.6373848Z' while content on disk has modification time of '2024-12-05T16:46:47.2999686Z'
  ERROR: Build asset version error: assets/scripts/scenemanagercontroller.cs in SourceAssetDB has modification time of '2024-12-05T16:46:12.6373848Z' while content on disk has modification time of '2024-12-05T16:46:47.2999686Z'
Number of updated asset objects reloaded before import = 0
Number of asset objects unloaded after import = 0
========================================================================
Received Import Request.
  Time since last request: 0.021175 seconds.
  path: Assets/Scripts/SceneManagerController.cs
  artifactKey: Guid(f8c1f5b52e608604e99a51b88c3fb697) Importer(815301076,1909f56bfc062723c751e8b465ee728b)
Start importing Assets/Scripts/SceneManagerController.cs using Guid(f8c1f5b52e608604e99a51b88c3fb697) Importer(815301076,1909f56bfc062723c751e8b465ee728b) [PhysX] Initialized MultithreadedTaskDispatcher with 4 workers.
 -> (artifact id: '00000000000000000000000000000000') in 0.001328 seconds
Import Error Code:(4)
Message: Build asset version error: assets/scripts/scenemanagercontroller.cs in SourceAssetDB has modification time of '2024-12-05T16:46:12.6373848Z' while content on disk has modification time of '2024-12-05T16:46:47.2999686Z'
  ERROR: Build asset version error: assets/scripts/scenemanagercontroller.cs in SourceAssetDB has modification time of '2024-12-05T16:46:12.6373848Z' while content on disk has modification time of '2024-12-05T16:46:47.2999686Z'
Number of updated asset objects reloaded before import = 0
Number of asset objects unloaded after import = 0
========================================================================
Received Import Request.
  Time since last request: 0.017116 seconds.
  path: Assets/Scripts/SceneManagerController.cs
  artifactKey: Guid(f8c1f5b52e608604e99a51b88c3fb697) Importer(815301076,1909f56bfc062723c751e8b465ee728b)
Start importing Assets/Scripts/SceneManagerController.cs using Guid(f8c1f5b52e608604e99a51b88c3fb697) Importer(815301076,1909f56bfc062723c751e8b465ee728b) [PhysX] Initialized MultithreadedTaskDispatcher with 4 workers.
 -> (artifact id: '00000000000000000000000000000000') in 0.002411 seconds
Import Error Code:(4)
Message: Build asset version error: assets/scripts/scenemanagercontroller.cs in SourceAssetDB has modification time of '2024-12-05T16:46:12.6373848Z' while content on disk has modification time of '2024-12-05T16:46:47.2999686Z'
  ERROR: Build asset version error: assets/scripts/scenemanagercontroller.cs in SourceAssetDB has modification time of '2024-12-05T16:46:12.6373848Z' while content on disk has modification time of '2024-12-05T16:46:47.2999686Z'
Number of updated asset objects reloaded before import = 0
Number of asset objects unloaded after import = 0
========================================================================
Received Import Request.
  Time since last request: 0.017682 seconds.
  path: Assets/Scripts/SceneManagerController.cs
  artifactKey: Guid(f8c1f5b52e608604e99a51b88c3fb697) Importer(815301076,1909f56bfc062723c751e8b465ee728b)
Start importing Assets/Scripts/SceneManagerController.cs using Guid(f8c1f5b52e608604e99a51b88c3fb697) Importer(815301076,1909f56bfc062723c751e8b465ee728b) [PhysX] Initialized MultithreadedTaskDispatcher with 4 workers.
 -> (artifact id: '00000000000000000000000000000000') in 0.000995 seconds
Import Error Code:(4)
Message: Build asset version error: assets/scripts/scenemanagercontroller.cs in SourceAssetDB has modification time of '2024-12-05T16:46:12.6373848Z' while content on disk has modification time of '2024-12-05T16:46:47.2999686Z'
  ERROR: Build asset version error: assets/scripts/scenemanagercontroller.cs in SourceAssetDB has modification time of '2024-12-05T16:46:12.6373848Z' while content on disk has modification time of '2024-12-05T16:46:47.2999686Z'
Number of updated asset objects reloaded before import = 0
Number of asset objects unloaded after import = 0
========================================================================
Received Import Request.
  Time since last request: 0.016619 seconds.
  path: Assets/Scripts/SceneManagerController.cs
  artifactKey: Guid(f8c1f5b52e608604e99a51b88c3fb697) Importer(815301076,1909f56bfc062723c751e8b465ee728b)
Start importing Assets/Scripts/SceneManagerController.cs using Guid(f8c1f5b52e608604e99a51b88c3fb697) Importer(815301076,1909f56bfc062723c751e8b465ee728b) [PhysX] Initialized MultithreadedTaskDispatcher with 4 workers.
 -> (artifact id: '00000000000000000000000000000000') in 0.001132 seconds
Import Error Code:(4)
Message: Build asset version error: assets/scripts/scenemanagercontroller.cs in SourceAssetDB has modification time of '2024-12-05T16:46:12.6373848Z' while content on disk has modification time of '2024-12-05T16:46:47.2999686Z'
  ERROR: Build asset version error: assets/scripts/scenemanagercontroller.cs in SourceAssetDB has modification time of '2024-12-05T16:46:12.6373848Z' while content on disk has modification time of '2024-12-05T16:46:47.2999686Z'
Number of updated asset objects reloaded before import = 0
Number of asset objects unloaded after import = 0
========================================================================
Received Import Request.
  Time since last request: 0.016686 seconds.
  path: Assets/Scripts/SceneManagerController.cs
  artifactKey: Guid(f8c1f5b52e608604e99a51b88c3fb697) Importer(815301076,1909f56bfc062723c751e8b465ee728b)
Start importing Assets/Scripts/SceneManagerController.cs using Guid(f8c1f5b52e608604e99a51b88c3fb697) Importer(815301076,1909f56bfc062723c751e8b465ee728b) [PhysX] Initialized MultithreadedTaskDispatcher with 4 workers.
 -> (artifact id: '00000000000000000000000000000000') in 0.001292 seconds
Import Error Code:(4)
Message: Build asset version error: assets/scripts/scenemanagercontroller.cs in SourceAssetDB has modification time of '2024-12-05T16:46:12.6373848Z' while content on disk has modification time of '2024-12-05T16:46:47.2999686Z'
  ERROR: Build asset version error: assets/scripts/scenemanagercontroller.cs in SourceAssetDB has modification time of '2024-12-05T16:46:12.6373848Z' while content on disk has modification time of '2024-12-05T16:46:47.2999686Z'
Number of updated asset objects reloaded before import = 0
Number of asset objects unloaded after import = 0
========================================================================
Received Import Request.
  Time since last request: 0.016579 seconds.
  path: Assets/Scripts/SceneManagerController.cs
  artifactKey: Guid(f8c1f5b52e608604e99a51b88c3fb697) Importer(815301076,1909f56bfc062723c751e8b465ee728b)
Start importing Assets/Scripts/SceneManagerController.cs using Guid(f8c1f5b52e608604e99a51b88c3fb697) Importer(815301076,1909f56bfc062723c751e8b465ee728b) [PhysX] Initialized MultithreadedTaskDispatcher with 4 workers.
 -> (artifact id: '00000000000000000000000000000000') in 0.001093 seconds
Import Error Code:(4)
Message: Build asset version error: assets/scripts/scenemanagercontroller.cs in SourceAssetDB has modification time of '2024-12-05T16:46:12.6373848Z' while content on disk has modification time of '2024-12-05T16:46:47.2999686Z'
  ERROR: Build asset version error: assets/scripts/scenemanagercontroller.cs in SourceAssetDB has modification time of '2024-12-05T16:46:12.6373848Z' while content on disk has modification time of '2024-12-05T16:46:47.2999686Z'
Number of updated asset objects reloaded before import = 0
Number of asset objects unloaded after import = 0
========================================================================
Received Import Request.
  Time since last request: 0.016231 seconds.
  path: Assets/Scripts/SceneManagerController.cs
  artifactKey: Guid(f8c1f5b52e608604e99a51b88c3fb697) Importer(815301076,1909f56bfc062723c751e8b465ee728b)
Start importing Assets/Scripts/SceneManagerController.cs using Guid(f8c1f5b52e608604e99a51b88c3fb697) Importer(815301076,1909f56bfc062723c751e8b465ee728b) [PhysX] Initialized MultithreadedTaskDispatcher with 4 workers.
 -> (artifact id: '00000000000000000000000000000000') in 0.001774 seconds
Import Error Code:(4)
Message: Build asset version error: assets/scripts/scenemanagercontroller.cs in SourceAssetDB has modification time of '2024-12-05T16:46:12.6373848Z' while content on disk has modification time of '2024-12-05T16:46:47.2999686Z'
  ERROR: Build asset version error: assets/scripts/scenemanagercontroller.cs in SourceAssetDB has modification time of '2024-12-05T16:46:12.6373848Z' while content on disk has modification time of '2024-12-05T16:46:47.2999686Z'
Number of updated asset objects reloaded before import = 0
Number of asset objects unloaded after import = 0
========================================================================
Received Import Request.
  Time since last request: 0.013087 seconds.
  path: Assets/Scripts/SceneManagerController.cs
  artifactKey: Guid(f8c1f5b52e608604e99a51b88c3fb697) Importer(815301076,1909f56bfc062723c751e8b465ee728b)
Start importing Assets/Scripts/SceneManagerController.cs using Guid(f8c1f5b52e608604e99a51b88c3fb697) Importer(815301076,1909f56bfc062723c751e8b465ee728b) [PhysX] Initialized MultithreadedTaskDispatcher with 4 workers.
 -> (artifact id: '00000000000000000000000000000000') in 0.001770 seconds
Import Error Code:(4)
Message: Build asset version error: assets/scripts/scenemanagercontroller.cs in SourceAssetDB has modification time of '2024-12-05T16:46:12.6373848Z' while content on disk has modification time of '2024-12-05T16:46:47.2999686Z'
  ERROR: Build asset version error: assets/scripts/scenemanagercontroller.cs in SourceAssetDB has modification time of '2024-12-05T16:46:12.6373848Z' while content on disk has modification time of '2024-12-05T16:46:47.2999686Z'
Number of updated asset objects reloaded before import = 0
Number of asset objects unloaded after import = 0
========================================================================
Received Import Request.
  Time since last request: 0.015762 seconds.
  path: Assets/Scripts/SceneManagerController.cs
  artifactKey: Guid(f8c1f5b52e608604e99a51b88c3fb697) Importer(815301076,1909f56bfc062723c751e8b465ee728b)
Start importing Assets/Scripts/SceneManagerController.cs using Guid(f8c1f5b52e608604e99a51b88c3fb697) Importer(815301076,1909f56bfc062723c751e8b465ee728b) [PhysX] Initialized MultithreadedTaskDispatcher with 4 workers.
 -> (artifact id: '00000000000000000000000000000000') in 0.001683 seconds
Import Error Code:(4)
Message: Build asset version error: assets/scripts/scenemanagercontroller.cs in SourceAssetDB has modification time of '2024-12-05T16:46:12.6373848Z' while content on disk has modification time of '2024-12-05T16:46:47.2999686Z'
  ERROR: Build asset version error: assets/scripts/scenemanagercontroller.cs in SourceAssetDB has modification time of '2024-12-05T16:46:12.6373848Z' while content on disk has modification time of '2024-12-05T16:46:47.2999686Z'
Number of updated asset objects reloaded before import = 0
Number of asset objects unloaded after import = 0
========================================================================
Received Import Request.
  Time since last request: 0.002892 seconds.
  path: Assets/Scripts/SceneManagerController.cs
  artifactKey: Guid(f8c1f5b52e608604e99a51b88c3fb697) Importer(815301076,1909f56bfc062723c751e8b465ee728b)
Start importing Assets/Scripts/SceneManagerController.cs using Guid(f8c1f5b52e608604e99a51b88c3fb697) Importer(815301076,1909f56bfc062723c751e8b465ee728b) [PhysX] Initialized MultithreadedTaskDispatcher with 4 workers.
 -> (artifact id: '00000000000000000000000000000000') in 0.004526 seconds
Import Error Code:(4)
Message: Build asset version error: assets/scripts/scenemanagercontroller.cs in SourceAssetDB has modification time of '2024-12-05T16:46:12.6373848Z' while content on disk has modification time of '2024-12-05T16:46:47.2999686Z'
  ERROR: Build asset version error: assets/scripts/scenemanagercontroller.cs in SourceAssetDB has modification time of '2024-12-05T16:46:12.6373848Z' while content on disk has modification time of '2024-12-05T16:46:47.2999686Z'
Number of updated asset objects reloaded before import = 0
Number of asset objects unloaded after import = 0
========================================================================
Received Import Request.
  Time since last request: 0.014626 seconds.
  path: Assets/Scripts/SceneManagerController.cs
  artifactKey: Guid(f8c1f5b52e608604e99a51b88c3fb697) Importer(815301076,1909f56bfc062723c751e8b465ee728b)
Start importing Assets/Scripts/SceneManagerController.cs using Guid(f8c1f5b52e608604e99a51b88c3fb697) Importer(815301076,1909f56bfc062723c751e8b465ee728b) [PhysX] Initialized MultithreadedTaskDispatcher with 4 workers.
 -> (artifact id: '00000000000000000000000000000000') in 0.002649 seconds
Import Error Code:(4)
Message: Build asset version error: assets/scripts/scenemanagercontroller.cs in SourceAssetDB has modification time of '2024-12-05T16:46:12.6373848Z' while content on disk has modification time of '2024-12-05T16:46:47.2999686Z'
  ERROR: Build asset version error: assets/scripts/scenemanagercontroller.cs in SourceAssetDB has modification time of '2024-12-05T16:46:12.6373848Z' while content on disk has modification time of '2024-12-05T16:46:47.2999686Z'
Number of updated asset objects reloaded before import = 0
Number of asset objects unloaded after import = 0
========================================================================
Received Import Request.
  Time since last request: 0.015649 seconds.
  path: Assets/Scripts/SceneManagerController.cs
  artifactKey: Guid(f8c1f5b52e608604e99a51b88c3fb697) Importer(815301076,1909f56bfc062723c751e8b465ee728b)
Start importing Assets/Scripts/SceneManagerController.cs using Guid(f8c1f5b52e608604e99a51b88c3fb697) Importer(815301076,1909f56bfc062723c751e8b465ee728b) [PhysX] Initialized MultithreadedTaskDispatcher with 4 workers.
 -> (artifact id: '00000000000000000000000000000000') in 0.003158 seconds
Import Error Code:(4)
Message: Build asset version error: assets/scripts/scenemanagercontroller.cs in SourceAssetDB has modification time of '2024-12-05T16:46:12.6373848Z' while content on disk has modification time of '2024-12-05T16:46:47.2999686Z'
  ERROR: Build asset version error: assets/scripts/scenemanagercontroller.cs in SourceAssetDB has modification time of '2024-12-05T16:46:12.6373848Z' while content on disk has modification time of '2024-12-05T16:46:47.2999686Z'
Number of updated asset objects reloaded before import = 0
Number of asset objects unloaded after import = 0
========================================================================
Received Import Request.
  Time since last request: 0.002527 seconds.
  path: Assets/Scripts/SceneManagerController.cs
  artifactKey: Guid(f8c1f5b52e608604e99a51b88c3fb697) Importer(815301076,1909f56bfc062723c751e8b465ee728b)
Start importing Assets/Scripts/SceneManagerController.cs using Guid(f8c1f5b52e608604e99a51b88c3fb697) Importer(815301076,1909f56bfc062723c751e8b465ee728b) [PhysX] Initialized MultithreadedTaskDispatcher with 4 workers.
 -> (artifact id: '00000000000000000000000000000000') in 0.002678 seconds
Import Error Code:(4)
Message: Build asset version error: assets/scripts/scenemanagercontroller.cs in SourceAssetDB has modification time of '2024-12-05T16:46:12.6373848Z' while content on disk has modification time of '2024-12-05T16:46:47.2999686Z'
  ERROR: Build asset version error: assets/scripts/scenemanagercontroller.cs in SourceAssetDB has modification time of '2024-12-05T16:46:12.6373848Z' while content on disk has modification time of '2024-12-05T16:46:47.2999686Z'
Number of updated asset objects reloaded before import = 0
Number of asset objects unloaded after import = 0
========================================================================
Received Import Request.
  Time since last request: 0.010586 seconds.
  path: Assets/Scripts/SceneManagerController.cs
  artifactKey: Guid(f8c1f5b52e608604e99a51b88c3fb697) Importer(815301076,1909f56bfc062723c751e8b465ee728b)
Start importing Assets/Scripts/SceneManagerController.cs using Guid(f8c1f5b52e608604e99a51b88c3fb697) Importer(815301076,1909f56bfc062723c751e8b465ee728b) [PhysX] Initialized MultithreadedTaskDispatcher with 4 workers.
 -> (artifact id: '00000000000000000000000000000000') in 0.013871 seconds
Import Error Code:(4)
Message: Build asset version error: assets/scripts/scenemanagercontroller.cs in SourceAssetDB has modification time of '2024-12-05T16:46:12.6373848Z' while content on disk has modification time of '2024-12-05T16:46:47.2999686Z'
  ERROR: Build asset version error: assets/scripts/scenemanagercontroller.cs in SourceAssetDB has modification time of '2024-12-05T16:46:12.6373848Z' while content on disk has modification time of '2024-12-05T16:46:47.2999686Z'
Number of updated asset objects reloaded before import = 0
Number of asset objects unloaded after import = 0
========================================================================
Received Import Request.
  Time since last request: 0.000888 seconds.
  path: Assets/Scripts/SceneManagerController.cs
  artifactKey: Guid(f8c1f5b52e608604e99a51b88c3fb697) Importer(815301076,1909f56bfc062723c751e8b465ee728b)
Start importing Assets/Scripts/SceneManagerController.cs using Guid(f8c1f5b52e608604e99a51b88c3fb697) Importer(815301076,1909f56bfc062723c751e8b465ee728b) [PhysX] Initialized MultithreadedTaskDispatcher with 4 workers.
 -> (artifact id: '00000000000000000000000000000000') in 0.002811 seconds
Import Error Code:(4)
Message: Build asset version error: assets/scripts/scenemanagercontroller.cs in SourceAssetDB has modification time of '2024-12-05T16:46:12.6373848Z' while content on disk has modification time of '2024-12-05T16:46:47.2999686Z'
  ERROR: Build asset version error: assets/scripts/scenemanagercontroller.cs in SourceAssetDB has modification time of '2024-12-05T16:46:12.6373848Z' while content on disk has modification time of '2024-12-05T16:46:47.2999686Z'
Number of updated asset objects reloaded before import = 0
Number of asset objects unloaded after import = 0
========================================================================
Received Import Request.
  Time since last request: 0.014283 seconds.
  path: Assets/Scripts/SceneManagerController.cs
  artifactKey: Guid(f8c1f5b52e608604e99a51b88c3fb697) Importer(815301076,1909f56bfc062723c751e8b465ee728b)
Start importing Assets/Scripts/SceneManagerController.cs using Guid(f8c1f5b52e608604e99a51b88c3fb697) Importer(815301076,1909f56bfc062723c751e8b465ee728b) [PhysX] Initialized MultithreadedTaskDispatcher with 4 workers.
 -> (artifact id: '00000000000000000000000000000000') in 0.001132 seconds
Import Error Code:(4)
Message: Build asset version error: assets/scripts/scenemanagercontroller.cs in SourceAssetDB has modification time of '2024-12-05T16:46:12.6373848Z' while content on disk has modification time of '2024-12-05T16:46:47.2999686Z'
  ERROR: Build asset version error: assets/scripts/scenemanagercontroller.cs in SourceAssetDB has modification time of '2024-12-05T16:46:12.6373848Z' while content on disk has modification time of '2024-12-05T16:46:47.2999686Z'
Number of updated asset objects reloaded before import = 0
Number of asset objects unloaded after import = 0
========================================================================
Received Import Request.
  Time since last request: 0.016468 seconds.
  path: Assets/Scripts/SceneManagerController.cs
  artifactKey: Guid(f8c1f5b52e608604e99a51b88c3fb697) Importer(815301076,1909f56bfc062723c751e8b465ee728b)
Start importing Assets/Scripts/SceneManagerController.cs using Guid(f8c1f5b52e608604e99a51b88c3fb697) Importer(815301076,1909f56bfc062723c751e8b465ee728b) [PhysX] Initialized MultithreadedTaskDispatcher with 4 workers.
 -> (artifact id: '00000000000000000000000000000000') in 0.001102 seconds
Import Error Code:(4)
Message: Build asset version error: assets/scripts/scenemanagercontroller.cs in SourceAssetDB has modification time of '2024-12-05T16:46:12.6373848Z' while content on disk has modification time of '2024-12-05T16:46:47.2999686Z'
  ERROR: Build asset version error: assets/scripts/scenemanagercontroller.cs in SourceAssetDB has modification time of '2024-12-05T16:46:12.6373848Z' while content on disk has modification time of '2024-12-05T16:46:47.2999686Z'
Number of updated asset objects reloaded before import = 0
Number of asset objects unloaded after import = 0
========================================================================
Received Import Request.
  Time since last request: 0.015597 seconds.
  path: Assets/Scripts/SceneManagerController.cs
  artifactKey: Guid(f8c1f5b52e608604e99a51b88c3fb697) Importer(815301076,1909f56bfc062723c751e8b465ee728b)
Start importing Assets/Scripts/SceneManagerController.cs using Guid(f8c1f5b52e608604e99a51b88c3fb697) Importer(815301076,1909f56bfc062723c751e8b465ee728b) [PhysX] Initialized MultithreadedTaskDispatcher with 4 workers.
 -> (artifact id: '00000000000000000000000000000000') in 0.001371 seconds
Import Error Code:(4)
Message: Build asset version error: assets/scripts/scenemanagercontroller.cs in SourceAssetDB has modification time of '2024-12-05T16:46:12.6373848Z' while content on disk has modification time of '2024-12-05T16:46:47.2999686Z'
  ERROR: Build asset version error: assets/scripts/scenemanagercontroller.cs in SourceAssetDB has modification time of '2024-12-05T16:46:12.6373848Z' while content on disk has modification time of '2024-12-05T16:46:47.2999686Z'
Number of updated asset objects reloaded before import = 0
Number of asset objects unloaded after import = 0
========================================================================
Received Import Request.
  Time since last request: 0.042249 seconds.
  path: Assets/Scripts/SceneManagerController.cs
  artifactKey: Guid(f8c1f5b52e608604e99a51b88c3fb697) Importer(815301076,1909f56bfc062723c751e8b465ee728b)
Start importing Assets/Scripts/SceneManagerController.cs using Guid(f8c1f5b52e608604e99a51b88c3fb697) Importer(815301076,1909f56bfc062723c751e8b465ee728b) [PhysX] Initialized MultithreadedTaskDispatcher with 4 workers.
 -> (artifact id: '00000000000000000000000000000000') in 0.004312 seconds
Import Error Code:(4)
Message: Build asset version error: assets/scripts/scenemanagercontroller.cs in SourceAssetDB has modification time of '2024-12-05T16:46:12.6373848Z' while content on disk has modification time of '2024-12-05T16:46:47.2999686Z'
  ERROR: Build asset version error: assets/scripts/scenemanagercontroller.cs in SourceAssetDB has modification time of '2024-12-05T16:46:12.6373848Z' while content on disk has modification time of '2024-12-05T16:46:47.2999686Z'
Number of updated asset objects reloaded before import = 0
Number of asset objects unloaded after import = 0
========================================================================
Received Import Request.
  Time since last request: 0.022084 seconds.
  path: Assets/Scripts/SceneManagerController.cs
  artifactKey: Guid(f8c1f5b52e608604e99a51b88c3fb697) Importer(815301076,1909f56bfc062723c751e8b465ee728b)
Start importing Assets/Scripts/SceneManagerController.cs using Guid(f8c1f5b52e608604e99a51b88c3fb697) Importer(815301076,1909f56bfc062723c751e8b465ee728b) [PhysX] Initialized MultithreadedTaskDispatcher with 4 workers.
 -> (artifact id: '00000000000000000000000000000000') in 0.001946 seconds
Import Error Code:(4)
Message: Build asset version error: assets/scripts/scenemanagercontroller.cs in SourceAssetDB has modification time of '2024-12-05T16:46:12.6373848Z' while content on disk has modification time of '2024-12-05T16:46:47.2999686Z'
  ERROR: Build asset version error: assets/scripts/scenemanagercontroller.cs in SourceAssetDB has modification time of '2024-12-05T16:46:12.6373848Z' while content on disk has modification time of '2024-12-05T16:46:47.2999686Z'
Number of updated asset objects reloaded before import = 0
Number of asset objects unloaded after import = 0
========================================================================
Received Import Request.
  Time since last request: 0.002623 seconds.
  path: Assets/Scripts/SceneManagerController.cs
  artifactKey: Guid(f8c1f5b52e608604e99a51b88c3fb697) Importer(815301076,1909f56bfc062723c751e8b465ee728b)
Start importing Assets/Scripts/SceneManagerController.cs using Guid(f8c1f5b52e608604e99a51b88c3fb697) Importer(815301076,1909f56bfc062723c751e8b465ee728b) [PhysX] Initialized MultithreadedTaskDispatcher with 4 workers.
 -> (artifact id: '00000000000000000000000000000000') in 0.003413 seconds
Import Error Code:(4)
Message: Build asset version error: assets/scripts/scenemanagercontroller.cs in SourceAssetDB has modification time of '2024-12-05T16:46:12.6373848Z' while content on disk has modification time of '2024-12-05T16:46:47.2999686Z'
  ERROR: Build asset version error: assets/scripts/scenemanagercontroller.cs in SourceAssetDB has modification time of '2024-12-05T16:46:12.6373848Z' while content on disk has modification time of '2024-12-05T16:46:47.2999686Z'
Number of updated asset objects reloaded before import = 0
Number of asset objects unloaded after import = 0
========================================================================
Received Import Request.
  Time since last request: 0.012342 seconds.
  path: Assets/Scripts/SceneManagerController.cs
  artifactKey: Guid(f8c1f5b52e608604e99a51b88c3fb697) Importer(815301076,1909f56bfc062723c751e8b465ee728b)
Start importing Assets/Scripts/SceneManagerController.cs using Guid(f8c1f5b52e608604e99a51b88c3fb697) Importer(815301076,1909f56bfc062723c751e8b465ee728b) [PhysX] Initialized MultithreadedTaskDispatcher with 4 workers.
 -> (artifact id: '00000000000000000000000000000000') in 0.003288 seconds
Import Error Code:(4)
Message: Build asset version error: assets/scripts/scenemanagercontroller.cs in SourceAssetDB has modification time of '2024-12-05T16:46:12.6373848Z' while content on disk has modification time of '2024-12-05T16:46:47.2999686Z'
  ERROR: Build asset version error: assets/scripts/scenemanagercontroller.cs in SourceAssetDB has modification time of '2024-12-05T16:46:12.6373848Z' while content on disk has modification time of '2024-12-05T16:46:47.2999686Z'
Number of updated asset objects reloaded before import = 0
Number of asset objects unloaded after import = 0
========================================================================
Received Import Request.
  Time since last request: 0.015953 seconds.
  path: Assets/Scripts/SceneManagerController.cs
  artifactKey: Guid(f8c1f5b52e608604e99a51b88c3fb697) Importer(815301076,1909f56bfc062723c751e8b465ee728b)
Start importing Assets/Scripts/SceneManagerController.cs using Guid(f8c1f5b52e608604e99a51b88c3fb697) Importer(815301076,1909f56bfc062723c751e8b465ee728b) [PhysX] Initialized MultithreadedTaskDispatcher with 4 workers.
 -> (artifact id: '00000000000000000000000000000000') in 0.002861 seconds
Import Error Code:(4)
Message: Build asset version error: assets/scripts/scenemanagercontroller.cs in SourceAssetDB has modification time of '2024-12-05T16:46:12.6373848Z' while content on disk has modification time of '2024-12-05T16:46:47.2999686Z'
  ERROR: Build asset version error: assets/scripts/scenemanagercontroller.cs in SourceAssetDB has modification time of '2024-12-05T16:46:12.6373848Z' while content on disk has modification time of '2024-12-05T16:46:47.2999686Z'
Number of updated asset objects reloaded before import = 0
Number of asset objects unloaded after import = 0
========================================================================
Received Import Request.
  Time since last request: 0.014515 seconds.
  path: Assets/Scripts/SceneManagerController.cs
  artifactKey: Guid(f8c1f5b52e608604e99a51b88c3fb697) Importer(815301076,1909f56bfc062723c751e8b465ee728b)
Start importing Assets/Scripts/SceneManagerController.cs using Guid(f8c1f5b52e608604e99a51b88c3fb697) Importer(815301076,1909f56bfc062723c751e8b465ee728b) [PhysX] Initialized MultithreadedTaskDispatcher with 4 workers.
 -> (artifact id: '00000000000000000000000000000000') in 0.007538 seconds
Import Error Code:(4)
Message: Build asset version error: assets/scripts/scenemanagercontroller.cs in SourceAssetDB has modification time of '2024-12-05T16:46:12.6373848Z' while content on disk has modification time of '2024-12-05T16:46:47.2999686Z'
  ERROR: Build asset version error: assets/scripts/scenemanagercontroller.cs in SourceAssetDB has modification time of '2024-12-05T16:46:12.6373848Z' while content on disk has modification time of '2024-12-05T16:46:47.2999686Z'
Number of updated asset objects reloaded before import = 0
Number of asset objects unloaded after import = 0
========================================================================
Received Import Request.
  Time since last request: 0.013430 seconds.
  path: Assets/Scripts/SceneManagerController.cs
  artifactKey: Guid(f8c1f5b52e608604e99a51b88c3fb697) Importer(815301076,1909f56bfc062723c751e8b465ee728b)
Start importing Assets/Scripts/SceneManagerController.cs using Guid(f8c1f5b52e608604e99a51b88c3fb697) Importer(815301076,1909f56bfc062723c751e8b465ee728b) [PhysX] Initialized MultithreadedTaskDispatcher with 4 workers.
 -> (artifact id: '00000000000000000000000000000000') in 0.012393 seconds
Import Error Code:(4)
Message: Build asset version error: assets/scripts/scenemanagercontroller.cs in SourceAssetDB has modification time of '2024-12-05T16:46:12.6373848Z' while content on disk has modification time of '2024-12-05T16:46:47.2999686Z'
  ERROR: Build asset version error: assets/scripts/scenemanagercontroller.cs in SourceAssetDB has modification time of '2024-12-05T16:46:12.6373848Z' while content on disk has modification time of '2024-12-05T16:46:47.2999686Z'
Number of updated asset objects reloaded before import = 0
Number of asset objects unloaded after import = 0
========================================================================
Received Import Request.
  Time since last request: 0.000873 seconds.
  path: Assets/Scripts/SceneManagerController.cs
  artifactKey: Guid(f8c1f5b52e608604e99a51b88c3fb697) Importer(815301076,1909f56bfc062723c751e8b465ee728b)
Start importing Assets/Scripts/SceneManagerController.cs using Guid(f8c1f5b52e608604e99a51b88c3fb697) Importer(815301076,1909f56bfc062723c751e8b465ee728b) [PhysX] Initialized MultithreadedTaskDispatcher with 4 workers.
 -> (artifact id: '00000000000000000000000000000000') in 0.015544 seconds
Import Error Code:(4)
Message: Build asset version error: assets/scripts/scenemanagercontroller.cs in SourceAssetDB has modification time of '2024-12-05T16:46:12.6373848Z' while content on disk has modification time of '2024-12-05T16:46:47.2999686Z'
  ERROR: Build asset version error: assets/scripts/scenemanagercontroller.cs in SourceAssetDB has modification time of '2024-12-05T16:46:12.6373848Z' while content on disk has modification time of '2024-12-05T16:46:47.2999686Z'
Number of updated asset objects reloaded before import = 0
Number of asset objects unloaded after import = 0
========================================================================
Received Import Request.
  Time since last request: 0.000637 seconds.
  path: Assets/Scripts/SceneManagerController.cs
  artifactKey: Guid(f8c1f5b52e608604e99a51b88c3fb697) Importer(815301076,1909f56bfc062723c751e8b465ee728b)
Start importing Assets/Scripts/SceneManagerController.cs using Guid(f8c1f5b52e608604e99a51b88c3fb697) Importer(815301076,1909f56bfc062723c751e8b465ee728b) [PhysX] Initialized MultithreadedTaskDispatcher with 4 workers.
 -> (artifact id: '00000000000000000000000000000000') in 0.001255 seconds
Import Error Code:(4)
Message: Build asset version error: assets/scripts/scenemanagercontroller.cs in SourceAssetDB has modification time of '2024-12-05T16:46:12.6373848Z' while content on disk has modification time of '2024-12-05T16:46:47.2999686Z'
  ERROR: Build asset version error: assets/scripts/scenemanagercontroller.cs in SourceAssetDB has modification time of '2024-12-05T16:46:12.6373848Z' while content on disk has modification time of '2024-12-05T16:46:47.2999686Z'
Number of updated asset objects reloaded before import = 0
Number of asset objects unloaded after import = 0
========================================================================
Received Import Request.
  Time since last request: 0.017663 seconds.
  path: Assets/Scripts/SceneManagerController.cs
  artifactKey: Guid(f8c1f5b52e608604e99a51b88c3fb697) Importer(815301076,1909f56bfc062723c751e8b465ee728b)
Start importing Assets/Scripts/SceneManagerController.cs using Guid(f8c1f5b52e608604e99a51b88c3fb697) Importer(815301076,1909f56bfc062723c751e8b465ee728b) [PhysX] Initialized MultithreadedTaskDispatcher with 4 workers.
 -> (artifact id: '00000000000000000000000000000000') in 0.001761 seconds
Import Error Code:(4)
Message: Build asset version error: assets/scripts/scenemanagercontroller.cs in SourceAssetDB has modification time of '2024-12-05T16:46:12.6373848Z' while content on disk has modification time of '2024-12-05T16:46:47.2999686Z'
  ERROR: Build asset version error: assets/scripts/scenemanagercontroller.cs in SourceAssetDB has modification time of '2024-12-05T16:46:12.6373848Z' while content on disk has modification time of '2024-12-05T16:46:47.2999686Z'
Number of updated asset objects reloaded before import = 0
Number of asset objects unloaded after import = 0
========================================================================
Received Import Request.
  Time since last request: 0.016386 seconds.
  path: Assets/Scripts/SceneManagerController.cs
  artifactKey: Guid(f8c1f5b52e608604e99a51b88c3fb697) Importer(815301076,1909f56bfc062723c751e8b465ee728b)
Start importing Assets/Scripts/SceneManagerController.cs using Guid(f8c1f5b52e608604e99a51b88c3fb697) Importer(815301076,1909f56bfc062723c751e8b465ee728b) [PhysX] Initialized MultithreadedTaskDispatcher with 4 workers.
 -> (artifact id: '00000000000000000000000000000000') in 0.001232 seconds
Import Error Code:(4)
Message: Build asset version error: assets/scripts/scenemanagercontroller.cs in SourceAssetDB has modification time of '2024-12-05T16:46:12.6373848Z' while content on disk has modification time of '2024-12-05T16:46:47.2999686Z'
  ERROR: Build asset version error: assets/scripts/scenemanagercontroller.cs in SourceAssetDB has modification time of '2024-12-05T16:46:12.6373848Z' while content on disk has modification time of '2024-12-05T16:46:47.2999686Z'
Number of updated asset objects reloaded before import = 0
Number of asset objects unloaded after import = 0
========================================================================
Received Import Request.
  Time since last request: 0.018660 seconds.
  path: Assets/Scripts/SceneManagerController.cs
  artifactKey: Guid(f8c1f5b52e608604e99a51b88c3fb697) Importer(815301076,1909f56bfc062723c751e8b465ee728b)
Start importing Assets/Scripts/SceneManagerController.cs using Guid(f8c1f5b52e608604e99a51b88c3fb697) Importer(815301076,1909f56bfc062723c751e8b465ee728b) [PhysX] Initialized MultithreadedTaskDispatcher with 4 workers.
 -> (artifact id: '00000000000000000000000000000000') in 0.002167 seconds
Import Error Code:(4)
Message: Build asset version error: assets/scripts/scenemanagercontroller.cs in SourceAssetDB has modification time of '2024-12-05T16:46:12.6373848Z' while content on disk has modification time of '2024-12-05T16:46:47.2999686Z'
  ERROR: Build asset version error: assets/scripts/scenemanagercontroller.cs in SourceAssetDB has modification time of '2024-12-05T16:46:12.6373848Z' while content on disk has modification time of '2024-12-05T16:46:47.2999686Z'
Number of updated asset objects reloaded before import = 0
Number of asset objects unloaded after import = 0
========================================================================
Received Import Request.
  Time since last request: 0.019447 seconds.
  path: Assets/Scripts/SceneManagerController.cs
  artifactKey: Guid(f8c1f5b52e608604e99a51b88c3fb697) Importer(815301076,1909f56bfc062723c751e8b465ee728b)
Start importing Assets/Scripts/SceneManagerController.cs using Guid(f8c1f5b52e608604e99a51b88c3fb697) Importer(815301076,1909f56bfc062723c751e8b465ee728b) [PhysX] Initialized MultithreadedTaskDispatcher with 4 workers.
 -> (artifact id: '00000000000000000000000000000000') in 0.001309 seconds
Import Error Code:(4)
Message: Build asset version error: assets/scripts/scenemanagercontroller.cs in SourceAssetDB has modification time of '2024-12-05T16:46:12.6373848Z' while content on disk has modification time of '2024-12-05T16:46:47.2999686Z'
  ERROR: Build asset version error: assets/scripts/scenemanagercontroller.cs in SourceAssetDB has modification time of '2024-12-05T16:46:12.6373848Z' while content on disk has modification time of '2024-12-05T16:46:47.2999686Z'
Number of updated asset objects reloaded before import = 0
Number of asset objects unloaded after import = 0
========================================================================
Received Import Request.
  Time since last request: 0.016359 seconds.
  path: Assets/Scripts/SceneManagerController.cs
  artifactKey: Guid(f8c1f5b52e608604e99a51b88c3fb697) Importer(815301076,1909f56bfc062723c751e8b465ee728b)
Start importing Assets/Scripts/SceneManagerController.cs using Guid(f8c1f5b52e608604e99a51b88c3fb697) Importer(815301076,1909f56bfc062723c751e8b465ee728b) [PhysX] Initialized MultithreadedTaskDispatcher with 4 workers.
 -> (artifact id: '00000000000000000000000000000000') in 0.001286 seconds
Import Error Code:(4)
Message: Build asset version error: assets/scripts/scenemanagercontroller.cs in SourceAssetDB has modification time of '2024-12-05T16:46:12.6373848Z' while content on disk has modification time of '2024-12-05T16:46:47.2999686Z'
  ERROR: Build asset version error: assets/scripts/scenemanagercontroller.cs in SourceAssetDB has modification time of '2024-12-05T16:46:12.6373848Z' while content on disk has modification time of '2024-12-05T16:46:47.2999686Z'
Number of updated asset objects reloaded before import = 0
Number of asset objects unloaded after import = 0
========================================================================
Received Import Request.
  Time since last request: 0.016389 seconds.
  path: Assets/Scripts/SceneManagerController.cs
  artifactKey: Guid(f8c1f5b52e608604e99a51b88c3fb697) Importer(815301076,1909f56bfc062723c751e8b465ee728b)
Start importing Assets/Scripts/SceneManagerController.cs using Guid(f8c1f5b52e608604e99a51b88c3fb697) Importer(815301076,1909f56bfc062723c751e8b465ee728b) [PhysX] Initialized MultithreadedTaskDispatcher with 4 workers.
 -> (artifact id: '00000000000000000000000000000000') in 0.001040 seconds
Import Error Code:(4)
Message: Build asset version error: assets/scripts/scenemanagercontroller.cs in SourceAssetDB has modification time of '2024-12-05T16:46:12.6373848Z' while content on disk has modification time of '2024-12-05T16:46:47.2999686Z'
  ERROR: Build asset version error: assets/scripts/scenemanagercontroller.cs in SourceAssetDB has modification time of '2024-12-05T16:46:12.6373848Z' while content on disk has modification time of '2024-12-05T16:46:47.2999686Z'
Number of updated asset objects reloaded before import = 0
Number of asset objects unloaded after import = 0
========================================================================
Received Import Request.
  Time since last request: 0.015728 seconds.
  path: Assets/Scripts/SceneManagerController.cs
  artifactKey: Guid(f8c1f5b52e608604e99a51b88c3fb697) Importer(815301076,1909f56bfc062723c751e8b465ee728b)
Start importing Assets/Scripts/SceneManagerController.cs using Guid(f8c1f5b52e608604e99a51b88c3fb697) Importer(815301076,1909f56bfc062723c751e8b465ee728b) [PhysX] Initialized MultithreadedTaskDispatcher with 4 workers.
 -> (artifact id: '00000000000000000000000000000000') in 0.001125 seconds
Import Error Code:(4)
Message: Build asset version error: assets/scripts/scenemanagercontroller.cs in SourceAssetDB has modification time of '2024-12-05T16:46:12.6373848Z' while content on disk has modification time of '2024-12-05T16:46:47.2999686Z'
  ERROR: Build asset version error: assets/scripts/scenemanagercontroller.cs in SourceAssetDB has modification time of '2024-12-05T16:46:12.6373848Z' while content on disk has modification time of '2024-12-05T16:46:47.2999686Z'
Number of updated asset objects reloaded before import = 0
Number of asset objects unloaded after import = 0
========================================================================
Received Import Request.
  Time since last request: 0.016363 seconds.
  path: Assets/Scripts/SceneManagerController.cs
  artifactKey: Guid(f8c1f5b52e608604e99a51b88c3fb697) Importer(815301076,1909f56bfc062723c751e8b465ee728b)
Start importing Assets/Scripts/SceneManagerController.cs using Guid(f8c1f5b52e608604e99a51b88c3fb697) Importer(815301076,1909f56bfc062723c751e8b465ee728b) [PhysX] Initialized MultithreadedTaskDispatcher with 4 workers.
 -> (artifact id: '00000000000000000000000000000000') in 0.001471 seconds
Import Error Code:(4)
Message: Build asset version error: assets/scripts/scenemanagercontroller.cs in SourceAssetDB has modification time of '2024-12-05T16:46:12.6373848Z' while content on disk has modification time of '2024-12-05T16:46:47.2999686Z'
  ERROR: Build asset version error: assets/scripts/scenemanagercontroller.cs in SourceAssetDB has modification time of '2024-12-05T16:46:12.6373848Z' while content on disk has modification time of '2024-12-05T16:46:47.2999686Z'
Number of updated asset objects reloaded before import = 0
Number of asset objects unloaded after import = 0
========================================================================
Received Import Request.
  Time since last request: 0.023108 seconds.
  path: Assets/Scripts/SceneManagerController.cs
  artifactKey: Guid(f8c1f5b52e608604e99a51b88c3fb697) Importer(815301076,1909f56bfc062723c751e8b465ee728b)
Start importing Assets/Scripts/SceneManagerController.cs using Guid(f8c1f5b52e608604e99a51b88c3fb697) Importer(815301076,1909f56bfc062723c751e8b465ee728b) [PhysX] Initialized MultithreadedTaskDispatcher with 4 workers.
 -> (artifact id: '00000000000000000000000000000000') in 0.038625 seconds
Import Error Code:(4)
Message: Build asset version error: assets/scripts/scenemanagercontroller.cs in SourceAssetDB has modification time of '2024-12-05T16:46:12.6373848Z' while content on disk has modification time of '2024-12-05T16:46:47.2999686Z'
  ERROR: Build asset version error: assets/scripts/scenemanagercontroller.cs in SourceAssetDB has modification time of '2024-12-05T16:46:12.6373848Z' while content on disk has modification time of '2024-12-05T16:46:47.2999686Z'
Number of updated asset objects reloaded before import = 0
Number of asset objects unloaded after import = 0
========================================================================
Received Import Request.
  Time since last request: 0.002004 seconds.
  path: Assets/Scripts/SceneManagerController.cs
  artifactKey: Guid(f8c1f5b52e608604e99a51b88c3fb697) Importer(815301076,1909f56bfc062723c751e8b465ee728b)
Start importing Assets/Scripts/SceneManagerController.cs using Guid(f8c1f5b52e608604e99a51b88c3fb697) Importer(815301076,1909f56bfc062723c751e8b465ee728b) [PhysX] Initialized MultithreadedTaskDispatcher with 4 workers.
 -> (artifact id: '00000000000000000000000000000000') in 0.023619 seconds
Import Error Code:(4)
Message: Build asset version error: assets/scripts/scenemanagercontroller.cs in SourceAssetDB has modification time of '2024-12-05T16:46:12.6373848Z' while content on disk has modification time of '2024-12-05T16:46:47.2999686Z'
  ERROR: Build asset version error: assets/scripts/scenemanagercontroller.cs in SourceAssetDB has modification time of '2024-12-05T16:46:12.6373848Z' while content on disk has modification time of '2024-12-05T16:46:47.2999686Z'
Number of updated asset objects reloaded before import = 0
Number of asset objects unloaded after import = 0
========================================================================
Received Import Request.
  Time since last request: 0.035319 seconds.
  path: Assets/Scripts/SceneManagerController.cs
  artifactKey: Guid(f8c1f5b52e608604e99a51b88c3fb697) Importer(815301076,1909f56bfc062723c751e8b465ee728b)
Start importing Assets/Scripts/SceneManagerController.cs using Guid(f8c1f5b52e608604e99a51b88c3fb697) Importer(815301076,1909f56bfc062723c751e8b465ee728b) [PhysX] Initialized MultithreadedTaskDispatcher with 4 workers.
 -> (artifact id: '00000000000000000000000000000000') in 0.007705 seconds
Import Error Code:(4)
Message: Build asset version error: assets/scripts/scenemanagercontroller.cs in SourceAssetDB has modification time of '2024-12-05T16:46:12.6373848Z' while content on disk has modification time of '2024-12-05T16:46:47.2999686Z'
  ERROR: Build asset version error: assets/scripts/scenemanagercontroller.cs in SourceAssetDB has modification time of '2024-12-05T16:46:12.6373848Z' while content on disk has modification time of '2024-12-05T16:46:47.2999686Z'
Number of updated asset objects reloaded before import = 0
Number of asset objects unloaded after import = 0
========================================================================
Received Import Request.
  Time since last request: 0.002635 seconds.
  path: Assets/Scripts/SceneManagerController.cs
  artifactKey: Guid(f8c1f5b52e608604e99a51b88c3fb697) Importer(815301076,1909f56bfc062723c751e8b465ee728b)
Start importing Assets/Scripts/SceneManagerController.cs using Guid(f8c1f5b52e608604e99a51b88c3fb697) Importer(815301076,1909f56bfc062723c751e8b465ee728b) [PhysX] Initialized MultithreadedTaskDispatcher with 4 workers.
 -> (artifact id: '00000000000000000000000000000000') in 0.005399 seconds
Import Error Code:(4)
Message: Build asset version error: assets/scripts/scenemanagercontroller.cs in SourceAssetDB has modification time of '2024-12-05T16:46:12.6373848Z' while content on disk has modification time of '2024-12-05T16:46:47.2999686Z'
  ERROR: Build asset version error: assets/scripts/scenemanagercontroller.cs in SourceAssetDB has modification time of '2024-12-05T16:46:12.6373848Z' while content on disk has modification time of '2024-12-05T16:46:47.2999686Z'
Number of updated asset objects reloaded before import = 0
Number of asset objects unloaded after import = 0
========================================================================
Received Import Request.
  Time since last request: 0.016687 seconds.
  path: Assets/Scripts/SceneManagerController.cs
  artifactKey: Guid(f8c1f5b52e608604e99a51b88c3fb697) Importer(815301076,1909f56bfc062723c751e8b465ee728b)
Start importing Assets/Scripts/SceneManagerController.cs using Guid(f8c1f5b52e608604e99a51b88c3fb697) Importer(815301076,1909f56bfc062723c751e8b465ee728b) [PhysX] Initialized MultithreadedTaskDispatcher with 4 workers.
 -> (artifact id: '00000000000000000000000000000000') in 0.004634 seconds
Import Error Code:(4)
Message: Build asset version error: assets/scripts/scenemanagercontroller.cs in SourceAssetDB has modification time of '2024-12-05T16:46:12.6373848Z' while content on disk has modification time of '2024-12-05T16:46:47.2999686Z'
  ERROR: Build asset version error: assets/scripts/scenemanagercontroller.cs in SourceAssetDB has modification time of '2024-12-05T16:46:12.6373848Z' while content on disk has modification time of '2024-12-05T16:46:47.2999686Z'
Number of updated asset objects reloaded before import = 0
Number of asset objects unloaded after import = 0
========================================================================
Received Import Request.
  Time since last request: 0.019607 seconds.
  path: Assets/Scripts/SceneManagerController.cs
  artifactKey: Guid(f8c1f5b52e608604e99a51b88c3fb697) Importer(815301076,1909f56bfc062723c751e8b465ee728b)
Start importing Assets/Scripts/SceneManagerController.cs using Guid(f8c1f5b52e608604e99a51b88c3fb697) Importer(815301076,1909f56bfc062723c751e8b465ee728b) [PhysX] Initialized MultithreadedTaskDispatcher with 4 workers.
 -> (artifact id: '00000000000000000000000000000000') in 0.007247 seconds
Import Error Code:(4)
Message: Build asset version error: assets/scripts/scenemanagercontroller.cs in SourceAssetDB has modification time of '2024-12-05T16:46:12.6373848Z' while content on disk has modification time of '2024-12-05T16:46:47.2999686Z'
  ERROR: Build asset version error: assets/scripts/scenemanagercontroller.cs in SourceAssetDB has modification time of '2024-12-05T16:46:12.6373848Z' while content on disk has modification time of '2024-12-05T16:46:47.2999686Z'
Number of updated asset objects reloaded before import = 0
Number of asset objects unloaded after import = 0
========================================================================
Received Import Request.
  Time since last request: 0.010086 seconds.
  path: Assets/Scripts/SceneManagerController.cs
  artifactKey: Guid(f8c1f5b52e608604e99a51b88c3fb697) Importer(815301076,1909f56bfc062723c751e8b465ee728b)
Start importing Assets/Scripts/SceneManagerController.cs using Guid(f8c1f5b52e608604e99a51b88c3fb697) Importer(815301076,1909f56bfc062723c751e8b465ee728b) [PhysX] Initialized MultithreadedTaskDispatcher with 4 workers.
 -> (artifact id: '00000000000000000000000000000000') in 0.002969 seconds
Import Error Code:(4)
Message: Build asset version error: assets/scripts/scenemanagercontroller.cs in SourceAssetDB has modification time of '2024-12-05T16:46:12.6373848Z' while content on disk has modification time of '2024-12-05T16:46:47.2999686Z'
  ERROR: Build asset version error: assets/scripts/scenemanagercontroller.cs in SourceAssetDB has modification time of '2024-12-05T16:46:12.6373848Z' while content on disk has modification time of '2024-12-05T16:46:47.2999686Z'
Number of updated asset objects reloaded before import = 0
Number of asset objects unloaded after import = 0
========================================================================
Received Import Request.
  Time since last request: 0.010231 seconds.
  path: Assets/Scripts/SceneManagerController.cs
  artifactKey: Guid(f8c1f5b52e608604e99a51b88c3fb697) Importer(815301076,1909f56bfc062723c751e8b465ee728b)
Start importing Assets/Scripts/SceneManagerController.cs using Guid(f8c1f5b52e608604e99a51b88c3fb697) Importer(815301076,1909f56bfc062723c751e8b465ee728b) [PhysX] Initialized MultithreadedTaskDispatcher with 4 workers.
 -> (artifact id: '00000000000000000000000000000000') in 0.002870 seconds
Import Error Code:(4)
Message: Build asset version error: assets/scripts/scenemanagercontroller.cs in SourceAssetDB has modification time of '2024-12-05T16:46:12.6373848Z' while content on disk has modification time of '2024-12-05T16:46:47.2999686Z'
  ERROR: Build asset version error: assets/scripts/scenemanagercontroller.cs in SourceAssetDB has modification time of '2024-12-05T16:46:12.6373848Z' while content on disk has modification time of '2024-12-05T16:46:47.2999686Z'
Number of updated asset objects reloaded before import = 0
Number of asset objects unloaded after import = 0
========================================================================
Received Import Request.
  Time since last request: 0.047874 seconds.
  path: Assets/Scripts/SceneManagerController.cs
  artifactKey: Guid(f8c1f5b52e608604e99a51b88c3fb697) Importer(815301076,1909f56bfc062723c751e8b465ee728b)
Start importing Assets/Scripts/SceneManagerController.cs using Guid(f8c1f5b52e608604e99a51b88c3fb697) Importer(815301076,1909f56bfc062723c751e8b465ee728b) [PhysX] Initialized MultithreadedTaskDispatcher with 4 workers.
 -> (artifact id: '00000000000000000000000000000000') in 0.039228 seconds
Import Error Code:(4)
Message: Build asset version error: assets/scripts/scenemanagercontroller.cs in SourceAssetDB has modification time of '2024-12-05T16:46:12.6373848Z' while content on disk has modification time of '2024-12-05T16:46:47.2999686Z'
  ERROR: Build asset version error: assets/scripts/scenemanagercontroller.cs in SourceAssetDB has modification time of '2024-12-05T16:46:12.6373848Z' while content on disk has modification time of '2024-12-05T16:46:47.2999686Z'
Number of updated asset objects reloaded before import = 0
Number of asset objects unloaded after import = 0
========================================================================
Received Import Request.
  Time since last request: 0.000449 seconds.
  path: Assets/Scripts/SceneManagerController.cs
  artifactKey: Guid(f8c1f5b52e608604e99a51b88c3fb697) Importer(815301076,1909f56bfc062723c751e8b465ee728b)
Start importing Assets/Scripts/SceneManagerController.cs using Guid(f8c1f5b52e608604e99a51b88c3fb697) Importer(815301076,1909f56bfc062723c751e8b465ee728b) [PhysX] Initialized MultithreadedTaskDispatcher with 4 workers.
 -> (artifact id: '00000000000000000000000000000000') in 0.006183 seconds
Import Error Code:(4)
Message: Build asset version error: assets/scripts/scenemanagercontroller.cs in SourceAssetDB has modification time of '2024-12-05T16:46:12.6373848Z' while content on disk has modification time of '2024-12-05T16:46:47.2999686Z'
  ERROR: Build asset version error: assets/scripts/scenemanagercontroller.cs in SourceAssetDB has modification time of '2024-12-05T16:46:12.6373848Z' while content on disk has modification time of '2024-12-05T16:46:47.2999686Z'
Number of updated asset objects reloaded before import = 0
Number of asset objects unloaded after import = 0
========================================================================
Received Import Request.
  Time since last request: 0.013461 seconds.
  path: Assets/Scripts/SceneManagerController.cs
  artifactKey: Guid(f8c1f5b52e608604e99a51b88c3fb697) Importer(815301076,1909f56bfc062723c751e8b465ee728b)
Start importing Assets/Scripts/SceneManagerController.cs using Guid(f8c1f5b52e608604e99a51b88c3fb697) Importer(815301076,1909f56bfc062723c751e8b465ee728b) [PhysX] Initialized MultithreadedTaskDispatcher with 4 workers.
 -> (artifact id: '00000000000000000000000000000000') in 0.004695 seconds
Import Error Code:(4)
Message: Build asset version error: assets/scripts/scenemanagercontroller.cs in SourceAssetDB has modification time of '2024-12-05T16:46:12.6373848Z' while content on disk has modification time of '2024-12-05T16:46:47.2999686Z'
  ERROR: Build asset version error: assets/scripts/scenemanagercontroller.cs in SourceAssetDB has modification time of '2024-12-05T16:46:12.6373848Z' while content on disk has modification time of '2024-12-05T16:46:47.2999686Z'
Number of updated asset objects reloaded before import = 0
Number of asset objects unloaded after import = 0
========================================================================
Received Import Request.
  Time since last request: 0.016471 seconds.
  path: Assets/Scripts/SceneManagerController.cs
  artifactKey: Guid(f8c1f5b52e608604e99a51b88c3fb697) Importer(815301076,1909f56bfc062723c751e8b465ee728b)
Start importing Assets/Scripts/SceneManagerController.cs using Guid(f8c1f5b52e608604e99a51b88c3fb697) Importer(815301076,1909f56bfc062723c751e8b465ee728b) [PhysX] Initialized MultithreadedTaskDispatcher with 4 workers.
 -> (artifact id: '00000000000000000000000000000000') in 0.002897 seconds
Import Error Code:(4)
Message: Build asset version error: assets/scripts/scenemanagercontroller.cs in SourceAssetDB has modification time of '2024-12-05T16:46:12.6373848Z' while content on disk has modification time of '2024-12-05T16:46:47.2999686Z'
  ERROR: Build asset version error: assets/scripts/scenemanagercontroller.cs in SourceAssetDB has modification time of '2024-12-05T16:46:12.6373848Z' while content on disk has modification time of '2024-12-05T16:46:47.2999686Z'
Number of updated asset objects reloaded before import = 0
Number of asset objects unloaded after import = 0
========================================================================
Received Import Request.
  Time since last request: 0.014210 seconds.
  path: Assets/Scripts/SceneManagerController.cs
  artifactKey: Guid(f8c1f5b52e608604e99a51b88c3fb697) Importer(815301076,1909f56bfc062723c751e8b465ee728b)
Start importing Assets/Scripts/SceneManagerController.cs using Guid(f8c1f5b52e608604e99a51b88c3fb697) Importer(815301076,1909f56bfc062723c751e8b465ee728b) [PhysX] Initialized MultithreadedTaskDispatcher with 4 workers.
 -> (artifact id: '00000000000000000000000000000000') in 0.001335 seconds
Import Error Code:(4)
Message: Build asset version error: assets/scripts/scenemanagercontroller.cs in SourceAssetDB has modification time of '2024-12-05T16:46:12.6373848Z' while content on disk has modification time of '2024-12-05T16:46:47.2999686Z'
  ERROR: Build asset version error: assets/scripts/scenemanagercontroller.cs in SourceAssetDB has modification time of '2024-12-05T16:46:12.6373848Z' while content on disk has modification time of '2024-12-05T16:46:47.2999686Z'
Number of updated asset objects reloaded before import = 0
Number of asset objects unloaded after import = 0
========================================================================
Received Import Request.
  Time since last request: 0.015374 seconds.
  path: Assets/Scripts/SceneManagerController.cs
  artifactKey: Guid(f8c1f5b52e608604e99a51b88c3fb697) Importer(815301076,1909f56bfc062723c751e8b465ee728b)
Start importing Assets/Scripts/SceneManagerController.cs using Guid(f8c1f5b52e608604e99a51b88c3fb697) Importer(815301076,1909f56bfc062723c751e8b465ee728b) [PhysX] Initialized MultithreadedTaskDispatcher with 4 workers.
 -> (artifact id: '00000000000000000000000000000000') in 0.001021 seconds
Import Error Code:(4)
Message: Build asset version error: assets/scripts/scenemanagercontroller.cs in SourceAssetDB has modification time of '2024-12-05T16:46:12.6373848Z' while content on disk has modification time of '2024-12-05T16:46:47.2999686Z'
  ERROR: Build asset version error: assets/scripts/scenemanagercontroller.cs in SourceAssetDB has modification time of '2024-12-05T16:46:12.6373848Z' while content on disk has modification time of '2024-12-05T16:46:47.2999686Z'
Number of updated asset objects reloaded before import = 0
Number of asset objects unloaded after import = 0
========================================================================
Received Import Request.
  Time since last request: 0.015634 seconds.
  path: Assets/Scripts/SceneManagerController.cs
  artifactKey: Guid(f8c1f5b52e608604e99a51b88c3fb697) Importer(815301076,1909f56bfc062723c751e8b465ee728b)
Start importing Assets/Scripts/SceneManagerController.cs using Guid(f8c1f5b52e608604e99a51b88c3fb697) Importer(815301076,1909f56bfc062723c751e8b465ee728b) [PhysX] Initialized MultithreadedTaskDispatcher with 4 workers.
 -> (artifact id: '00000000000000000000000000000000') in 0.001301 seconds
Import Error Code:(4)
Message: Build asset version error: assets/scripts/scenemanagercontroller.cs in SourceAssetDB has modification time of '2024-12-05T16:46:12.6373848Z' while content on disk has modification time of '2024-12-05T16:46:47.2999686Z'
  ERROR: Build asset version error: assets/scripts/scenemanagercontroller.cs in SourceAssetDB has modification time of '2024-12-05T16:46:12.6373848Z' while content on disk has modification time of '2024-12-05T16:46:47.2999686Z'
Number of updated asset objects reloaded before import = 0
Number of asset objects unloaded after import = 0
========================================================================
Received Import Request.
  Time since last request: 0.016046 seconds.
  path: Assets/Scripts/SceneManagerController.cs
  artifactKey: Guid(f8c1f5b52e608604e99a51b88c3fb697) Importer(815301076,1909f56bfc062723c751e8b465ee728b)
Start importing Assets/Scripts/SceneManagerController.cs using Guid(f8c1f5b52e608604e99a51b88c3fb697) Importer(815301076,1909f56bfc062723c751e8b465ee728b) [PhysX] Initialized MultithreadedTaskDispatcher with 4 workers.
 -> (artifact id: '00000000000000000000000000000000') in 0.001309 seconds
Import Error Code:(4)
Message: Build asset version error: assets/scripts/scenemanagercontroller.cs in SourceAssetDB has modification time of '2024-12-05T16:46:12.6373848Z' while content on disk has modification time of '2024-12-05T16:46:47.2999686Z'
  ERROR: Build asset version error: assets/scripts/scenemanagercontroller.cs in SourceAssetDB has modification time of '2024-12-05T16:46:12.6373848Z' while content on disk has modification time of '2024-12-05T16:46:47.2999686Z'
Number of updated asset objects reloaded before import = 0
Number of asset objects unloaded after import = 0
========================================================================
Received Import Request.
  Time since last request: 0.014955 seconds.
  path: Assets/Scripts/SceneManagerController.cs
  artifactKey: Guid(f8c1f5b52e608604e99a51b88c3fb697) Importer(815301076,1909f56bfc062723c751e8b465ee728b)
Start importing Assets/Scripts/SceneManagerController.cs using Guid(f8c1f5b52e608604e99a51b88c3fb697) Importer(815301076,1909f56bfc062723c751e8b465ee728b) [PhysX] Initialized MultithreadedTaskDispatcher with 4 workers.
 -> (artifact id: '00000000000000000000000000000000') in 0.001082 seconds
Import Error Code:(4)
Message: Build asset version error: assets/scripts/scenemanagercontroller.cs in SourceAssetDB has modification time of '2024-12-05T16:46:12.6373848Z' while content on disk has modification time of '2024-12-05T16:46:47.2999686Z'
  ERROR: Build asset version error: assets/scripts/scenemanagercontroller.cs in SourceAssetDB has modification time of '2024-12-05T16:46:12.6373848Z' while content on disk has modification time of '2024-12-05T16:46:47.2999686Z'
Number of updated asset objects reloaded before import = 0
Number of asset objects unloaded after import = 0
========================================================================
Received Import Request.
  Time since last request: 0.016935 seconds.
  path: Assets/Scripts/SceneManagerController.cs
  artifactKey: Guid(f8c1f5b52e608604e99a51b88c3fb697) Importer(815301076,1909f56bfc062723c751e8b465ee728b)
Start importing Assets/Scripts/SceneManagerController.cs using Guid(f8c1f5b52e608604e99a51b88c3fb697) Importer(815301076,1909f56bfc062723c751e8b465ee728b) [PhysX] Initialized MultithreadedTaskDispatcher with 4 workers.
 -> (artifact id: '00000000000000000000000000000000') in 0.001284 seconds
Import Error Code:(4)
Message: Build asset version error: assets/scripts/scenemanagercontroller.cs in SourceAssetDB has modification time of '2024-12-05T16:46:12.6373848Z' while content on disk has modification time of '2024-12-05T16:46:47.2999686Z'
  ERROR: Build asset version error: assets/scripts/scenemanagercontroller.cs in SourceAssetDB has modification time of '2024-12-05T16:46:12.6373848Z' while content on disk has modification time of '2024-12-05T16:46:47.2999686Z'
Number of updated asset objects reloaded before import = 0
Number of asset objects unloaded after import = 0
========================================================================
Received Import Request.
  Time since last request: 0.021748 seconds.
  path: Assets/Scripts/SceneManagerController.cs
  artifactKey: Guid(f8c1f5b52e608604e99a51b88c3fb697) Importer(815301076,1909f56bfc062723c751e8b465ee728b)
Start importing Assets/Scripts/SceneManagerController.cs using Guid(f8c1f5b52e608604e99a51b88c3fb697) Importer(815301076,1909f56bfc062723c751e8b465ee728b) [PhysX] Initialized MultithreadedTaskDispatcher with 4 workers.
 -> (artifact id: '00000000000000000000000000000000') in 0.004382 seconds
Import Error Code:(4)
Message: Build asset version error: assets/scripts/scenemanagercontroller.cs in SourceAssetDB has modification time of '2024-12-05T16:46:12.6373848Z' while content on disk has modification time of '2024-12-05T16:46:47.2999686Z'
  ERROR: Build asset version error: assets/scripts/scenemanagercontroller.cs in SourceAssetDB has modification time of '2024-12-05T16:46:12.6373848Z' while content on disk has modification time of '2024-12-05T16:46:47.2999686Z'
Number of updated asset objects reloaded before import = 0
Number of asset objects unloaded after import = 0
========================================================================
Received Import Request.
  Time since last request: 0.004688 seconds.
  path: Assets/Scripts/SceneManagerController.cs
  artifactKey: Guid(f8c1f5b52e608604e99a51b88c3fb697) Importer(815301076,1909f56bfc062723c751e8b465ee728b)
Start importing Assets/Scripts/SceneManagerController.cs using Guid(f8c1f5b52e608604e99a51b88c3fb697) Importer(815301076,1909f56bfc062723c751e8b465ee728b) [PhysX] Initialized MultithreadedTaskDispatcher with 4 workers.
 -> (artifact id: '00000000000000000000000000000000') in 0.001993 seconds
Import Error Code:(4)
Message: Build asset version error: assets/scripts/scenemanagercontroller.cs in SourceAssetDB has modification time of '2024-12-05T16:46:12.6373848Z' while content on disk has modification time of '2024-12-05T16:46:47.2999686Z'
  ERROR: Build asset version error: assets/scripts/scenemanagercontroller.cs in SourceAssetDB has modification time of '2024-12-05T16:46:12.6373848Z' while content on disk has modification time of '2024-12-05T16:46:47.2999686Z'
Number of updated asset objects reloaded before import = 0
Number of asset objects unloaded after import = 0
========================================================================
Received Import Request.
  Time since last request: 0.018296 seconds.
  path: Assets/Scripts/SceneManagerController.cs
  artifactKey: Guid(f8c1f5b52e608604e99a51b88c3fb697) Importer(815301076,1909f56bfc062723c751e8b465ee728b)
Start importing Assets/Scripts/SceneManagerController.cs using Guid(f8c1f5b52e608604e99a51b88c3fb697) Importer(815301076,1909f56bfc062723c751e8b465ee728b) [PhysX] Initialized MultithreadedTaskDispatcher with 4 workers.
 -> (artifact id: '00000000000000000000000000000000') in 0.003407 seconds
Import Error Code:(4)
Message: Build asset version error: assets/scripts/scenemanagercontroller.cs in SourceAssetDB has modification time of '2024-12-05T16:46:12.6373848Z' while content on disk has modification time of '2024-12-05T16:46:47.2999686Z'
  ERROR: Build asset version error: assets/scripts/scenemanagercontroller.cs in SourceAssetDB has modification time of '2024-12-05T16:46:12.6373848Z' while content on disk has modification time of '2024-12-05T16:46:47.2999686Z'
Number of updated asset objects reloaded before import = 0
Number of asset objects unloaded after import = 0
========================================================================
Received Import Request.
  Time since last request: 0.019137 seconds.
  path: Assets/Scripts/SceneManagerController.cs
  artifactKey: Guid(f8c1f5b52e608604e99a51b88c3fb697) Importer(815301076,1909f56bfc062723c751e8b465ee728b)
Start importing Assets/Scripts/SceneManagerController.cs using Guid(f8c1f5b52e608604e99a51b88c3fb697) Importer(815301076,1909f56bfc062723c751e8b465ee728b) [PhysX] Initialized MultithreadedTaskDispatcher with 4 workers.
 -> (artifact id: '00000000000000000000000000000000') in 0.043356 seconds
Import Error Code:(4)
Message: Build asset version error: assets/scripts/scenemanagercontroller.cs in SourceAssetDB has modification time of '2024-12-05T16:46:12.6373848Z' while content on disk has modification time of '2024-12-05T16:46:47.2999686Z'
  ERROR: Build asset version error: assets/scripts/scenemanagercontroller.cs in SourceAssetDB has modification time of '2024-12-05T16:46:12.6373848Z' while content on disk has modification time of '2024-12-05T16:46:47.2999686Z'
Number of updated asset objects reloaded before import = 0
Number of asset objects unloaded after import = 0
========================================================================
Received Import Request.
  Time since last request: 0.000559 seconds.
  path: Assets/Scripts/SceneManagerController.cs
  artifactKey: Guid(f8c1f5b52e608604e99a51b88c3fb697) Importer(815301076,1909f56bfc062723c751e8b465ee728b)
Start importing Assets/Scripts/SceneManagerController.cs using Guid(f8c1f5b52e608604e99a51b88c3fb697) Importer(815301076,1909f56bfc062723c751e8b465ee728b) [PhysX] Initialized MultithreadedTaskDispatcher with 4 workers.
 -> (artifact id: '00000000000000000000000000000000') in 0.002229 seconds
Import Error Code:(4)
Message: Build asset version error: assets/scripts/scenemanagercontroller.cs in SourceAssetDB has modification time of '2024-12-05T16:46:12.6373848Z' while content on disk has modification time of '2024-12-05T16:46:47.2999686Z'
  ERROR: Build asset version error: assets/scripts/scenemanagercontroller.cs in SourceAssetDB has modification time of '2024-12-05T16:46:12.6373848Z' while content on disk has modification time of '2024-12-05T16:46:47.2999686Z'
Number of updated asset objects reloaded before import = 0
Number of asset objects unloaded after import = 0
========================================================================
Received Import Request.
  Time since last request: 0.020892 seconds.
  path: Assets/Scripts/SceneManagerController.cs
  artifactKey: Guid(f8c1f5b52e608604e99a51b88c3fb697) Importer(815301076,1909f56bfc062723c751e8b465ee728b)
Start importing Assets/Scripts/SceneManagerController.cs using Guid(f8c1f5b52e608604e99a51b88c3fb697) Importer(815301076,1909f56bfc062723c751e8b465ee728b) [PhysX] Initialized MultithreadedTaskDispatcher with 4 workers.
 -> (artifact id: '00000000000000000000000000000000') in 0.004876 seconds
Import Error Code:(4)
Message: Build asset version error: assets/scripts/scenemanagercontroller.cs in SourceAssetDB has modification time of '2024-12-05T16:46:12.6373848Z' while content on disk has modification time of '2024-12-05T16:46:47.2999686Z'
  ERROR: Build asset version error: assets/scripts/scenemanagercontroller.cs in SourceAssetDB has modification time of '2024-12-05T16:46:12.6373848Z' while content on disk has modification time of '2024-12-05T16:46:47.2999686Z'
Number of updated asset objects reloaded before import = 0
Number of asset objects unloaded after import = 0
========================================================================
Received Import Request.
  Time since last request: 0.011070 seconds.
  path: Assets/Scripts/SceneManagerController.cs
  artifactKey: Guid(f8c1f5b52e608604e99a51b88c3fb697) Importer(815301076,1909f56bfc062723c751e8b465ee728b)
Start importing Assets/Scripts/SceneManagerController.cs using Guid(f8c1f5b52e608604e99a51b88c3fb697) Importer(815301076,1909f56bfc062723c751e8b465ee728b) [PhysX] Initialized MultithreadedTaskDispatcher with 4 workers.
 -> (artifact id: '00000000000000000000000000000000') in 0.003945 seconds
Import Error Code:(4)
Message: Build asset version error: assets/scripts/scenemanagercontroller.cs in SourceAssetDB has modification time of '2024-12-05T16:46:12.6373848Z' while content on disk has modification time of '2024-12-05T16:46:47.2999686Z'
  ERROR: Build asset version error: assets/scripts/scenemanagercontroller.cs in SourceAssetDB has modification time of '2024-12-05T16:46:12.6373848Z' while content on disk has modification time of '2024-12-05T16:46:47.2999686Z'
Number of updated asset objects reloaded before import = 0
Number of asset objects unloaded after import = 0
========================================================================
Received Import Request.
  Time since last request: 0.010991 seconds.
  path: Assets/Scripts/SceneManagerController.cs
  artifactKey: Guid(f8c1f5b52e608604e99a51b88c3fb697) Importer(815301076,1909f56bfc062723c751e8b465ee728b)
Start importing Assets/Scripts/SceneManagerController.cs using Guid(f8c1f5b52e608604e99a51b88c3fb697) Importer(815301076,1909f56bfc062723c751e8b465ee728b) [PhysX] Initialized MultithreadedTaskDispatcher with 4 workers.
 -> (artifact id: '00000000000000000000000000000000') in 0.003691 seconds
Import Error Code:(4)
Message: Build asset version error: assets/scripts/scenemanagercontroller.cs in SourceAssetDB has modification time of '2024-12-05T16:46:12.6373848Z' while content on disk has modification time of '2024-12-05T16:46:47.2999686Z'
  ERROR: Build asset version error: assets/scripts/scenemanagercontroller.cs in SourceAssetDB has modification time of '2024-12-05T16:46:12.6373848Z' while content on disk has modification time of '2024-12-05T16:46:47.2999686Z'
Number of updated asset objects reloaded before import = 0
Number of asset objects unloaded after import = 0
========================================================================
Received Import Request.
  Time since last request: 0.005084 seconds.
  path: Assets/Scripts/SceneManagerController.cs
  artifactKey: Guid(f8c1f5b52e608604e99a51b88c3fb697) Importer(815301076,1909f56bfc062723c751e8b465ee728b)
Start importing Assets/Scripts/SceneManagerController.cs using Guid(f8c1f5b52e608604e99a51b88c3fb697) Importer(815301076,1909f56bfc062723c751e8b465ee728b) [PhysX] Initialized MultithreadedTaskDispatcher with 4 workers.
 -> (artifact id: '00000000000000000000000000000000') in 0.001814 seconds
Import Error Code:(4)
Message: Build asset version error: assets/scripts/scenemanagercontroller.cs in SourceAssetDB has modification time of '2024-12-05T16:46:12.6373848Z' while content on disk has modification time of '2024-12-05T16:46:47.2999686Z'
  ERROR: Build asset version error: assets/scripts/scenemanagercontroller.cs in SourceAssetDB has modification time of '2024-12-05T16:46:12.6373848Z' while content on disk has modification time of '2024-12-05T16:46:47.2999686Z'
Number of updated asset objects reloaded before import = 0
Number of asset objects unloaded after import = 0
========================================================================
Received Import Request.
  Time since last request: 0.017049 seconds.
  path: Assets/Scripts/SceneManagerController.cs
  artifactKey: Guid(f8c1f5b52e608604e99a51b88c3fb697) Importer(815301076,1909f56bfc062723c751e8b465ee728b)
Start importing Assets/Scripts/SceneManagerController.cs using Guid(f8c1f5b52e608604e99a51b88c3fb697) Importer(815301076,1909f56bfc062723c751e8b465ee728b) [PhysX] Initialized MultithreadedTaskDispatcher with 4 workers.
 -> (artifact id: '00000000000000000000000000000000') in 0.001093 seconds
Import Error Code:(4)
Message: Build asset version error: assets/scripts/scenemanagercontroller.cs in SourceAssetDB has modification time of '2024-12-05T16:46:12.6373848Z' while content on disk has modification time of '2024-12-05T16:46:47.2999686Z'
  ERROR: Build asset version error: assets/scripts/scenemanagercontroller.cs in SourceAssetDB has modification time of '2024-12-05T16:46:12.6373848Z' while content on disk has modification time of '2024-12-05T16:46:47.2999686Z'
Number of updated asset objects reloaded before import = 0
Number of asset objects unloaded after import = 0
========================================================================
Received Import Request.
  Time since last request: 0.017216 seconds.
  path: Assets/Scripts/SceneManagerController.cs
  artifactKey: Guid(f8c1f5b52e608604e99a51b88c3fb697) Importer(815301076,1909f56bfc062723c751e8b465ee728b)
Start importing Assets/Scripts/SceneManagerController.cs using Guid(f8c1f5b52e608604e99a51b88c3fb697) Importer(815301076,1909f56bfc062723c751e8b465ee728b) [PhysX] Initialized MultithreadedTaskDispatcher with 4 workers.
 -> (artifact id: '00000000000000000000000000000000') in 0.001276 seconds
Import Error Code:(4)
Message: Build asset version error: assets/scripts/scenemanagercontroller.cs in SourceAssetDB has modification time of '2024-12-05T16:46:12.6373848Z' while content on disk has modification time of '2024-12-05T16:46:47.2999686Z'
  ERROR: Build asset version error: assets/scripts/scenemanagercontroller.cs in SourceAssetDB has modification time of '2024-12-05T16:46:12.6373848Z' while content on disk has modification time of '2024-12-05T16:46:47.2999686Z'
Number of updated asset objects reloaded before import = 0
Number of asset objects unloaded after import = 0
========================================================================
Received Import Request.
  Time since last request: 0.014644 seconds.
  path: Assets/Scripts/SceneManagerController.cs
  artifactKey: Guid(f8c1f5b52e608604e99a51b88c3fb697) Importer(815301076,1909f56bfc062723c751e8b465ee728b)
Start importing Assets/Scripts/SceneManagerController.cs using Guid(f8c1f5b52e608604e99a51b88c3fb697) Importer(815301076,1909f56bfc062723c751e8b465ee728b) [PhysX] Initialized MultithreadedTaskDispatcher with 4 workers.
 -> (artifact id: '00000000000000000000000000000000') in 0.001358 seconds
Import Error Code:(4)
Message: Build asset version error: assets/scripts/scenemanagercontroller.cs in SourceAssetDB has modification time of '2024-12-05T16:46:12.6373848Z' while content on disk has modification time of '2024-12-05T16:46:47.2999686Z'
  ERROR: Build asset version error: assets/scripts/scenemanagercontroller.cs in SourceAssetDB has modification time of '2024-12-05T16:46:12.6373848Z' while content on disk has modification time of '2024-12-05T16:46:47.2999686Z'
Number of updated asset objects reloaded before import = 0
Number of asset objects unloaded after import = 0
========================================================================
Received Import Request.
  Time since last request: 0.016320 seconds.
  path: Assets/Scripts/SceneManagerController.cs
  artifactKey: Guid(f8c1f5b52e608604e99a51b88c3fb697) Importer(815301076,1909f56bfc062723c751e8b465ee728b)
Start importing Assets/Scripts/SceneManagerController.cs using Guid(f8c1f5b52e608604e99a51b88c3fb697) Importer(815301076,1909f56bfc062723c751e8b465ee728b) [PhysX] Initialized MultithreadedTaskDispatcher with 4 workers.
 -> (artifact id: '00000000000000000000000000000000') in 0.001126 seconds
Import Error Code:(4)
Message: Build asset version error: assets/scripts/scenemanagercontroller.cs in SourceAssetDB has modification time of '2024-12-05T16:46:12.6373848Z' while content on disk has modification time of '2024-12-05T16:46:47.2999686Z'
  ERROR: Build asset version error: assets/scripts/scenemanagercontroller.cs in SourceAssetDB has modification time of '2024-12-05T16:46:12.6373848Z' while content on disk has modification time of '2024-12-05T16:46:47.2999686Z'
Number of updated asset objects reloaded before import = 0
Number of asset objects unloaded after import = 0
========================================================================
Received Import Request.
  Time since last request: 0.015855 seconds.
  path: Assets/Scripts/SceneManagerController.cs
  artifactKey: Guid(f8c1f5b52e608604e99a51b88c3fb697) Importer(815301076,1909f56bfc062723c751e8b465ee728b)
Start importing Assets/Scripts/SceneManagerController.cs using Guid(f8c1f5b52e608604e99a51b88c3fb697) Importer(815301076,1909f56bfc062723c751e8b465ee728b) [PhysX] Initialized MultithreadedTaskDispatcher with 4 workers.
 -> (artifact id: '00000000000000000000000000000000') in 0.001334 seconds
Import Error Code:(4)
Message: Build asset version error: assets/scripts/scenemanagercontroller.cs in SourceAssetDB has modification time of '2024-12-05T16:46:12.6373848Z' while content on disk has modification time of '2024-12-05T16:46:47.2999686Z'
  ERROR: Build asset version error: assets/scripts/scenemanagercontroller.cs in SourceAssetDB has modification time of '2024-12-05T16:46:12.6373848Z' while content on disk has modification time of '2024-12-05T16:46:47.2999686Z'
Number of updated asset objects reloaded before import = 0
Number of asset objects unloaded after import = 0
========================================================================
Received Import Request.
  Time since last request: 0.020274 seconds.
  path: Assets/Scripts/SceneManagerController.cs
  artifactKey: Guid(f8c1f5b52e608604e99a51b88c3fb697) Importer(815301076,1909f56bfc062723c751e8b465ee728b)
Start importing Assets/Scripts/SceneManagerController.cs using Guid(f8c1f5b52e608604e99a51b88c3fb697) Importer(815301076,1909f56bfc062723c751e8b465ee728b) [PhysX] Initialized MultithreadedTaskDispatcher with 4 workers.
 -> (artifact id: '00000000000000000000000000000000') in 0.001162 seconds
Import Error Code:(4)
Message: Build asset version error: assets/scripts/scenemanagercontroller.cs in SourceAssetDB has modification time of '2024-12-05T16:46:12.6373848Z' while content on disk has modification time of '2024-12-05T16:46:47.2999686Z'
  ERROR: Build asset version error: assets/scripts/scenemanagercontroller.cs in SourceAssetDB has modification time of '2024-12-05T16:46:12.6373848Z' while content on disk has modification time of '2024-12-05T16:46:47.2999686Z'
Number of updated asset objects reloaded before import = 0
Number of asset objects unloaded after import = 0
========================================================================
Received Import Request.
  Time since last request: 0.020619 seconds.
  path: Assets/Scripts/SceneManagerController.cs
  artifactKey: Guid(f8c1f5b52e608604e99a51b88c3fb697) Importer(815301076,1909f56bfc062723c751e8b465ee728b)
Start importing Assets/Scripts/SceneManagerController.cs using Guid(f8c1f5b52e608604e99a51b88c3fb697) Importer(815301076,1909f56bfc062723c751e8b465ee728b) [PhysX] Initialized MultithreadedTaskDispatcher with 4 workers.
 -> (artifact id: '00000000000000000000000000000000') in 0.001475 seconds
Import Error Code:(4)
Message: Build asset version error: assets/scripts/scenemanagercontroller.cs in SourceAssetDB has modification time of '2024-12-05T16:46:12.6373848Z' while content on disk has modification time of '2024-12-05T16:46:47.2999686Z'
  ERROR: Build asset version error: assets/scripts/scenemanagercontroller.cs in SourceAssetDB has modification time of '2024-12-05T16:46:12.6373848Z' while content on disk has modification time of '2024-12-05T16:46:47.2999686Z'
Number of updated asset objects reloaded before import = 0
Number of asset objects unloaded after import = 0
========================================================================
Received Import Request.
  Time since last request: 0.016254 seconds.
  path: Assets/Scripts/SceneManagerController.cs
  artifactKey: Guid(f8c1f5b52e608604e99a51b88c3fb697) Importer(815301076,1909f56bfc062723c751e8b465ee728b)
Start importing Assets/Scripts/SceneManagerController.cs using Guid(f8c1f5b52e608604e99a51b88c3fb697) Importer(815301076,1909f56bfc062723c751e8b465ee728b) [PhysX] Initialized MultithreadedTaskDispatcher with 4 workers.
 -> (artifact id: '00000000000000000000000000000000') in 0.001095 seconds
Import Error Code:(4)
Message: Build asset version error: assets/scripts/scenemanagercontroller.cs in SourceAssetDB has modification time of '2024-12-05T16:46:12.6373848Z' while content on disk has modification time of '2024-12-05T16:46:47.2999686Z'
  ERROR: Build asset version error: assets/scripts/scenemanagercontroller.cs in SourceAssetDB has modification time of '2024-12-05T16:46:12.6373848Z' while content on disk has modification time of '2024-12-05T16:46:47.2999686Z'
Number of updated asset objects reloaded before import = 0
Number of asset objects unloaded after import = 0
========================================================================
Received Import Request.
  Time since last request: 0.016157 seconds.
  path: Assets/Scripts/SceneManagerController.cs
  artifactKey: Guid(f8c1f5b52e608604e99a51b88c3fb697) Importer(815301076,1909f56bfc062723c751e8b465ee728b)
Start importing Assets/Scripts/SceneManagerController.cs using Guid(f8c1f5b52e608604e99a51b88c3fb697) Importer(815301076,1909f56bfc062723c751e8b465ee728b) [PhysX] Initialized MultithreadedTaskDispatcher with 4 workers.
 -> (artifact id: '00000000000000000000000000000000') in 0.001133 seconds
Import Error Code:(4)
Message: Build asset version error: assets/scripts/scenemanagercontroller.cs in SourceAssetDB has modification time of '2024-12-05T16:46:12.6373848Z' while content on disk has modification time of '2024-12-05T16:46:47.2999686Z'
  ERROR: Build asset version error: assets/scripts/scenemanagercontroller.cs in SourceAssetDB has modification time of '2024-12-05T16:46:12.6373848Z' while content on disk has modification time of '2024-12-05T16:46:47.2999686Z'
Number of updated asset objects reloaded before import = 0
Number of asset objects unloaded after import = 0
========================================================================
Received Import Request.
  Time since last request: 0.019379 seconds.
  path: Assets/Scripts/SceneManagerController.cs
  artifactKey: Guid(f8c1f5b52e608604e99a51b88c3fb697) Importer(815301076,1909f56bfc062723c751e8b465ee728b)
Start importing Assets/Scripts/SceneManagerController.cs using Guid(f8c1f5b52e608604e99a51b88c3fb697) Importer(815301076,1909f56bfc062723c751e8b465ee728b) [PhysX] Initialized MultithreadedTaskDispatcher with 4 workers.
 -> (artifact id: '00000000000000000000000000000000') in 0.001292 seconds
Import Error Code:(4)
Message: Build asset version error: assets/scripts/scenemanagercontroller.cs in SourceAssetDB has modification time of '2024-12-05T16:46:12.6373848Z' while content on disk has modification time of '2024-12-05T16:46:47.2999686Z'
  ERROR: Build asset version error: assets/scripts/scenemanagercontroller.cs in SourceAssetDB has modification time of '2024-12-05T16:46:12.6373848Z' while content on disk has modification time of '2024-12-05T16:46:47.2999686Z'
Number of updated asset objects reloaded before import = 0
Number of asset objects unloaded after import = 0
========================================================================
Received Import Request.
  Time since last request: 0.018530 seconds.
  path: Assets/Scripts/SceneManagerController.cs
  artifactKey: Guid(f8c1f5b52e608604e99a51b88c3fb697) Importer(815301076,1909f56bfc062723c751e8b465ee728b)
Start importing Assets/Scripts/SceneManagerController.cs using Guid(f8c1f5b52e608604e99a51b88c3fb697) Importer(815301076,1909f56bfc062723c751e8b465ee728b) [PhysX] Initialized MultithreadedTaskDispatcher with 4 workers.
 -> (artifact id: '00000000000000000000000000000000') in 0.003193 seconds
Import Error Code:(4)
Message: Build asset version error: assets/scripts/scenemanagercontroller.cs in SourceAssetDB has modification time of '2024-12-05T16:46:12.6373848Z' while content on disk has modification time of '2024-12-05T16:46:47.2999686Z'
  ERROR: Build asset version error: assets/scripts/scenemanagercontroller.cs in SourceAssetDB has modification time of '2024-12-05T16:46:12.6373848Z' while content on disk has modification time of '2024-12-05T16:46:47.2999686Z'
Number of updated asset objects reloaded before import = 0
Number of asset objects unloaded after import = 0
========================================================================
Received Import Request.
  Time since last request: 0.017823 seconds.
  path: Assets/Scripts/SceneManagerController.cs
  artifactKey: Guid(f8c1f5b52e608604e99a51b88c3fb697) Importer(815301076,1909f56bfc062723c751e8b465ee728b)
Start importing Assets/Scripts/SceneManagerController.cs using Guid(f8c1f5b52e608604e99a51b88c3fb697) Importer(815301076,1909f56bfc062723c751e8b465ee728b) [PhysX] Initialized MultithreadedTaskDispatcher with 4 workers.
 -> (artifact id: '00000000000000000000000000000000') in 0.004596 seconds
Import Error Code:(4)
Message: Build asset version error: assets/scripts/scenemanagercontroller.cs in SourceAssetDB has modification time of '2024-12-05T16:46:12.6373848Z' while content on disk has modification time of '2024-12-05T16:46:47.2999686Z'
  ERROR: Build asset version error: assets/scripts/scenemanagercontroller.cs in SourceAssetDB has modification time of '2024-12-05T16:46:12.6373848Z' while content on disk has modification time of '2024-12-05T16:46:47.2999686Z'
Number of updated asset objects reloaded before import = 0
Number of asset objects unloaded after import = 0
========================================================================
Received Import Request.
  Time since last request: 0.001875 seconds.
  path: Assets/Scripts/SceneManagerController.cs
  artifactKey: Guid(f8c1f5b52e608604e99a51b88c3fb697) Importer(815301076,1909f56bfc062723c751e8b465ee728b)
Start importing Assets/Scripts/SceneManagerController.cs using Guid(f8c1f5b52e608604e99a51b88c3fb697) Importer(815301076,1909f56bfc062723c751e8b465ee728b) [PhysX] Initialized MultithreadedTaskDispatcher with 4 workers.
 -> (artifact id: '00000000000000000000000000000000') in 0.006561 seconds
Import Error Code:(4)
Message: Build asset version error: assets/scripts/scenemanagercontroller.cs in SourceAssetDB has modification time of '2024-12-05T16:46:12.6373848Z' while content on disk has modification time of '2024-12-05T16:46:47.2999686Z'
  ERROR: Build asset version error: assets/scripts/scenemanagercontroller.cs in SourceAssetDB has modification time of '2024-12-05T16:46:12.6373848Z' while content on disk has modification time of '2024-12-05T16:46:47.2999686Z'
Number of updated asset objects reloaded before import = 0
Number of asset objects unloaded after import = 0
========================================================================
Received Import Request.
  Time since last request: 0.011414 seconds.
  path: Assets/Scripts/SceneManagerController.cs
  artifactKey: Guid(f8c1f5b52e608604e99a51b88c3fb697) Importer(815301076,1909f56bfc062723c751e8b465ee728b)
Start importing Assets/Scripts/SceneManagerController.cs using Guid(f8c1f5b52e608604e99a51b88c3fb697) Importer(815301076,1909f56bfc062723c751e8b465ee728b) [PhysX] Initialized MultithreadedTaskDispatcher with 4 workers.
 -> (artifact id: '00000000000000000000000000000000') in 0.004665 seconds
Import Error Code:(4)
Message: Build asset version error: assets/scripts/scenemanagercontroller.cs in SourceAssetDB has modification time of '2024-12-05T16:46:12.6373848Z' while content on disk has modification time of '2024-12-05T16:46:47.2999686Z'
  ERROR: Build asset version error: assets/scripts/scenemanagercontroller.cs in SourceAssetDB has modification time of '2024-12-05T16:46:12.6373848Z' while content on disk has modification time of '2024-12-05T16:46:47.2999686Z'
Number of updated asset objects reloaded before import = 0
Number of asset objects unloaded after import = 0
========================================================================
Received Import Request.
  Time since last request: 0.051922 seconds.
  path: Assets/Scripts/SceneManagerController.cs
  artifactKey: Guid(f8c1f5b52e608604e99a51b88c3fb697) Importer(815301076,1909f56bfc062723c751e8b465ee728b)
Start importing Assets/Scripts/SceneManagerController.cs using Guid(f8c1f5b52e608604e99a51b88c3fb697) Importer(815301076,1909f56bfc062723c751e8b465ee728b) [PhysX] Initialized MultithreadedTaskDispatcher with 4 workers.
 -> (artifact id: '00000000000000000000000000000000') in 0.003904 seconds
Import Error Code:(4)
Message: Build asset version error: assets/scripts/scenemanagercontroller.cs in SourceAssetDB has modification time of '2024-12-05T16:46:12.6373848Z' while content on disk has modification time of '2024-12-05T16:46:47.2999686Z'
  ERROR: Build asset version error: assets/scripts/scenemanagercontroller.cs in SourceAssetDB has modification time of '2024-12-05T16:46:12.6373848Z' while content on disk has modification time of '2024-12-05T16:46:47.2999686Z'
Number of updated asset objects reloaded before import = 0
Number of asset objects unloaded after import = 0
========================================================================
Received Import Request.
  Time since last request: 0.001569 seconds.
  path: Assets/Scripts/SceneManagerController.cs
  artifactKey: Guid(f8c1f5b52e608604e99a51b88c3fb697) Importer(815301076,1909f56bfc062723c751e8b465ee728b)
Start importing Assets/Scripts/SceneManagerController.cs using Guid(f8c1f5b52e608604e99a51b88c3fb697) Importer(815301076,1909f56bfc062723c751e8b465ee728b) [PhysX] Initialized MultithreadedTaskDispatcher with 4 workers.
 -> (artifact id: '00000000000000000000000000000000') in 0.006940 seconds
Import Error Code:(4)
Message: Build asset version error: assets/scripts/scenemanagercontroller.cs in SourceAssetDB has modification time of '2024-12-05T16:46:12.6373848Z' while content on disk has modification time of '2024-12-05T16:46:47.2999686Z'
  ERROR: Build asset version error: assets/scripts/scenemanagercontroller.cs in SourceAssetDB has modification time of '2024-12-05T16:46:12.6373848Z' while content on disk has modification time of '2024-12-05T16:46:47.2999686Z'
Number of updated asset objects reloaded before import = 0
Number of asset objects unloaded after import = 0
========================================================================
Received Import Request.
  Time since last request: 0.009081 seconds.
  path: Assets/Scripts/SceneManagerController.cs
  artifactKey: Guid(f8c1f5b52e608604e99a51b88c3fb697) Importer(815301076,1909f56bfc062723c751e8b465ee728b)
Start importing Assets/Scripts/SceneManagerController.cs using Guid(f8c1f5b52e608604e99a51b88c3fb697) Importer(815301076,1909f56bfc062723c751e8b465ee728b) [PhysX] Initialized MultithreadedTaskDispatcher with 4 workers.
 -> (artifact id: '00000000000000000000000000000000') in 0.004501 seconds
Import Error Code:(4)
Message: Build asset version error: assets/scripts/scenemanagercontroller.cs in SourceAssetDB has modification time of '2024-12-05T16:46:12.6373848Z' while content on disk has modification time of '2024-12-05T16:46:47.2999686Z'
  ERROR: Build asset version error: assets/scripts/scenemanagercontroller.cs in SourceAssetDB has modification time of '2024-12-05T16:46:12.6373848Z' while content on disk has modification time of '2024-12-05T16:46:47.2999686Z'
Number of updated asset objects reloaded before import = 0
Number of asset objects unloaded after import = 0
========================================================================
Received Import Request.
  Time since last request: 0.016037 seconds.
  path: Assets/Scripts/SceneManagerController.cs
  artifactKey: Guid(f8c1f5b52e608604e99a51b88c3fb697) Importer(815301076,1909f56bfc062723c751e8b465ee728b)
Start importing Assets/Scripts/SceneManagerController.cs using Guid(f8c1f5b52e608604e99a51b88c3fb697) Importer(815301076,1909f56bfc062723c751e8b465ee728b) [PhysX] Initialized MultithreadedTaskDispatcher with 4 workers.
 -> (artifact id: '00000000000000000000000000000000') in 0.004775 seconds
Import Error Code:(4)
Message: Build asset version error: assets/scripts/scenemanagercontroller.cs in SourceAssetDB has modification time of '2024-12-05T16:46:12.6373848Z' while content on disk has modification time of '2024-12-05T16:46:47.2999686Z'
  ERROR: Build asset version error: assets/scripts/scenemanagercontroller.cs in SourceAssetDB has modification time of '2024-12-05T16:46:12.6373848Z' while content on disk has modification time of '2024-12-05T16:46:47.2999686Z'
Number of updated asset objects reloaded before import = 0
Number of asset objects unloaded after import = 0
========================================================================
Received Import Request.
  Time since last request: 0.015658 seconds.
  path: Assets/Scripts/SceneManagerController.cs
  artifactKey: Guid(f8c1f5b52e608604e99a51b88c3fb697) Importer(815301076,1909f56bfc062723c751e8b465ee728b)
Start importing Assets/Scripts/SceneManagerController.cs using Guid(f8c1f5b52e608604e99a51b88c3fb697) Importer(815301076,1909f56bfc062723c751e8b465ee728b) [PhysX] Initialized MultithreadedTaskDispatcher with 4 workers.
 -> (artifact id: '00000000000000000000000000000000') in 0.001248 seconds
Import Error Code:(4)
Message: Build asset version error: assets/scripts/scenemanagercontroller.cs in SourceAssetDB has modification time of '2024-12-05T16:46:12.6373848Z' while content on disk has modification time of '2024-12-05T16:46:47.2999686Z'
  ERROR: Build asset version error: assets/scripts/scenemanagercontroller.cs in SourceAssetDB has modification time of '2024-12-05T16:46:12.6373848Z' while content on disk has modification time of '2024-12-05T16:46:47.2999686Z'
Number of updated asset objects reloaded before import = 0
Number of asset objects unloaded after import = 0
========================================================================
Received Import Request.
  Time since last request: 0.024442 seconds.
  path: Assets/Scripts/SceneManagerController.cs
  artifactKey: Guid(f8c1f5b52e608604e99a51b88c3fb697) Importer(815301076,1909f56bfc062723c751e8b465ee728b)
Start importing Assets/Scripts/SceneManagerController.cs using Guid(f8c1f5b52e608604e99a51b88c3fb697) Importer(815301076,1909f56bfc062723c751e8b465ee728b) [PhysX] Initialized MultithreadedTaskDispatcher with 4 workers.
 -> (artifact id: '00000000000000000000000000000000') in 0.001939 seconds
Import Error Code:(4)
Message: Build asset version error: assets/scripts/scenemanagercontroller.cs in SourceAssetDB has modification time of '2024-12-05T16:46:12.6373848Z' while content on disk has modification time of '2024-12-05T16:46:47.2999686Z'
  ERROR: Build asset version error: assets/scripts/scenemanagercontroller.cs in SourceAssetDB has modification time of '2024-12-05T16:46:12.6373848Z' while content on disk has modification time of '2024-12-05T16:46:47.2999686Z'
Number of updated asset objects reloaded before import = 0
Number of asset objects unloaded after import = 0
========================================================================
Received Import Request.
  Time since last request: 0.020905 seconds.
  path: Assets/Scripts/SceneManagerController.cs
  artifactKey: Guid(f8c1f5b52e608604e99a51b88c3fb697) Importer(815301076,1909f56bfc062723c751e8b465ee728b)
Start importing Assets/Scripts/SceneManagerController.cs using Guid(f8c1f5b52e608604e99a51b88c3fb697) Importer(815301076,1909f56bfc062723c751e8b465ee728b) [PhysX] Initialized MultithreadedTaskDispatcher with 4 workers.
 -> (artifact id: '00000000000000000000000000000000') in 0.001347 seconds
Import Error Code:(4)
Message: Build asset version error: assets/scripts/scenemanagercontroller.cs in SourceAssetDB has modification time of '2024-12-05T16:46:12.6373848Z' while content on disk has modification time of '2024-12-05T16:46:47.2999686Z'
  ERROR: Build asset version error: assets/scripts/scenemanagercontroller.cs in SourceAssetDB has modification time of '2024-12-05T16:46:12.6373848Z' while content on disk has modification time of '2024-12-05T16:46:47.2999686Z'
Number of updated asset objects reloaded before import = 0
Number of asset objects unloaded after import = 0
========================================================================
Received Import Request.
  Time since last request: 0.018680 seconds.
  path: Assets/Scripts/SceneManagerController.cs
  artifactKey: Guid(f8c1f5b52e608604e99a51b88c3fb697) Importer(815301076,1909f56bfc062723c751e8b465ee728b)
Start importing Assets/Scripts/SceneManagerController.cs using Guid(f8c1f5b52e608604e99a51b88c3fb697) Importer(815301076,1909f56bfc062723c751e8b465ee728b) [PhysX] Initialized MultithreadedTaskDispatcher with 4 workers.
 -> (artifact id: '00000000000000000000000000000000') in 0.001206 seconds
Import Error Code:(4)
Message: Build asset version error: assets/scripts/scenemanagercontroller.cs in SourceAssetDB has modification time of '2024-12-05T16:46:12.6373848Z' while content on disk has modification time of '2024-12-05T16:46:47.2999686Z'
  ERROR: Build asset version error: assets/scripts/scenemanagercontroller.cs in SourceAssetDB has modification time of '2024-12-05T16:46:12.6373848Z' while content on disk has modification time of '2024-12-05T16:46:47.2999686Z'
Number of updated asset objects reloaded before import = 0
Number of asset objects unloaded after import = 0
========================================================================
Received Import Request.
  Time since last request: 0.019052 seconds.
  path: Assets/Scripts/SceneManagerController.cs
  artifactKey: Guid(f8c1f5b52e608604e99a51b88c3fb697) Importer(815301076,1909f56bfc062723c751e8b465ee728b)
Start importing Assets/Scripts/SceneManagerController.cs using Guid(f8c1f5b52e608604e99a51b88c3fb697) Importer(815301076,1909f56bfc062723c751e8b465ee728b) [PhysX] Initialized MultithreadedTaskDispatcher with 4 workers.
 -> (artifact id: '00000000000000000000000000000000') in 0.001399 seconds
Import Error Code:(4)
Message: Build asset version error: assets/scripts/scenemanagercontroller.cs in SourceAssetDB has modification time of '2024-12-05T16:46:12.6373848Z' while content on disk has modification time of '2024-12-05T16:46:47.2999686Z'
  ERROR: Build asset version error: assets/scripts/scenemanagercontroller.cs in SourceAssetDB has modification time of '2024-12-05T16:46:12.6373848Z' while content on disk has modification time of '2024-12-05T16:46:47.2999686Z'
Number of updated asset objects reloaded before import = 0
Number of asset objects unloaded after import = 0
========================================================================
Received Import Request.
  Time since last request: 0.015986 seconds.
  path: Assets/Scripts/SceneManagerController.cs
  artifactKey: Guid(f8c1f5b52e608604e99a51b88c3fb697) Importer(815301076,1909f56bfc062723c751e8b465ee728b)
Start importing Assets/Scripts/SceneManagerController.cs using Guid(f8c1f5b52e608604e99a51b88c3fb697) Importer(815301076,1909f56bfc062723c751e8b465ee728b) [PhysX] Initialized MultithreadedTaskDispatcher with 4 workers.
 -> (artifact id: '00000000000000000000000000000000') in 0.002714 seconds
Import Error Code:(4)
Message: Build asset version error: assets/scripts/scenemanagercontroller.cs in SourceAssetDB has modification time of '2024-12-05T16:46:12.6373848Z' while content on disk has modification time of '2024-12-05T16:46:47.2999686Z'
  ERROR: Build asset version error: assets/scripts/scenemanagercontroller.cs in SourceAssetDB has modification time of '2024-12-05T16:46:12.6373848Z' while content on disk has modification time of '2024-12-05T16:46:47.2999686Z'
Number of updated asset objects reloaded before import = 0
Number of asset objects unloaded after import = 0
========================================================================
Received Import Request.
  Time since last request: 0.017523 seconds.
  path: Assets/Scripts/SceneManagerController.cs
  artifactKey: Guid(f8c1f5b52e608604e99a51b88c3fb697) Importer(815301076,1909f56bfc062723c751e8b465ee728b)
Start importing Assets/Scripts/SceneManagerController.cs using Guid(f8c1f5b52e608604e99a51b88c3fb697) Importer(815301076,1909f56bfc062723c751e8b465ee728b) [PhysX] Initialized MultithreadedTaskDispatcher with 4 workers.
 -> (artifact id: '00000000000000000000000000000000') in 0.001042 seconds
Import Error Code:(4)
Message: Build asset version error: assets/scripts/scenemanagercontroller.cs in SourceAssetDB has modification time of '2024-12-05T16:46:12.6373848Z' while content on disk has modification time of '2024-12-05T16:46:47.2999686Z'
  ERROR: Build asset version error: assets/scripts/scenemanagercontroller.cs in SourceAssetDB has modification time of '2024-12-05T16:46:12.6373848Z' while content on disk has modification time of '2024-12-05T16:46:47.2999686Z'
Number of updated asset objects reloaded before import = 0
Number of asset objects unloaded after import = 0
========================================================================
Received Import Request.
  Time since last request: 0.018143 seconds.
  path: Assets/Scripts/SceneManagerController.cs
  artifactKey: Guid(f8c1f5b52e608604e99a51b88c3fb697) Importer(815301076,1909f56bfc062723c751e8b465ee728b)
Start importing Assets/Scripts/SceneManagerController.cs using Guid(f8c1f5b52e608604e99a51b88c3fb697) Importer(815301076,1909f56bfc062723c751e8b465ee728b) [PhysX] Initialized MultithreadedTaskDispatcher with 4 workers.
 -> (artifact id: '00000000000000000000000000000000') in 0.001478 seconds
Import Error Code:(4)
Message: Build asset version error: assets/scripts/scenemanagercontroller.cs in SourceAssetDB has modification time of '2024-12-05T16:46:12.6373848Z' while content on disk has modification time of '2024-12-05T16:46:47.2999686Z'
  ERROR: Build asset version error: assets/scripts/scenemanagercontroller.cs in SourceAssetDB has modification time of '2024-12-05T16:46:12.6373848Z' while content on disk has modification time of '2024-12-05T16:46:47.2999686Z'
Number of updated asset objects reloaded before import = 0
Number of asset objects unloaded after import = 0
========================================================================
Received Import Request.
  Time since last request: 0.018676 seconds.
  path: Assets/Scripts/SceneManagerController.cs
  artifactKey: Guid(f8c1f5b52e608604e99a51b88c3fb697) Importer(815301076,1909f56bfc062723c751e8b465ee728b)
Start importing Assets/Scripts/SceneManagerController.cs using Guid(f8c1f5b52e608604e99a51b88c3fb697) Importer(815301076,1909f56bfc062723c751e8b465ee728b) [PhysX] Initialized MultithreadedTaskDispatcher with 4 workers.
 -> (artifact id: '00000000000000000000000000000000') in 0.003799 seconds
Import Error Code:(4)
Message: Build asset version error: assets/scripts/scenemanagercontroller.cs in SourceAssetDB has modification time of '2024-12-05T16:46:12.6373848Z' while content on disk has modification time of '2024-12-05T16:46:47.2999686Z'
  ERROR: Build asset version error: assets/scripts/scenemanagercontroller.cs in SourceAssetDB has modification time of '2024-12-05T16:46:12.6373848Z' while content on disk has modification time of '2024-12-05T16:46:47.2999686Z'
Number of updated asset objects reloaded before import = 0
Number of asset objects unloaded after import = 0
========================================================================
Received Import Request.
  Time since last request: 0.017357 seconds.
  path: Assets/Scripts/SceneManagerController.cs
  artifactKey: Guid(f8c1f5b52e608604e99a51b88c3fb697) Importer(815301076,1909f56bfc062723c751e8b465ee728b)
Start importing Assets/Scripts/SceneManagerController.cs using Guid(f8c1f5b52e608604e99a51b88c3fb697) Importer(815301076,1909f56bfc062723c751e8b465ee728b) [PhysX] Initialized MultithreadedTaskDispatcher with 4 workers.
 -> (artifact id: '00000000000000000000000000000000') in 0.001292 seconds
Import Error Code:(4)
Message: Build asset version error: assets/scripts/scenemanagercontroller.cs in SourceAssetDB has modification time of '2024-12-05T16:46:12.6373848Z' while content on disk has modification time of '2024-12-05T16:46:47.2999686Z'
  ERROR: Build asset version error: assets/scripts/scenemanagercontroller.cs in SourceAssetDB has modification time of '2024-12-05T16:46:12.6373848Z' while content on disk has modification time of '2024-12-05T16:46:47.2999686Z'
Number of updated asset objects reloaded before import = 0
Number of asset objects unloaded after import = 0
========================================================================
Received Import Request.
  Time since last request: 0.017193 seconds.
  path: Assets/Scripts/SceneManagerController.cs
  artifactKey: Guid(f8c1f5b52e608604e99a51b88c3fb697) Importer(815301076,1909f56bfc062723c751e8b465ee728b)
Start importing Assets/Scripts/SceneManagerController.cs using Guid(f8c1f5b52e608604e99a51b88c3fb697) Importer(815301076,1909f56bfc062723c751e8b465ee728b) [PhysX] Initialized MultithreadedTaskDispatcher with 4 workers.
 -> (artifact id: '00000000000000000000000000000000') in 0.001279 seconds
Import Error Code:(4)
Message: Build asset version error: assets/scripts/scenemanagercontroller.cs in SourceAssetDB has modification time of '2024-12-05T16:46:12.6373848Z' while content on disk has modification time of '2024-12-05T16:46:47.2999686Z'
  ERROR: Build asset version error: assets/scripts/scenemanagercontroller.cs in SourceAssetDB has modification time of '2024-12-05T16:46:12.6373848Z' while content on disk has modification time of '2024-12-05T16:46:47.2999686Z'
Number of updated asset objects reloaded before import = 0
Number of asset objects unloaded after import = 0
========================================================================
Received Import Request.
  Time since last request: 0.018686 seconds.
  path: Assets/Scripts/SceneManagerController.cs
  artifactKey: Guid(f8c1f5b52e608604e99a51b88c3fb697) Importer(815301076,1909f56bfc062723c751e8b465ee728b)
Start importing Assets/Scripts/SceneManagerController.cs using Guid(f8c1f5b52e608604e99a51b88c3fb697) Importer(815301076,1909f56bfc062723c751e8b465ee728b) [PhysX] Initialized MultithreadedTaskDispatcher with 4 workers.
 -> (artifact id: '00000000000000000000000000000000') in 0.013627 seconds
Import Error Code:(4)
Message: Build asset version error: assets/scripts/scenemanagercontroller.cs in SourceAssetDB has modification time of '2024-12-05T16:46:12.6373848Z' while content on disk has modification time of '2024-12-05T16:46:47.2999686Z'
  ERROR: Build asset version error: assets/scripts/scenemanagercontroller.cs in SourceAssetDB has modification time of '2024-12-05T16:46:12.6373848Z' while content on disk has modification time of '2024-12-05T16:46:47.2999686Z'
Number of updated asset objects reloaded before import = 0
Number of asset objects unloaded after import = 0
========================================================================
Received Import Request.
  Time since last request: 0.000133 seconds.
  path: Assets/Scripts/SceneManagerController.cs
  artifactKey: Guid(f8c1f5b52e608604e99a51b88c3fb697) Importer(815301076,1909f56bfc062723c751e8b465ee728b)
Start importing Assets/Scripts/SceneManagerController.cs using Guid(f8c1f5b52e608604e99a51b88c3fb697) Importer(815301076,1909f56bfc062723c751e8b465ee728b) [PhysX] Initialized MultithreadedTaskDispatcher with 4 workers.
 -> (artifact id: '00000000000000000000000000000000') in 0.016026 seconds
Import Error Code:(4)
Message: Build asset version error: assets/scripts/scenemanagercontroller.cs in SourceAssetDB has modification time of '2024-12-05T16:46:12.6373848Z' while content on disk has modification time of '2024-12-05T16:46:47.2999686Z'
  ERROR: Build asset version error: assets/scripts/scenemanagercontroller.cs in SourceAssetDB has modification time of '2024-12-05T16:46:12.6373848Z' while content on disk has modification time of '2024-12-05T16:46:47.2999686Z'
Number of updated asset objects reloaded before import = 0
Number of asset objects unloaded after import = 0
========================================================================
Received Import Request.
  Time since last request: 0.007353 seconds.
  path: Assets/Scripts/SceneManagerController.cs
  artifactKey: Guid(f8c1f5b52e608604e99a51b88c3fb697) Importer(815301076,1909f56bfc062723c751e8b465ee728b)
Start importing Assets/Scripts/SceneManagerController.cs using Guid(f8c1f5b52e608604e99a51b88c3fb697) Importer(815301076,1909f56bfc062723c751e8b465ee728b) [PhysX] Initialized MultithreadedTaskDispatcher with 4 workers.
 -> (artifact id: '00000000000000000000000000000000') in 0.007379 seconds
Import Error Code:(4)
Message: Build asset version error: assets/scripts/scenemanagercontroller.cs in SourceAssetDB has modification time of '2024-12-05T16:46:12.6373848Z' while content on disk has modification time of '2024-12-05T16:46:47.2999686Z'
  ERROR: Build asset version error: assets/scripts/scenemanagercontroller.cs in SourceAssetDB has modification time of '2024-12-05T16:46:12.6373848Z' while content on disk has modification time of '2024-12-05T16:46:47.2999686Z'
Number of updated asset objects reloaded before import = 0
Number of asset objects unloaded after import = 0
========================================================================
Received Import Request.
  Time since last request: 0.004838 seconds.
  path: Assets/Scripts/SceneManagerController.cs
  artifactKey: Guid(f8c1f5b52e608604e99a51b88c3fb697) Importer(815301076,1909f56bfc062723c751e8b465ee728b)
Start importing Assets/Scripts/SceneManagerController.cs using Guid(f8c1f5b52e608604e99a51b88c3fb697) Importer(815301076,1909f56bfc062723c751e8b465ee728b) [PhysX] Initialized MultithreadedTaskDispatcher with 4 workers.
 -> (artifact id: '00000000000000000000000000000000') in 0.008109 seconds
Import Error Code:(4)
Message: Build asset version error: assets/scripts/scenemanagercontroller.cs in SourceAssetDB has modification time of '2024-12-05T16:46:12.6373848Z' while content on disk has modification time of '2024-12-05T16:46:47.2999686Z'
  ERROR: Build asset version error: assets/scripts/scenemanagercontroller.cs in SourceAssetDB has modification time of '2024-12-05T16:46:12.6373848Z' while content on disk has modification time of '2024-12-05T16:46:47.2999686Z'
Number of updated asset objects reloaded before import = 0
Number of asset objects unloaded after import = 0
========================================================================
Received Import Request.
  Time since last request: 0.014999 seconds.
  path: Assets/Scripts/SceneManagerController.cs
  artifactKey: Guid(f8c1f5b52e608604e99a51b88c3fb697) Importer(815301076,1909f56bfc062723c751e8b465ee728b)
Start importing Assets/Scripts/SceneManagerController.cs using Guid(f8c1f5b52e608604e99a51b88c3fb697) Importer(815301076,1909f56bfc062723c751e8b465ee728b) [PhysX] Initialized MultithreadedTaskDispatcher with 4 workers.
 -> (artifact id: '00000000000000000000000000000000') in 0.005055 seconds
Import Error Code:(4)
Message: Build asset version error: assets/scripts/scenemanagercontroller.cs in SourceAssetDB has modification time of '2024-12-05T16:46:12.6373848Z' while content on disk has modification time of '2024-12-05T16:46:47.2999686Z'
  ERROR: Build asset version error: assets/scripts/scenemanagercontroller.cs in SourceAssetDB has modification time of '2024-12-05T16:46:12.6373848Z' while content on disk has modification time of '2024-12-05T16:46:47.2999686Z'
Number of updated asset objects reloaded before import = 0
Number of asset objects unloaded after import = 0
========================================================================
Received Import Request.
  Time since last request: 0.017481 seconds.
  path: Assets/Scripts/SceneManagerController.cs
  artifactKey: Guid(f8c1f5b52e608604e99a51b88c3fb697) Importer(815301076,1909f56bfc062723c751e8b465ee728b)
Start importing Assets/Scripts/SceneManagerController.cs using Guid(f8c1f5b52e608604e99a51b88c3fb697) Importer(815301076,1909f56bfc062723c751e8b465ee728b) [PhysX] Initialized MultithreadedTaskDispatcher with 4 workers.
 -> (artifact id: '00000000000000000000000000000000') in 0.001902 seconds
Import Error Code:(4)
Message: Build asset version error: assets/scripts/scenemanagercontroller.cs in SourceAssetDB has modification time of '2024-12-05T16:46:12.6373848Z' while content on disk has modification time of '2024-12-05T16:46:47.2999686Z'
  ERROR: Build asset version error: assets/scripts/scenemanagercontroller.cs in SourceAssetDB has modification time of '2024-12-05T16:46:12.6373848Z' while content on disk has modification time of '2024-12-05T16:46:47.2999686Z'
Number of updated asset objects reloaded before import = 0
Number of asset objects unloaded after import = 0
========================================================================
Received Import Request.
  Time since last request: 0.013037 seconds.
  path: Assets/Scripts/SceneManagerController.cs
  artifactKey: Guid(f8c1f5b52e608604e99a51b88c3fb697) Importer(815301076,1909f56bfc062723c751e8b465ee728b)
Start importing Assets/Scripts/SceneManagerController.cs using Guid(f8c1f5b52e608604e99a51b88c3fb697) Importer(815301076,1909f56bfc062723c751e8b465ee728b) [PhysX] Initialized MultithreadedTaskDispatcher with 4 workers.
 -> (artifact id: '00000000000000000000000000000000') in 0.001100 seconds
Import Error Code:(4)
Message: Build asset version error: assets/scripts/scenemanagercontroller.cs in SourceAssetDB has modification time of '2024-12-05T16:46:12.6373848Z' while content on disk has modification time of '2024-12-05T16:46:47.2999686Z'
  ERROR: Build asset version error: assets/scripts/scenemanagercontroller.cs in SourceAssetDB has modification time of '2024-12-05T16:46:12.6373848Z' while content on disk has modification time of '2024-12-05T16:46:47.2999686Z'
Number of updated asset objects reloaded before import = 0
Number of asset objects unloaded after import = 0
========================================================================
Received Import Request.
  Time since last request: 0.018536 seconds.
  path: Assets/Scripts/SceneManagerController.cs
  artifactKey: Guid(f8c1f5b52e608604e99a51b88c3fb697) Importer(815301076,1909f56bfc062723c751e8b465ee728b)
Start importing Assets/Scripts/SceneManagerController.cs using Guid(f8c1f5b52e608604e99a51b88c3fb697) Importer(815301076,1909f56bfc062723c751e8b465ee728b) [PhysX] Initialized MultithreadedTaskDispatcher with 4 workers.
 -> (artifact id: '00000000000000000000000000000000') in 0.001116 seconds
Import Error Code:(4)
Message: Build asset version error: assets/scripts/scenemanagercontroller.cs in SourceAssetDB has modification time of '2024-12-05T16:46:12.6373848Z' while content on disk has modification time of '2024-12-05T16:46:47.2999686Z'
  ERROR: Build asset version error: assets/scripts/scenemanagercontroller.cs in SourceAssetDB has modification time of '2024-12-05T16:46:12.6373848Z' while content on disk has modification time of '2024-12-05T16:46:47.2999686Z'
Number of updated asset objects reloaded before import = 0
Number of asset objects unloaded after import = 0
========================================================================
Received Import Request.
  Time since last request: 0.017535 seconds.
  path: Assets/Scripts/SceneManagerController.cs
  artifactKey: Guid(f8c1f5b52e608604e99a51b88c3fb697) Importer(815301076,1909f56bfc062723c751e8b465ee728b)
Start importing Assets/Scripts/SceneManagerController.cs using Guid(f8c1f5b52e608604e99a51b88c3fb697) Importer(815301076,1909f56bfc062723c751e8b465ee728b) [PhysX] Initialized MultithreadedTaskDispatcher with 4 workers.
 -> (artifact id: '00000000000000000000000000000000') in 0.001222 seconds
Import Error Code:(4)
Message: Build asset version error: assets/scripts/scenemanagercontroller.cs in SourceAssetDB has modification time of '2024-12-05T16:46:12.6373848Z' while content on disk has modification time of '2024-12-05T16:46:47.2999686Z'
  ERROR: Build asset version error: assets/scripts/scenemanagercontroller.cs in SourceAssetDB has modification time of '2024-12-05T16:46:12.6373848Z' while content on disk has modification time of '2024-12-05T16:46:47.2999686Z'
Number of updated asset objects reloaded before import = 0
Number of asset objects unloaded after import = 0
========================================================================
Received Import Request.
  Time since last request: 0.016448 seconds.
  path: Assets/Scripts/SceneManagerController.cs
  artifactKey: Guid(f8c1f5b52e608604e99a51b88c3fb697) Importer(815301076,1909f56bfc062723c751e8b465ee728b)
Start importing Assets/Scripts/SceneManagerController.cs using Guid(f8c1f5b52e608604e99a51b88c3fb697) Importer(815301076,1909f56bfc062723c751e8b465ee728b) [PhysX] Initialized MultithreadedTaskDispatcher with 4 workers.
 -> (artifact id: '00000000000000000000000000000000') in 0.001246 seconds
Import Error Code:(4)
Message: Build asset version error: assets/scripts/scenemanagercontroller.cs in SourceAssetDB has modification time of '2024-12-05T16:46:12.6373848Z' while content on disk has modification time of '2024-12-05T16:46:47.2999686Z'
  ERROR: Build asset version error: assets/scripts/scenemanagercontroller.cs in SourceAssetDB has modification time of '2024-12-05T16:46:12.6373848Z' while content on disk has modification time of '2024-12-05T16:46:47.2999686Z'
Number of updated asset objects reloaded before import = 0
Number of asset objects unloaded after import = 0
========================================================================
Received Import Request.
  Time since last request: 0.017548 seconds.
  path: Assets/Scripts/SceneManagerController.cs
  artifactKey: Guid(f8c1f5b52e608604e99a51b88c3fb697) Importer(815301076,1909f56bfc062723c751e8b465ee728b)
Start importing Assets/Scripts/SceneManagerController.cs using Guid(f8c1f5b52e608604e99a51b88c3fb697) Importer(815301076,1909f56bfc062723c751e8b465ee728b) [PhysX] Initialized MultithreadedTaskDispatcher with 4 workers.
 -> (artifact id: '00000000000000000000000000000000') in 0.001188 seconds
Import Error Code:(4)
Message: Build asset version error: assets/scripts/scenemanagercontroller.cs in SourceAssetDB has modification time of '2024-12-05T16:46:12.6373848Z' while content on disk has modification time of '2024-12-05T16:46:47.2999686Z'
  ERROR: Build asset version error: assets/scripts/scenemanagercontroller.cs in SourceAssetDB has modification time of '2024-12-05T16:46:12.6373848Z' while content on disk has modification time of '2024-12-05T16:46:47.2999686Z'
Number of updated asset objects reloaded before import = 0
Number of asset objects unloaded after import = 0
========================================================================
Received Import Request.
  Time since last request: 0.017676 seconds.
  path: Assets/Scripts/SceneManagerController.cs
  artifactKey: Guid(f8c1f5b52e608604e99a51b88c3fb697) Importer(815301076,1909f56bfc062723c751e8b465ee728b)
Start importing Assets/Scripts/SceneManagerController.cs using Guid(f8c1f5b52e608604e99a51b88c3fb697) Importer(815301076,1909f56bfc062723c751e8b465ee728b) [PhysX] Initialized MultithreadedTaskDispatcher with 4 workers.
 -> (artifact id: '00000000000000000000000000000000') in 0.001681 seconds
Import Error Code:(4)
Message: Build asset version error: assets/scripts/scenemanagercontroller.cs in SourceAssetDB has modification time of '2024-12-05T16:46:12.6373848Z' while content on disk has modification time of '2024-12-05T16:46:47.2999686Z'
  ERROR: Build asset version error: assets/scripts/scenemanagercontroller.cs in SourceAssetDB has modification time of '2024-12-05T16:46:12.6373848Z' while content on disk has modification time of '2024-12-05T16:46:47.2999686Z'
Number of updated asset objects reloaded before import = 0
Number of asset objects unloaded after import = 0
========================================================================
Received Import Request.
  Time since last request: 0.017255 seconds.
  path: Assets/Scripts/SceneManagerController.cs
  artifactKey: Guid(f8c1f5b52e608604e99a51b88c3fb697) Importer(815301076,1909f56bfc062723c751e8b465ee728b)
Start importing Assets/Scripts/SceneManagerController.cs using Guid(f8c1f5b52e608604e99a51b88c3fb697) Importer(815301076,1909f56bfc062723c751e8b465ee728b) [PhysX] Initialized MultithreadedTaskDispatcher with 4 workers.
 -> (artifact id: '00000000000000000000000000000000') in 0.002010 seconds
Import Error Code:(4)
Message: Build asset version error: assets/scripts/scenemanagercontroller.cs in SourceAssetDB has modification time of '2024-12-05T16:46:12.6373848Z' while content on disk has modification time of '2024-12-05T16:46:47.2999686Z'
  ERROR: Build asset version error: assets/scripts/scenemanagercontroller.cs in SourceAssetDB has modification time of '2024-12-05T16:46:12.6373848Z' while content on disk has modification time of '2024-12-05T16:46:47.2999686Z'
Number of updated asset objects reloaded before import = 0
Number of asset objects unloaded after import = 0
========================================================================
Received Import Request.
  Time since last request: 0.016858 seconds.
  path: Assets/Scripts/SceneManagerController.cs
  artifactKey: Guid(f8c1f5b52e608604e99a51b88c3fb697) Importer(815301076,1909f56bfc062723c751e8b465ee728b)
Start importing Assets/Scripts/SceneManagerController.cs using Guid(f8c1f5b52e608604e99a51b88c3fb697) Importer(815301076,1909f56bfc062723c751e8b465ee728b) [PhysX] Initialized MultithreadedTaskDispatcher with 4 workers.
 -> (artifact id: '00000000000000000000000000000000') in 0.001042 seconds
Import Error Code:(4)
Message: Build asset version error: assets/scripts/scenemanagercontroller.cs in SourceAssetDB has modification time of '2024-12-05T16:46:12.6373848Z' while content on disk has modification time of '2024-12-05T16:46:47.2999686Z'
  ERROR: Build asset version error: assets/scripts/scenemanagercontroller.cs in SourceAssetDB has modification time of '2024-12-05T16:46:12.6373848Z' while content on disk has modification time of '2024-12-05T16:46:47.2999686Z'
Number of updated asset objects reloaded before import = 0
Number of asset objects unloaded after import = 0
========================================================================
Received Import Request.
  Time since last request: 0.017606 seconds.
  path: Assets/Scripts/SceneManagerController.cs
  artifactKey: Guid(f8c1f5b52e608604e99a51b88c3fb697) Importer(815301076,1909f56bfc062723c751e8b465ee728b)
Start importing Assets/Scripts/SceneManagerController.cs using Guid(f8c1f5b52e608604e99a51b88c3fb697) Importer(815301076,1909f56bfc062723c751e8b465ee728b) [PhysX] Initialized MultithreadedTaskDispatcher with 4 workers.
 -> (artifact id: '00000000000000000000000000000000') in 0.001319 seconds
Import Error Code:(4)
Message: Build asset version error: assets/scripts/scenemanagercontroller.cs in SourceAssetDB has modification time of '2024-12-05T16:46:12.6373848Z' while content on disk has modification time of '2024-12-05T16:46:47.2999686Z'
  ERROR: Build asset version error: assets/scripts/scenemanagercontroller.cs in SourceAssetDB has modification time of '2024-12-05T16:46:12.6373848Z' while content on disk has modification time of '2024-12-05T16:46:47.2999686Z'
Number of updated asset objects reloaded before import = 0
Number of asset objects unloaded after import = 0
========================================================================
Received Import Request.
  Time since last request: 0.015869 seconds.
  path: Assets/Scripts/SceneManagerController.cs
  artifactKey: Guid(f8c1f5b52e608604e99a51b88c3fb697) Importer(815301076,1909f56bfc062723c751e8b465ee728b)
Start importing Assets/Scripts/SceneManagerController.cs using Guid(f8c1f5b52e608604e99a51b88c3fb697) Importer(815301076,1909f56bfc062723c751e8b465ee728b) [PhysX] Initialized MultithreadedTaskDispatcher with 4 workers.
 -> (artifact id: '00000000000000000000000000000000') in 0.001284 seconds
Import Error Code:(4)
Message: Build asset version error: assets/scripts/scenemanagercontroller.cs in SourceAssetDB has modification time of '2024-12-05T16:46:12.6373848Z' while content on disk has modification time of '2024-12-05T16:46:47.2999686Z'
  ERROR: Build asset version error: assets/scripts/scenemanagercontroller.cs in SourceAssetDB has modification time of '2024-12-05T16:46:12.6373848Z' while content on disk has modification time of '2024-12-05T16:46:47.2999686Z'
Number of updated asset objects reloaded before import = 0
Number of asset objects unloaded after import = 0
========================================================================
Received Import Request.
  Time since last request: 0.016059 seconds.
  path: Assets/Scripts/SceneManagerController.cs
  artifactKey: Guid(f8c1f5b52e608604e99a51b88c3fb697) Importer(815301076,1909f56bfc062723c751e8b465ee728b)
Start importing Assets/Scripts/SceneManagerController.cs using Guid(f8c1f5b52e608604e99a51b88c3fb697) Importer(815301076,1909f56bfc062723c751e8b465ee728b) [PhysX] Initialized MultithreadedTaskDispatcher with 4 workers.
 -> (artifact id: '00000000000000000000000000000000') in 0.001208 seconds
Import Error Code:(4)
Message: Build asset version error: assets/scripts/scenemanagercontroller.cs in SourceAssetDB has modification time of '2024-12-05T16:46:12.6373848Z' while content on disk has modification time of '2024-12-05T16:46:47.2999686Z'
  ERROR: Build asset version error: assets/scripts/scenemanagercontroller.cs in SourceAssetDB has modification time of '2024-12-05T16:46:12.6373848Z' while content on disk has modification time of '2024-12-05T16:46:47.2999686Z'
Number of updated asset objects reloaded before import = 0
Number of asset objects unloaded after import = 0
========================================================================
Received Import Request.
  Time since last request: 0.174853 seconds.
  path: Assets/Scripts/SceneManagerController.cs
  artifactKey: Guid(f8c1f5b52e608604e99a51b88c3fb697) Importer(815301076,1909f56bfc062723c751e8b465ee728b)
Start importing Assets/Scripts/SceneManagerController.cs using Guid(f8c1f5b52e608604e99a51b88c3fb697) Importer(815301076,1909f56bfc062723c751e8b465ee728b) [PhysX] Initialized MultithreadedTaskDispatcher with 4 workers.
 -> (artifact id: '00000000000000000000000000000000') in 0.015499 seconds
Import Error Code:(4)
Message: Build asset version error: assets/scripts/scenemanagercontroller.cs in SourceAssetDB has modification time of '2024-12-05T16:46:12.6373848Z' while content on disk has modification time of '2024-12-05T16:46:47.2999686Z'
  ERROR: Build asset version error: assets/scripts/scenemanagercontroller.cs in SourceAssetDB has modification time of '2024-12-05T16:46:12.6373848Z' while content on disk has modification time of '2024-12-05T16:46:47.2999686Z'
Number of updated asset objects reloaded before import = 0
Number of asset objects unloaded after import = 0
========================================================================
Received Import Request.
  Time since last request: 0.010859 seconds.
  path: Assets/Scripts/SceneManagerController.cs
  artifactKey: Guid(f8c1f5b52e608604e99a51b88c3fb697) Importer(815301076,1909f56bfc062723c751e8b465ee728b)
Start importing Assets/Scripts/SceneManagerController.cs using Guid(f8c1f5b52e608604e99a51b88c3fb697) Importer(815301076,1909f56bfc062723c751e8b465ee728b) [PhysX] Initialized MultithreadedTaskDispatcher with 4 workers.
 -> (artifact id: '00000000000000000000000000000000') in 0.011043 seconds
Import Error Code:(4)
Message: Build asset version error: assets/scripts/scenemanagercontroller.cs in SourceAssetDB has modification time of '2024-12-05T16:46:12.6373848Z' while content on disk has modification time of '2024-12-05T16:46:47.2999686Z'
  ERROR: Build asset version error: assets/scripts/scenemanagercontroller.cs in SourceAssetDB has modification time of '2024-12-05T16:46:12.6373848Z' while content on disk has modification time of '2024-12-05T16:46:47.2999686Z'
Number of updated asset objects reloaded before import = 0
Number of asset objects unloaded after import = 0
========================================================================
Received Import Request.
  Time since last request: 0.004003 seconds.
  path: Assets/Scripts/SceneManagerController.cs
  artifactKey: Guid(f8c1f5b52e608604e99a51b88c3fb697) Importer(815301076,1909f56bfc062723c751e8b465ee728b)
Start importing Assets/Scripts/SceneManagerController.cs using Guid(f8c1f5b52e608604e99a51b88c3fb697) Importer(815301076,1909f56bfc062723c751e8b465ee728b) [PhysX] Initialized MultithreadedTaskDispatcher with 4 workers.
 -> (artifact id: '00000000000000000000000000000000') in 0.018823 seconds
Import Error Code:(4)
Message: Build asset version error: assets/scripts/scenemanagercontroller.cs in SourceAssetDB has modification time of '2024-12-05T16:46:12.6373848Z' while content on disk has modification time of '2024-12-05T16:46:47.2999686Z'
  ERROR: Build asset version error: assets/scripts/scenemanagercontroller.cs in SourceAssetDB has modification time of '2024-12-05T16:46:12.6373848Z' while content on disk has modification time of '2024-12-05T16:46:47.2999686Z'
Number of updated asset objects reloaded before import = 0
Number of asset objects unloaded after import = 0
========================================================================
Received Import Request.
  Time since last request: 0.020143 seconds.
  path: Assets/Scripts/SceneManagerController.cs
  artifactKey: Guid(f8c1f5b52e608604e99a51b88c3fb697) Importer(815301076,1909f56bfc062723c751e8b465ee728b)
Start importing Assets/Scripts/SceneManagerController.cs using Guid(f8c1f5b52e608604e99a51b88c3fb697) Importer(815301076,1909f56bfc062723c751e8b465ee728b) [PhysX] Initialized MultithreadedTaskDispatcher with 4 workers.
 -> (artifact id: '00000000000000000000000000000000') in 0.004462 seconds
Import Error Code:(4)
Message: Build asset version error: assets/scripts/scenemanagercontroller.cs in SourceAssetDB has modification time of '2024-12-05T16:46:12.6373848Z' while content on disk has modification time of '2024-12-05T16:46:47.2999686Z'
  ERROR: Build asset version error: assets/scripts/scenemanagercontroller.cs in SourceAssetDB has modification time of '2024-12-05T16:46:12.6373848Z' while content on disk has modification time of '2024-12-05T16:46:47.2999686Z'
Number of updated asset objects reloaded before import = 0
Number of asset objects unloaded after import = 0
========================================================================
Received Import Request.
  Time since last request: 0.000039 seconds.
  path: Assets/Scripts/SceneManagerController.cs
  artifactKey: Guid(f8c1f5b52e608604e99a51b88c3fb697) Importer(815301076,1909f56bfc062723c751e8b465ee728b)
Start importing Assets/Scripts/SceneManagerController.cs using Guid(f8c1f5b52e608604e99a51b88c3fb697) Importer(815301076,1909f56bfc062723c751e8b465ee728b) [PhysX] Initialized MultithreadedTaskDispatcher with 4 workers.
 -> (artifact id: '00000000000000000000000000000000') in 0.001539 seconds
Import Error Code:(4)
Message: Build asset version error: assets/scripts/scenemanagercontroller.cs in SourceAssetDB has modification time of '2024-12-05T16:46:12.6373848Z' while content on disk has modification time of '2024-12-05T16:46:47.2999686Z'
  ERROR: Build asset version error: assets/scripts/scenemanagercontroller.cs in SourceAssetDB has modification time of '2024-12-05T16:46:12.6373848Z' while content on disk has modification time of '2024-12-05T16:46:47.2999686Z'
Number of updated asset objects reloaded before import = 0
Number of asset objects unloaded after import = 0
========================================================================
Received Import Request.
  Time since last request: 0.017925 seconds.
  path: Assets/Scripts/SceneManagerController.cs
  artifactKey: Guid(f8c1f5b52e608604e99a51b88c3fb697) Importer(815301076,1909f56bfc062723c751e8b465ee728b)
Start importing Assets/Scripts/SceneManagerController.cs using Guid(f8c1f5b52e608604e99a51b88c3fb697) Importer(815301076,1909f56bfc062723c751e8b465ee728b) [PhysX] Initialized MultithreadedTaskDispatcher with 4 workers.
 -> (artifact id: '00000000000000000000000000000000') in 0.001172 seconds
Import Error Code:(4)
Message: Build asset version error: assets/scripts/scenemanagercontroller.cs in SourceAssetDB has modification time of '2024-12-05T16:46:12.6373848Z' while content on disk has modification time of '2024-12-05T16:46:47.2999686Z'
  ERROR: Build asset version error: assets/scripts/scenemanagercontroller.cs in SourceAssetDB has modification time of '2024-12-05T16:46:12.6373848Z' while content on disk has modification time of '2024-12-05T16:46:47.2999686Z'
Number of updated asset objects reloaded before import = 0
Number of asset objects unloaded after import = 0
========================================================================
Received Import Request.
  Time since last request: 0.016251 seconds.
  path: Assets/Scripts/SceneManagerController.cs
  artifactKey: Guid(f8c1f5b52e608604e99a51b88c3fb697) Importer(815301076,1909f56bfc062723c751e8b465ee728b)
Start importing Assets/Scripts/SceneManagerController.cs using Guid(f8c1f5b52e608604e99a51b88c3fb697) Importer(815301076,1909f56bfc062723c751e8b465ee728b) [PhysX] Initialized MultithreadedTaskDispatcher with 4 workers.
 -> (artifact id: '00000000000000000000000000000000') in 0.001280 seconds
Import Error Code:(4)
Message: Build asset version error: assets/scripts/scenemanagercontroller.cs in SourceAssetDB has modification time of '2024-12-05T16:46:12.6373848Z' while content on disk has modification time of '2024-12-05T16:46:47.2999686Z'
  ERROR: Build asset version error: assets/scripts/scenemanagercontroller.cs in SourceAssetDB has modification time of '2024-12-05T16:46:12.6373848Z' while content on disk has modification time of '2024-12-05T16:46:47.2999686Z'
Number of updated asset objects reloaded before import = 0
Number of asset objects unloaded after import = 0
========================================================================
Received Import Request.
  Time since last request: 0.016453 seconds.
  path: Assets/Scripts/SceneManagerController.cs
  artifactKey: Guid(f8c1f5b52e608604e99a51b88c3fb697) Importer(815301076,1909f56bfc062723c751e8b465ee728b)
Start importing Assets/Scripts/SceneManagerController.cs using Guid(f8c1f5b52e608604e99a51b88c3fb697) Importer(815301076,1909f56bfc062723c751e8b465ee728b) [PhysX] Initialized MultithreadedTaskDispatcher with 4 workers.
 -> (artifact id: '00000000000000000000000000000000') in 0.001159 seconds
Import Error Code:(4)
Message: Build asset version error: assets/scripts/scenemanagercontroller.cs in SourceAssetDB has modification time of '2024-12-05T16:46:12.6373848Z' while content on disk has modification time of '2024-12-05T16:46:47.2999686Z'
  ERROR: Build asset version error: assets/scripts/scenemanagercontroller.cs in SourceAssetDB has modification time of '2024-12-05T16:46:12.6373848Z' while content on disk has modification time of '2024-12-05T16:46:47.2999686Z'
Number of updated asset objects reloaded before import = 0
Number of asset objects unloaded after import = 0
========================================================================
Received Import Request.
  Time since last request: 0.015811 seconds.
  path: Assets/Scripts/SceneManagerController.cs
  artifactKey: Guid(f8c1f5b52e608604e99a51b88c3fb697) Importer(815301076,1909f56bfc062723c751e8b465ee728b)
Start importing Assets/Scripts/SceneManagerController.cs using Guid(f8c1f5b52e608604e99a51b88c3fb697) Importer(815301076,1909f56bfc062723c751e8b465ee728b) [PhysX] Initialized MultithreadedTaskDispatcher with 4 workers.
 -> (artifact id: '00000000000000000000000000000000') in 0.001162 seconds
Import Error Code:(4)
Message: Build asset version error: assets/scripts/scenemanagercontroller.cs in SourceAssetDB has modification time of '2024-12-05T16:46:12.6373848Z' while content on disk has modification time of '2024-12-05T16:46:47.2999686Z'
  ERROR: Build asset version error: assets/scripts/scenemanagercontroller.cs in SourceAssetDB has modification time of '2024-12-05T16:46:12.6373848Z' while content on disk has modification time of '2024-12-05T16:46:47.2999686Z'
Number of updated asset objects reloaded before import = 0
Number of asset objects unloaded after import = 0
========================================================================
Received Import Request.
  Time since last request: 0.016484 seconds.
  path: Assets/Scripts/SceneManagerController.cs
  artifactKey: Guid(f8c1f5b52e608604e99a51b88c3fb697) Importer(815301076,1909f56bfc062723c751e8b465ee728b)
Start importing Assets/Scripts/SceneManagerController.cs using Guid(f8c1f5b52e608604e99a51b88c3fb697) Importer(815301076,1909f56bfc062723c751e8b465ee728b) [PhysX] Initialized MultithreadedTaskDispatcher with 4 workers.
 -> (artifact id: '00000000000000000000000000000000') in 0.001337 seconds
Import Error Code:(4)
Message: Build asset version error: assets/scripts/scenemanagercontroller.cs in SourceAssetDB has modification time of '2024-12-05T16:46:12.6373848Z' while content on disk has modification time of '2024-12-05T16:46:47.2999686Z'
  ERROR: Build asset version error: assets/scripts/scenemanagercontroller.cs in SourceAssetDB has modification time of '2024-12-05T16:46:12.6373848Z' while content on disk has modification time of '2024-12-05T16:46:47.2999686Z'
Number of updated asset objects reloaded before import = 0
Number of asset objects unloaded after import = 0
========================================================================
Received Import Request.
  Time since last request: 0.016027 seconds.
  path: Assets/Scripts/SceneManagerController.cs
  artifactKey: Guid(f8c1f5b52e608604e99a51b88c3fb697) Importer(815301076,1909f56bfc062723c751e8b465ee728b)
Start importing Assets/Scripts/SceneManagerController.cs using Guid(f8c1f5b52e608604e99a51b88c3fb697) Importer(815301076,1909f56bfc062723c751e8b465ee728b) [PhysX] Initialized MultithreadedTaskDispatcher with 4 workers.
 -> (artifact id: '00000000000000000000000000000000') in 0.001456 seconds
Import Error Code:(4)
Message: Build asset version error: assets/scripts/scenemanagercontroller.cs in SourceAssetDB has modification time of '2024-12-05T16:46:12.6373848Z' while content on disk has modification time of '2024-12-05T16:46:47.2999686Z'
  ERROR: Build asset version error: assets/scripts/scenemanagercontroller.cs in SourceAssetDB has modification time of '2024-12-05T16:46:12.6373848Z' while content on disk has modification time of '2024-12-05T16:46:47.2999686Z'
Number of updated asset objects reloaded before import = 0
Number of asset objects unloaded after import = 0
========================================================================
Received Import Request.
  Time since last request: 0.015523 seconds.
  path: Assets/Scripts/SceneManagerController.cs
  artifactKey: Guid(f8c1f5b52e608604e99a51b88c3fb697) Importer(815301076,1909f56bfc062723c751e8b465ee728b)
Start importing Assets/Scripts/SceneManagerController.cs using Guid(f8c1f5b52e608604e99a51b88c3fb697) Importer(815301076,1909f56bfc062723c751e8b465ee728b) [PhysX] Initialized MultithreadedTaskDispatcher with 4 workers.
 -> (artifact id: '00000000000000000000000000000000') in 0.001401 seconds
Import Error Code:(4)
Message: Build asset version error: assets/scripts/scenemanagercontroller.cs in SourceAssetDB has modification time of '2024-12-05T16:46:12.6373848Z' while content on disk has modification time of '2024-12-05T16:46:47.2999686Z'
  ERROR: Build asset version error: assets/scripts/scenemanagercontroller.cs in SourceAssetDB has modification time of '2024-12-05T16:46:12.6373848Z' while content on disk has modification time of '2024-12-05T16:46:47.2999686Z'
Number of updated asset objects reloaded before import = 0
Number of asset objects unloaded after import = 0
========================================================================
Received Import Request.
  Time since last request: 0.016671 seconds.
  path: Assets/Scripts/SceneManagerController.cs
  artifactKey: Guid(f8c1f5b52e608604e99a51b88c3fb697) Importer(815301076,1909f56bfc062723c751e8b465ee728b)
Start importing Assets/Scripts/SceneManagerController.cs using Guid(f8c1f5b52e608604e99a51b88c3fb697) Importer(815301076,1909f56bfc062723c751e8b465ee728b) [PhysX] Initialized MultithreadedTaskDispatcher with 4 workers.
 -> (artifact id: '00000000000000000000000000000000') in 0.001289 seconds
Import Error Code:(4)
Message: Build asset version error: assets/scripts/scenemanagercontroller.cs in SourceAssetDB has modification time of '2024-12-05T16:46:12.6373848Z' while content on disk has modification time of '2024-12-05T16:46:47.2999686Z'
  ERROR: Build asset version error: assets/scripts/scenemanagercontroller.cs in SourceAssetDB has modification time of '2024-12-05T16:46:12.6373848Z' while content on disk has modification time of '2024-12-05T16:46:47.2999686Z'
Number of updated asset objects reloaded before import = 0
Number of asset objects unloaded after import = 0
========================================================================
Received Import Request.
  Time since last request: 0.016104 seconds.
  path: Assets/Scripts/SceneManagerController.cs
  artifactKey: Guid(f8c1f5b52e608604e99a51b88c3fb697) Importer(815301076,1909f56bfc062723c751e8b465ee728b)
Start importing Assets/Scripts/SceneManagerController.cs using Guid(f8c1f5b52e608604e99a51b88c3fb697) Importer(815301076,1909f56bfc062723c751e8b465ee728b) [PhysX] Initialized MultithreadedTaskDispatcher with 4 workers.
 -> (artifact id: '00000000000000000000000000000000') in 0.001192 seconds
Import Error Code:(4)
Message: Build asset version error: assets/scripts/scenemanagercontroller.cs in SourceAssetDB has modification time of '2024-12-05T16:46:12.6373848Z' while content on disk has modification time of '2024-12-05T16:46:47.2999686Z'
  ERROR: Build asset version error: assets/scripts/scenemanagercontroller.cs in SourceAssetDB has modification time of '2024-12-05T16:46:12.6373848Z' while content on disk has modification time of '2024-12-05T16:46:47.2999686Z'
Number of updated asset objects reloaded before import = 0
Number of asset objects unloaded after import = 0
========================================================================
Received Import Request.
  Time since last request: 0.016847 seconds.
  path: Assets/Scripts/SceneManagerController.cs
  artifactKey: Guid(f8c1f5b52e608604e99a51b88c3fb697) Importer(815301076,1909f56bfc062723c751e8b465ee728b)
Start importing Assets/Scripts/SceneManagerController.cs using Guid(f8c1f5b52e608604e99a51b88c3fb697) Importer(815301076,1909f56bfc062723c751e8b465ee728b) [PhysX] Initialized MultithreadedTaskDispatcher with 4 workers.
 -> (artifact id: '00000000000000000000000000000000') in 0.001365 seconds
Import Error Code:(4)
Message: Build asset version error: assets/scripts/scenemanagercontroller.cs in SourceAssetDB has modification time of '2024-12-05T16:46:12.6373848Z' while content on disk has modification time of '2024-12-05T16:46:47.2999686Z'
  ERROR: Build asset version error: assets/scripts/scenemanagercontroller.cs in SourceAssetDB has modification time of '2024-12-05T16:46:12.6373848Z' while content on disk has modification time of '2024-12-05T16:46:47.2999686Z'
Number of updated asset objects reloaded before import = 0
Number of asset objects unloaded after import = 0
========================================================================
Received Import Request.
  Time since last request: 0.018726 seconds.
  path: Assets/Scripts/SceneManagerController.cs
  artifactKey: Guid(f8c1f5b52e608604e99a51b88c3fb697) Importer(815301076,1909f56bfc062723c751e8b465ee728b)
Start importing Assets/Scripts/SceneManagerController.cs using Guid(f8c1f5b52e608604e99a51b88c3fb697) Importer(815301076,1909f56bfc062723c751e8b465ee728b) [PhysX] Initialized MultithreadedTaskDispatcher with 4 workers.
 -> (artifact id: '00000000000000000000000000000000') in 0.001672 seconds
Import Error Code:(4)
Message: Build asset version error: assets/scripts/scenemanagercontroller.cs in SourceAssetDB has modification time of '2024-12-05T16:46:12.6373848Z' while content on disk has modification time of '2024-12-05T16:46:47.2999686Z'
  ERROR: Build asset version error: assets/scripts/scenemanagercontroller.cs in SourceAssetDB has modification time of '2024-12-05T16:46:12.6373848Z' while content on disk has modification time of '2024-12-05T16:46:47.2999686Z'
Number of updated asset objects reloaded before import = 0
Number of asset objects unloaded after import = 0
========================================================================
Received Import Request.
  Time since last request: 0.016821 seconds.
  path: Assets/Scripts/SceneManagerController.cs
  artifactKey: Guid(f8c1f5b52e608604e99a51b88c3fb697) Importer(815301076,1909f56bfc062723c751e8b465ee728b)
Start importing Assets/Scripts/SceneManagerController.cs using Guid(f8c1f5b52e608604e99a51b88c3fb697) Importer(815301076,1909f56bfc062723c751e8b465ee728b) [PhysX] Initialized MultithreadedTaskDispatcher with 4 workers.
 -> (artifact id: '00000000000000000000000000000000') in 0.001507 seconds
Import Error Code:(4)
Message: Build asset version error: assets/scripts/scenemanagercontroller.cs in SourceAssetDB has modification time of '2024-12-05T16:46:12.6373848Z' while content on disk has modification time of '2024-12-05T16:46:47.2999686Z'
  ERROR: Build asset version error: assets/scripts/scenemanagercontroller.cs in SourceAssetDB has modification time of '2024-12-05T16:46:12.6373848Z' while content on disk has modification time of '2024-12-05T16:46:47.2999686Z'
Number of updated asset objects reloaded before import = 0
Number of asset objects unloaded after import = 0
========================================================================
Received Import Request.
  Time since last request: 0.016158 seconds.
  path: Assets/Scripts/SceneManagerController.cs
  artifactKey: Guid(f8c1f5b52e608604e99a51b88c3fb697) Importer(815301076,1909f56bfc062723c751e8b465ee728b)
Start importing Assets/Scripts/SceneManagerController.cs using Guid(f8c1f5b52e608604e99a51b88c3fb697) Importer(815301076,1909f56bfc062723c751e8b465ee728b) [PhysX] Initialized MultithreadedTaskDispatcher with 4 workers.
 -> (artifact id: '00000000000000000000000000000000') in 0.001123 seconds
Import Error Code:(4)
Message: Build asset version error: assets/scripts/scenemanagercontroller.cs in SourceAssetDB has modification time of '2024-12-05T16:46:12.6373848Z' while content on disk has modification time of '2024-12-05T16:46:47.2999686Z'
  ERROR: Build asset version error: assets/scripts/scenemanagercontroller.cs in SourceAssetDB has modification time of '2024-12-05T16:46:12.6373848Z' while content on disk has modification time of '2024-12-05T16:46:47.2999686Z'
Number of updated asset objects reloaded before import = 0
Number of asset objects unloaded after import = 0
========================================================================
Received Import Request.
  Time since last request: 0.016657 seconds.
  path: Assets/Scripts/SceneManagerController.cs
  artifactKey: Guid(f8c1f5b52e608604e99a51b88c3fb697) Importer(815301076,1909f56bfc062723c751e8b465ee728b)
Start importing Assets/Scripts/SceneManagerController.cs using Guid(f8c1f5b52e608604e99a51b88c3fb697) Importer(815301076,1909f56bfc062723c751e8b465ee728b) [PhysX] Initialized MultithreadedTaskDispatcher with 4 workers.
 -> (artifact id: '00000000000000000000000000000000') in 0.001013 seconds
Import Error Code:(4)
Message: Build asset version error: assets/scripts/scenemanagercontroller.cs in SourceAssetDB has modification time of '2024-12-05T16:46:12.6373848Z' while content on disk has modification time of '2024-12-05T16:46:47.2999686Z'
  ERROR: Build asset version error: assets/scripts/scenemanagercontroller.cs in SourceAssetDB has modification time of '2024-12-05T16:46:12.6373848Z' while content on disk has modification time of '2024-12-05T16:46:47.2999686Z'
Number of updated asset objects reloaded before import = 0
Number of asset objects unloaded after import = 0
========================================================================
Received Import Request.
  Time since last request: 0.016824 seconds.
  path: Assets/Scripts/SceneManagerController.cs
  artifactKey: Guid(f8c1f5b52e608604e99a51b88c3fb697) Importer(815301076,1909f56bfc062723c751e8b465ee728b)
Start importing Assets/Scripts/SceneManagerController.cs using Guid(f8c1f5b52e608604e99a51b88c3fb697) Importer(815301076,1909f56bfc062723c751e8b465ee728b) [PhysX] Initialized MultithreadedTaskDispatcher with 4 workers.
 -> (artifact id: '00000000000000000000000000000000') in 0.004861 seconds
Import Error Code:(4)
Message: Build asset version error: assets/scripts/scenemanagercontroller.cs in SourceAssetDB has modification time of '2024-12-05T16:46:12.6373848Z' while content on disk has modification time of '2024-12-05T16:46:47.2999686Z'
  ERROR: Build asset version error: assets/scripts/scenemanagercontroller.cs in SourceAssetDB has modification time of '2024-12-05T16:46:12.6373848Z' while content on disk has modification time of '2024-12-05T16:46:47.2999686Z'
Number of updated asset objects reloaded before import = 0
Number of asset objects unloaded after import = 0
========================================================================
Received Import Request.
  Time since last request: 0.000466 seconds.
  path: Assets/Scripts/SceneManagerController.cs
  artifactKey: Guid(f8c1f5b52e608604e99a51b88c3fb697) Importer(815301076,1909f56bfc062723c751e8b465ee728b)
Start importing Assets/Scripts/SceneManagerController.cs using Guid(f8c1f5b52e608604e99a51b88c3fb697) Importer(815301076,1909f56bfc062723c751e8b465ee728b) [PhysX] Initialized MultithreadedTaskDispatcher with 4 workers.
 -> (artifact id: '00000000000000000000000000000000') in 0.005795 seconds
Import Error Code:(4)
Message: Build asset version error: assets/scripts/scenemanagercontroller.cs in SourceAssetDB has modification time of '2024-12-05T16:46:12.6373848Z' while content on disk has modification time of '2024-12-05T16:46:47.2999686Z'
  ERROR: Build asset version error: assets/scripts/scenemanagercontroller.cs in SourceAssetDB has modification time of '2024-12-05T16:46:12.6373848Z' while content on disk has modification time of '2024-12-05T16:46:47.2999686Z'
Number of updated asset objects reloaded before import = 0
Number of asset objects unloaded after import = 0
========================================================================
Received Import Request.
  Time since last request: 0.011583 seconds.
  path: Assets/Scripts/SceneManagerController.cs
  artifactKey: Guid(f8c1f5b52e608604e99a51b88c3fb697) Importer(815301076,1909f56bfc062723c751e8b465ee728b)
Start importing Assets/Scripts/SceneManagerController.cs using Guid(f8c1f5b52e608604e99a51b88c3fb697) Importer(815301076,1909f56bfc062723c751e8b465ee728b) [PhysX] Initialized MultithreadedTaskDispatcher with 4 workers.
 -> (artifact id: '00000000000000000000000000000000') in 0.001462 seconds
Import Error Code:(4)
Message: Build asset version error: assets/scripts/scenemanagercontroller.cs in SourceAssetDB has modification time of '2024-12-05T16:46:12.6373848Z' while content on disk has modification time of '2024-12-05T16:46:47.2999686Z'
  ERROR: Build asset version error: assets/scripts/scenemanagercontroller.cs in SourceAssetDB has modification time of '2024-12-05T16:46:12.6373848Z' while content on disk has modification time of '2024-12-05T16:46:47.2999686Z'
Number of updated asset objects reloaded before import = 0
Number of asset objects unloaded after import = 0
========================================================================
Received Import Request.
  Time since last request: 0.018967 seconds.
  path: Assets/Scripts/SceneManagerController.cs
  artifactKey: Guid(f8c1f5b52e608604e99a51b88c3fb697) Importer(815301076,1909f56bfc062723c751e8b465ee728b)
Start importing Assets/Scripts/SceneManagerController.cs using Guid(f8c1f5b52e608604e99a51b88c3fb697) Importer(815301076,1909f56bfc062723c751e8b465ee728b) [PhysX] Initialized MultithreadedTaskDispatcher with 4 workers.
 -> (artifact id: '00000000000000000000000000000000') in 0.003039 seconds
Import Error Code:(4)
Message: Build asset version error: assets/scripts/scenemanagercontroller.cs in SourceAssetDB has modification time of '2024-12-05T16:46:12.6373848Z' while content on disk has modification time of '2024-12-05T16:46:47.2999686Z'
  ERROR: Build asset version error: assets/scripts/scenemanagercontroller.cs in SourceAssetDB has modification time of '2024-12-05T16:46:12.6373848Z' while content on disk has modification time of '2024-12-05T16:46:47.2999686Z'
Number of updated asset objects reloaded before import = 0
Number of asset objects unloaded after import = 0
========================================================================
Received Import Request.
  Time since last request: 0.002080 seconds.
  path: Assets/Scripts/SceneManagerController.cs
  artifactKey: Guid(f8c1f5b52e608604e99a51b88c3fb697) Importer(815301076,1909f56bfc062723c751e8b465ee728b)
Start importing Assets/Scripts/SceneManagerController.cs using Guid(f8c1f5b52e608604e99a51b88c3fb697) Importer(815301076,1909f56bfc062723c751e8b465ee728b) [PhysX] Initialized MultithreadedTaskDispatcher with 4 workers.
 -> (artifact id: '00000000000000000000000000000000') in 0.005846 seconds
Import Error Code:(4)
Message: Build asset version error: assets/scripts/scenemanagercontroller.cs in SourceAssetDB has modification time of '2024-12-05T16:46:12.6373848Z' while content on disk has modification time of '2024-12-05T16:46:47.2999686Z'
  ERROR: Build asset version error: assets/scripts/scenemanagercontroller.cs in SourceAssetDB has modification time of '2024-12-05T16:46:12.6373848Z' while content on disk has modification time of '2024-12-05T16:46:47.2999686Z'
Number of updated asset objects reloaded before import = 0
Number of asset objects unloaded after import = 0
========================================================================
Received Import Request.
  Time since last request: 0.013023 seconds.
  path: Assets/Scripts/SceneManagerController.cs
  artifactKey: Guid(f8c1f5b52e608604e99a51b88c3fb697) Importer(815301076,1909f56bfc062723c751e8b465ee728b)
Start importing Assets/Scripts/SceneManagerController.cs using Guid(f8c1f5b52e608604e99a51b88c3fb697) Importer(815301076,1909f56bfc062723c751e8b465ee728b) [PhysX] Initialized MultithreadedTaskDispatcher with 4 workers.
 -> (artifact id: '00000000000000000000000000000000') in 0.004529 seconds
Import Error Code:(4)
Message: Build asset version error: assets/scripts/scenemanagercontroller.cs in SourceAssetDB has modification time of '2024-12-05T16:46:12.6373848Z' while content on disk has modification time of '2024-12-05T16:46:47.2999686Z'
  ERROR: Build asset version error: assets/scripts/scenemanagercontroller.cs in SourceAssetDB has modification time of '2024-12-05T16:46:12.6373848Z' while content on disk has modification time of '2024-12-05T16:46:47.2999686Z'
Number of updated asset objects reloaded before import = 0
Number of asset objects unloaded after import = 0
========================================================================
Received Import Request.
  Time since last request: 0.014914 seconds.
  path: Assets/Scripts/SceneManagerController.cs
  artifactKey: Guid(f8c1f5b52e608604e99a51b88c3fb697) Importer(815301076,1909f56bfc062723c751e8b465ee728b)
Start importing Assets/Scripts/SceneManagerController.cs using Guid(f8c1f5b52e608604e99a51b88c3fb697) Importer(815301076,1909f56bfc062723c751e8b465ee728b) [PhysX] Initialized MultithreadedTaskDispatcher with 4 workers.
 -> (artifact id: '00000000000000000000000000000000') in 0.004172 seconds
Import Error Code:(4)
Message: Build asset version error: assets/scripts/scenemanagercontroller.cs in SourceAssetDB has modification time of '2024-12-05T16:46:12.6373848Z' while content on disk has modification time of '2024-12-05T16:46:47.2999686Z'
  ERROR: Build asset version error: assets/scripts/scenemanagercontroller.cs in SourceAssetDB has modification time of '2024-12-05T16:46:12.6373848Z' while content on disk has modification time of '2024-12-05T16:46:47.2999686Z'
Number of updated asset objects reloaded before import = 0
Number of asset objects unloaded after import = 0
========================================================================
Received Import Request.
  Time since last request: 0.013591 seconds.
  path: Assets/Scripts/SceneManagerController.cs
  artifactKey: Guid(f8c1f5b52e608604e99a51b88c3fb697) Importer(815301076,1909f56bfc062723c751e8b465ee728b)
Start importing Assets/Scripts/SceneManagerController.cs using Guid(f8c1f5b52e608604e99a51b88c3fb697) Importer(815301076,1909f56bfc062723c751e8b465ee728b) [PhysX] Initialized MultithreadedTaskDispatcher with 4 workers.
 -> (artifact id: '00000000000000000000000000000000') in 0.005284 seconds
Import Error Code:(4)
Message: Build asset version error: assets/scripts/scenemanagercontroller.cs in SourceAssetDB has modification time of '2024-12-05T16:46:12.6373848Z' while content on disk has modification time of '2024-12-05T16:46:47.2999686Z'
  ERROR: Build asset version error: assets/scripts/scenemanagercontroller.cs in SourceAssetDB has modification time of '2024-12-05T16:46:12.6373848Z' while content on disk has modification time of '2024-12-05T16:46:47.2999686Z'
Number of updated asset objects reloaded before import = 0
Number of asset objects unloaded after import = 0
========================================================================
Received Import Request.
  Time since last request: 0.066389 seconds.
  path: Assets/Scripts/SceneManagerController.cs
  artifactKey: Guid(f8c1f5b52e608604e99a51b88c3fb697) Importer(815301076,1909f56bfc062723c751e8b465ee728b)
Start importing Assets/Scripts/SceneManagerController.cs using Guid(f8c1f5b52e608604e99a51b88c3fb697) Importer(815301076,1909f56bfc062723c751e8b465ee728b) [PhysX] Initialized MultithreadedTaskDispatcher with 4 workers.
 -> (artifact id: '00000000000000000000000000000000') in 0.001470 seconds
Import Error Code:(4)
Message: Build asset version error: assets/scripts/scenemanagercontroller.cs in SourceAssetDB has modification time of '2024-12-05T16:46:12.6373848Z' while content on disk has modification time of '2024-12-05T16:46:47.2999686Z'
  ERROR: Build asset version error: assets/scripts/scenemanagercontroller.cs in SourceAssetDB has modification time of '2024-12-05T16:46:12.6373848Z' while content on disk has modification time of '2024-12-05T16:46:47.2999686Z'
Number of updated asset objects reloaded before import = 0
Number of asset objects unloaded after import = 0
========================================================================
Received Import Request.
  Time since last request: 0.023992 seconds.
  path: Assets/Scripts/SceneManagerController.cs
  artifactKey: Guid(f8c1f5b52e608604e99a51b88c3fb697) Importer(815301076,1909f56bfc062723c751e8b465ee728b)
Start importing Assets/Scripts/SceneManagerController.cs using Guid(f8c1f5b52e608604e99a51b88c3fb697) Importer(815301076,1909f56bfc062723c751e8b465ee728b) [PhysX] Initialized MultithreadedTaskDispatcher with 4 workers.
 -> (artifact id: '00000000000000000000000000000000') in 0.002418 seconds
Import Error Code:(4)
Message: Build asset version error: assets/scripts/scenemanagercontroller.cs in SourceAssetDB has modification time of '2024-12-05T16:46:12.6373848Z' while content on disk has modification time of '2024-12-05T16:46:47.2999686Z'
  ERROR: Build asset version error: assets/scripts/scenemanagercontroller.cs in SourceAssetDB has modification time of '2024-12-05T16:46:12.6373848Z' while content on disk has modification time of '2024-12-05T16:46:47.2999686Z'
Number of updated asset objects reloaded before import = 0
Number of asset objects unloaded after import = 0
========================================================================
Received Import Request.
  Time since last request: 0.024886 seconds.
  path: Assets/Scripts/SceneManagerController.cs
  artifactKey: Guid(f8c1f5b52e608604e99a51b88c3fb697) Importer(815301076,1909f56bfc062723c751e8b465ee728b)
Start importing Assets/Scripts/SceneManagerController.cs using Guid(f8c1f5b52e608604e99a51b88c3fb697) Importer(815301076,1909f56bfc062723c751e8b465ee728b) [PhysX] Initialized MultithreadedTaskDispatcher with 4 workers.
 -> (artifact id: '00000000000000000000000000000000') in 0.003045 seconds
Import Error Code:(4)
Message: Build asset version error: assets/scripts/scenemanagercontroller.cs in SourceAssetDB has modification time of '2024-12-05T16:46:12.6373848Z' while content on disk has modification time of '2024-12-05T16:46:47.2999686Z'
  ERROR: Build asset version error: assets/scripts/scenemanagercontroller.cs in SourceAssetDB has modification time of '2024-12-05T16:46:12.6373848Z' while content on disk has modification time of '2024-12-05T16:46:47.2999686Z'
Number of updated asset objects reloaded before import = 0
Number of asset objects unloaded after import = 0
========================================================================
Received Import Request.
  Time since last request: 0.266486 seconds.
  path: Assets/Scripts/SceneManagerController.cs
  artifactKey: Guid(f8c1f5b52e608604e99a51b88c3fb697) Importer(815301076,1909f56bfc062723c751e8b465ee728b)
Start importing Assets/Scripts/SceneManagerController.cs using Guid(f8c1f5b52e608604e99a51b88c3fb697) Importer(815301076,1909f56bfc062723c751e8b465ee728b) [PhysX] Initialized MultithreadedTaskDispatcher with 4 workers.
 -> (artifact id: '00000000000000000000000000000000') in 0.002453 seconds
Import Error Code:(4)
Message: Build asset version error: assets/scripts/scenemanagercontroller.cs in SourceAssetDB has modification time of '2024-12-05T16:46:12.6373848Z' while content on disk has modification time of '2024-12-05T16:46:47.2999686Z'
  ERROR: Build asset version error: assets/scripts/scenemanagercontroller.cs in SourceAssetDB has modification time of '2024-12-05T16:46:12.6373848Z' while content on disk has modification time of '2024-12-05T16:46:47.2999686Z'
Number of updated asset objects reloaded before import = 0
Number of asset objects unloaded after import = 0
========================================================================
Received Import Request.
  Time since last request: 0.003567 seconds.
  path: Assets/Scripts/SceneManagerController.cs
  artifactKey: Guid(f8c1f5b52e608604e99a51b88c3fb697) Importer(815301076,1909f56bfc062723c751e8b465ee728b)
Start importing Assets/Scripts/SceneManagerController.cs using Guid(f8c1f5b52e608604e99a51b88c3fb697) Importer(815301076,1909f56bfc062723c751e8b465ee728b) [PhysX] Initialized MultithreadedTaskDispatcher with 4 workers.
 -> (artifact id: '00000000000000000000000000000000') in 0.007031 seconds
Import Error Code:(4)
Message: Build asset version error: assets/scripts/scenemanagercontroller.cs in SourceAssetDB has modification time of '2024-12-05T16:46:12.6373848Z' while content on disk has modification time of '2024-12-05T16:46:47.2999686Z'
  ERROR: Build asset version error: assets/scripts/scenemanagercontroller.cs in SourceAssetDB has modification time of '2024-12-05T16:46:12.6373848Z' while content on disk has modification time of '2024-12-05T16:46:47.2999686Z'
Number of updated asset objects reloaded before import = 0
Number of asset objects unloaded after import = 0
========================================================================
Received Import Request.
  Time since last request: 0.012099 seconds.
  path: Assets/Scripts/SceneManagerController.cs
  artifactKey: Guid(f8c1f5b52e608604e99a51b88c3fb697) Importer(815301076,1909f56bfc062723c751e8b465ee728b)
Start importing Assets/Scripts/SceneManagerController.cs using Guid(f8c1f5b52e608604e99a51b88c3fb697) Importer(815301076,1909f56bfc062723c751e8b465ee728b) [PhysX] Initialized MultithreadedTaskDispatcher with 4 workers.
 -> (artifact id: '00000000000000000000000000000000') in 0.003825 seconds
Import Error Code:(4)
Message: Build asset version error: assets/scripts/scenemanagercontroller.cs in SourceAssetDB has modification time of '2024-12-05T16:46:12.6373848Z' while content on disk has modification time of '2024-12-05T16:46:47.2999686Z'
  ERROR: Build asset version error: assets/scripts/scenemanagercontroller.cs in SourceAssetDB has modification time of '2024-12-05T16:46:12.6373848Z' while content on disk has modification time of '2024-12-05T16:46:47.2999686Z'
Number of updated asset objects reloaded before import = 0
Number of asset objects unloaded after import = 0
========================================================================
Received Import Request.
  Time since last request: 0.018883 seconds.
  path: Assets/Scripts/SceneManagerController.cs
  artifactKey: Guid(f8c1f5b52e608604e99a51b88c3fb697) Importer(815301076,1909f56bfc062723c751e8b465ee728b)
Start importing Assets/Scripts/SceneManagerController.cs using Guid(f8c1f5b52e608604e99a51b88c3fb697) Importer(815301076,1909f56bfc062723c751e8b465ee728b) [PhysX] Initialized MultithreadedTaskDispatcher with 4 workers.
 -> (artifact id: '00000000000000000000000000000000') in 0.006227 seconds
Import Error Code:(4)
Message: Build asset version error: assets/scripts/scenemanagercontroller.cs in SourceAssetDB has modification time of '2024-12-05T16:46:12.6373848Z' while content on disk has modification time of '2024-12-05T16:46:47.2999686Z'
  ERROR: Build asset version error: assets/scripts/scenemanagercontroller.cs in SourceAssetDB has modification time of '2024-12-05T16:46:12.6373848Z' while content on disk has modification time of '2024-12-05T16:46:47.2999686Z'
Number of updated asset objects reloaded before import = 0
Number of asset objects unloaded after import = 0
========================================================================
Received Import Request.
  Time since last request: 0.015660 seconds.
  path: Assets/Scripts/SceneManagerController.cs
  artifactKey: Guid(f8c1f5b52e608604e99a51b88c3fb697) Importer(815301076,1909f56bfc062723c751e8b465ee728b)
Start importing Assets/Scripts/SceneManagerController.cs using Guid(f8c1f5b52e608604e99a51b88c3fb697) Importer(815301076,1909f56bfc062723c751e8b465ee728b) [PhysX] Initialized MultithreadedTaskDispatcher with 4 workers.
 -> (artifact id: '00000000000000000000000000000000') in 0.003118 seconds
Import Error Code:(4)
Message: Build asset version error: assets/scripts/scenemanagercontroller.cs in SourceAssetDB has modification time of '2024-12-05T16:46:12.6373848Z' while content on disk has modification time of '2024-12-05T16:46:47.2999686Z'
  ERROR: Build asset version error: assets/scripts/scenemanagercontroller.cs in SourceAssetDB has modification time of '2024-12-05T16:46:12.6373848Z' while content on disk has modification time of '2024-12-05T16:46:47.2999686Z'
Number of updated asset objects reloaded before import = 0
Number of asset objects unloaded after import = 0
========================================================================
Received Import Request.
  Time since last request: 0.016232 seconds.
  path: Assets/Scripts/SceneManagerController.cs
  artifactKey: Guid(f8c1f5b52e608604e99a51b88c3fb697) Importer(815301076,1909f56bfc062723c751e8b465ee728b)
Start importing Assets/Scripts/SceneManagerController.cs using Guid(f8c1f5b52e608604e99a51b88c3fb697) Importer(815301076,1909f56bfc062723c751e8b465ee728b) [PhysX] Initialized MultithreadedTaskDispatcher with 4 workers.
 -> (artifact id: '00000000000000000000000000000000') in 0.020990 seconds
Import Error Code:(4)
Message: Build asset version error: assets/scripts/scenemanagercontroller.cs in SourceAssetDB has modification time of '2024-12-05T16:46:12.6373848Z' while content on disk has modification time of '2024-12-05T16:46:47.2999686Z'
  ERROR: Build asset version error: assets/scripts/scenemanagercontroller.cs in SourceAssetDB has modification time of '2024-12-05T16:46:12.6373848Z' while content on disk has modification time of '2024-12-05T16:46:47.2999686Z'
Number of updated asset objects reloaded before import = 0
Number of asset objects unloaded after import = 0
========================================================================
Received Import Request.
  Time since last request: 0.000052 seconds.
  path: Assets/Scripts/SceneManagerController.cs
  artifactKey: Guid(f8c1f5b52e608604e99a51b88c3fb697) Importer(815301076,1909f56bfc062723c751e8b465ee728b)
Start importing Assets/Scripts/SceneManagerController.cs using Guid(f8c1f5b52e608604e99a51b88c3fb697) Importer(815301076,1909f56bfc062723c751e8b465ee728b) [PhysX] Initialized MultithreadedTaskDispatcher with 4 workers.
 -> (artifact id: '00000000000000000000000000000000') in 0.021551 seconds
Import Error Code:(4)
Message: Build asset version error: assets/scripts/scenemanagercontroller.cs in SourceAssetDB has modification time of '2024-12-05T16:46:12.6373848Z' while content on disk has modification time of '2024-12-05T16:46:47.2999686Z'
  ERROR: Build asset version error: assets/scripts/scenemanagercontroller.cs in SourceAssetDB has modification time of '2024-12-05T16:46:12.6373848Z' while content on disk has modification time of '2024-12-05T16:46:47.2999686Z'
Number of updated asset objects reloaded before import = 0
Number of asset objects unloaded after import = 0
========================================================================
Received Import Request.
  Time since last request: 0.002286 seconds.
  path: Assets/Scripts/SceneManagerController.cs
  artifactKey: Guid(f8c1f5b52e608604e99a51b88c3fb697) Importer(815301076,1909f56bfc062723c751e8b465ee728b)
Start importing Assets/Scripts/SceneManagerController.cs using Guid(f8c1f5b52e608604e99a51b88c3fb697) Importer(815301076,1909f56bfc062723c751e8b465ee728b) [PhysX] Initialized MultithreadedTaskDispatcher with 4 workers.
 -> (artifact id: '00000000000000000000000000000000') in 0.002762 seconds
Import Error Code:(4)
Message: Build asset version error: assets/scripts/scenemanagercontroller.cs in SourceAssetDB has modification time of '2024-12-05T16:46:12.6373848Z' while content on disk has modification time of '2024-12-05T16:46:47.2999686Z'
  ERROR: Build asset version error: assets/scripts/scenemanagercontroller.cs in SourceAssetDB has modification time of '2024-12-05T16:46:12.6373848Z' while content on disk has modification time of '2024-12-05T16:46:47.2999686Z'
Number of updated asset objects reloaded before import = 0
Number of asset objects unloaded after import = 0
========================================================================
Received Import Request.
  Time since last request: 0.014791 seconds.
  path: Assets/Scripts/SceneManagerController.cs
  artifactKey: Guid(f8c1f5b52e608604e99a51b88c3fb697) Importer(815301076,1909f56bfc062723c751e8b465ee728b)
Start importing Assets/Scripts/SceneManagerController.cs using Guid(f8c1f5b52e608604e99a51b88c3fb697) Importer(815301076,1909f56bfc062723c751e8b465ee728b) [PhysX] Initialized MultithreadedTaskDispatcher with 4 workers.
 -> (artifact id: '00000000000000000000000000000000') in 0.001277 seconds
Import Error Code:(4)
Message: Build asset version error: assets/scripts/scenemanagercontroller.cs in SourceAssetDB has modification time of '2024-12-05T16:46:12.6373848Z' while content on disk has modification time of '2024-12-05T16:46:47.2999686Z'
  ERROR: Build asset version error: assets/scripts/scenemanagercontroller.cs in SourceAssetDB has modification time of '2024-12-05T16:46:12.6373848Z' while content on disk has modification time of '2024-12-05T16:46:47.2999686Z'
Number of updated asset objects reloaded before import = 0
Number of asset objects unloaded after import = 0
========================================================================
Received Import Request.
  Time since last request: 0.021294 seconds.
  path: Assets/Scripts/SceneManagerController.cs
  artifactKey: Guid(f8c1f5b52e608604e99a51b88c3fb697) Importer(815301076,1909f56bfc062723c751e8b465ee728b)
Start importing Assets/Scripts/SceneManagerController.cs using Guid(f8c1f5b52e608604e99a51b88c3fb697) Importer(815301076,1909f56bfc062723c751e8b465ee728b) [PhysX] Initialized MultithreadedTaskDispatcher with 4 workers.
 -> (artifact id: '00000000000000000000000000000000') in 0.001315 seconds
Import Error Code:(4)
Message: Build asset version error: assets/scripts/scenemanagercontroller.cs in SourceAssetDB has modification time of '2024-12-05T16:46:12.6373848Z' while content on disk has modification time of '2024-12-05T16:46:47.2999686Z'
  ERROR: Build asset version error: assets/scripts/scenemanagercontroller.cs in SourceAssetDB has modification time of '2024-12-05T16:46:12.6373848Z' while content on disk has modification time of '2024-12-05T16:46:47.2999686Z'
Number of updated asset objects reloaded before import = 0
Number of asset objects unloaded after import = 0
========================================================================
Received Import Request.
  Time since last request: 0.017486 seconds.
  path: Assets/Scripts/SceneManagerController.cs
  artifactKey: Guid(f8c1f5b52e608604e99a51b88c3fb697) Importer(815301076,1909f56bfc062723c751e8b465ee728b)
Start importing Assets/Scripts/SceneManagerController.cs using Guid(f8c1f5b52e608604e99a51b88c3fb697) Importer(815301076,1909f56bfc062723c751e8b465ee728b) [PhysX] Initialized MultithreadedTaskDispatcher with 4 workers.
 -> (artifact id: '00000000000000000000000000000000') in 0.001106 seconds
Import Error Code:(4)
Message: Build asset version error: assets/scripts/scenemanagercontroller.cs in SourceAssetDB has modification time of '2024-12-05T16:46:12.6373848Z' while content on disk has modification time of '2024-12-05T16:46:47.2999686Z'
  ERROR: Build asset version error: assets/scripts/scenemanagercontroller.cs in SourceAssetDB has modification time of '2024-12-05T16:46:12.6373848Z' while content on disk has modification time of '2024-12-05T16:46:47.2999686Z'
Number of updated asset objects reloaded before import = 0
Number of asset objects unloaded after import = 0
========================================================================
Received Import Request.
  Time since last request: 0.015421 seconds.
  path: Assets/Scripts/SceneManagerController.cs
  artifactKey: Guid(f8c1f5b52e608604e99a51b88c3fb697) Importer(815301076,1909f56bfc062723c751e8b465ee728b)
Start importing Assets/Scripts/SceneManagerController.cs using Guid(f8c1f5b52e608604e99a51b88c3fb697) Importer(815301076,1909f56bfc062723c751e8b465ee728b) [PhysX] Initialized MultithreadedTaskDispatcher with 4 workers.
 -> (artifact id: '00000000000000000000000000000000') in 0.001115 seconds
Import Error Code:(4)
Message: Build asset version error: assets/scripts/scenemanagercontroller.cs in SourceAssetDB has modification time of '2024-12-05T16:46:12.6373848Z' while content on disk has modification time of '2024-12-05T16:46:47.2999686Z'
  ERROR: Build asset version error: assets/scripts/scenemanagercontroller.cs in SourceAssetDB has modification time of '2024-12-05T16:46:12.6373848Z' while content on disk has modification time of '2024-12-05T16:46:47.2999686Z'
Number of updated asset objects reloaded before import = 0
Number of asset objects unloaded after import = 0
========================================================================
Received Import Request.
  Time since last request: 0.018930 seconds.
  path: Assets/Scripts/SceneManagerController.cs
  artifactKey: Guid(f8c1f5b52e608604e99a51b88c3fb697) Importer(815301076,1909f56bfc062723c751e8b465ee728b)
Start importing Assets/Scripts/SceneManagerController.cs using Guid(f8c1f5b52e608604e99a51b88c3fb697) Importer(815301076,1909f56bfc062723c751e8b465ee728b) [PhysX] Initialized MultithreadedTaskDispatcher with 4 workers.
 -> (artifact id: '00000000000000000000000000000000') in 0.002539 seconds
Import Error Code:(4)
Message: Build asset version error: assets/scripts/scenemanagercontroller.cs in SourceAssetDB has modification time of '2024-12-05T16:46:12.6373848Z' while content on disk has modification time of '2024-12-05T16:46:47.2999686Z'
  ERROR: Build asset version error: assets/scripts/scenemanagercontroller.cs in SourceAssetDB has modification time of '2024-12-05T16:46:12.6373848Z' while content on disk has modification time of '2024-12-05T16:46:47.2999686Z'
Number of updated asset objects reloaded before import = 0
Number of asset objects unloaded after import = 0
========================================================================
Received Import Request.
  Time since last request: 0.002385 seconds.
  path: Assets/Scripts/SceneManagerController.cs
  artifactKey: Guid(f8c1f5b52e608604e99a51b88c3fb697) Importer(815301076,1909f56bfc062723c751e8b465ee728b)
Start importing Assets/Scripts/SceneManagerController.cs using Guid(f8c1f5b52e608604e99a51b88c3fb697) Importer(815301076,1909f56bfc062723c751e8b465ee728b) [PhysX] Initialized MultithreadedTaskDispatcher with 4 workers.
 -> (artifact id: '00000000000000000000000000000000') in 0.002523 seconds
Import Error Code:(4)
Message: Build asset version error: assets/scripts/scenemanagercontroller.cs in SourceAssetDB has modification time of '2024-12-05T16:46:12.6373848Z' while content on disk has modification time of '2024-12-05T16:46:47.2999686Z'
  ERROR: Build asset version error: assets/scripts/scenemanagercontroller.cs in SourceAssetDB has modification time of '2024-12-05T16:46:12.6373848Z' while content on disk has modification time of '2024-12-05T16:46:47.2999686Z'
Number of updated asset objects reloaded before import = 0
Number of asset objects unloaded after import = 0
========================================================================
Received Import Request.
  Time since last request: 0.016520 seconds.
  path: Assets/Scripts/SceneManagerController.cs
  artifactKey: Guid(f8c1f5b52e608604e99a51b88c3fb697) Importer(815301076,1909f56bfc062723c751e8b465ee728b)
Start importing Assets/Scripts/SceneManagerController.cs using Guid(f8c1f5b52e608604e99a51b88c3fb697) Importer(815301076,1909f56bfc062723c751e8b465ee728b) [PhysX] Initialized MultithreadedTaskDispatcher with 4 workers.
 -> (artifact id: '00000000000000000000000000000000') in 0.002387 seconds
Import Error Code:(4)
Message: Build asset version error: assets/scripts/scenemanagercontroller.cs in SourceAssetDB has modification time of '2024-12-05T16:46:12.6373848Z' while content on disk has modification time of '2024-12-05T16:46:47.2999686Z'
  ERROR: Build asset version error: assets/scripts/scenemanagercontroller.cs in SourceAssetDB has modification time of '2024-12-05T16:46:12.6373848Z' while content on disk has modification time of '2024-12-05T16:46:47.2999686Z'
Number of updated asset objects reloaded before import = 0
Number of asset objects unloaded after import = 0
========================================================================
Received Import Request.
  Time since last request: 0.015996 seconds.
  path: Assets/Scripts/SceneManagerController.cs
  artifactKey: Guid(f8c1f5b52e608604e99a51b88c3fb697) Importer(815301076,1909f56bfc062723c751e8b465ee728b)
Start importing Assets/Scripts/SceneManagerController.cs using Guid(f8c1f5b52e608604e99a51b88c3fb697) Importer(815301076,1909f56bfc062723c751e8b465ee728b) [PhysX] Initialized MultithreadedTaskDispatcher with 4 workers.
 -> (artifact id: '00000000000000000000000000000000') in 0.004866 seconds
Import Error Code:(4)
Message: Build asset version error: assets/scripts/scenemanagercontroller.cs in SourceAssetDB has modification time of '2024-12-05T16:46:12.6373848Z' while content on disk has modification time of '2024-12-05T16:46:47.2999686Z'
  ERROR: Build asset version error: assets/scripts/scenemanagercontroller.cs in SourceAssetDB has modification time of '2024-12-05T16:46:12.6373848Z' while content on disk has modification time of '2024-12-05T16:46:47.2999686Z'
Number of updated asset objects reloaded before import = 0
Number of asset objects unloaded after import = 0
========================================================================
Received Import Request.
  Time since last request: 0.014364 seconds.
  path: Assets/Scripts/SceneManagerController.cs
  artifactKey: Guid(f8c1f5b52e608604e99a51b88c3fb697) Importer(815301076,1909f56bfc062723c751e8b465ee728b)
Start importing Assets/Scripts/SceneManagerController.cs using Guid(f8c1f5b52e608604e99a51b88c3fb697) Importer(815301076,1909f56bfc062723c751e8b465ee728b) [PhysX] Initialized MultithreadedTaskDispatcher with 4 workers.
 -> (artifact id: '00000000000000000000000000000000') in 0.002606 seconds
Import Error Code:(4)
Message: Build asset version error: assets/scripts/scenemanagercontroller.cs in SourceAssetDB has modification time of '2024-12-05T16:46:12.6373848Z' while content on disk has modification time of '2024-12-05T16:46:47.2999686Z'
  ERROR: Build asset version error: assets/scripts/scenemanagercontroller.cs in SourceAssetDB has modification time of '2024-12-05T16:46:12.6373848Z' while content on disk has modification time of '2024-12-05T16:46:47.2999686Z'
Number of updated asset objects reloaded before import = 0
Number of asset objects unloaded after import = 0
========================================================================
Received Import Request.
  Time since last request: 0.012548 seconds.
  path: Assets/Scripts/SceneManagerController.cs
  artifactKey: Guid(f8c1f5b52e608604e99a51b88c3fb697) Importer(815301076,1909f56bfc062723c751e8b465ee728b)
Start importing Assets/Scripts/SceneManagerController.cs using Guid(f8c1f5b52e608604e99a51b88c3fb697) Importer(815301076,1909f56bfc062723c751e8b465ee728b) [PhysX] Initialized MultithreadedTaskDispatcher with 4 workers.
 -> (artifact id: '00000000000000000000000000000000') in 0.001714 seconds
Import Error Code:(4)
Message: Build asset version error: assets/scripts/scenemanagercontroller.cs in SourceAssetDB has modification time of '2024-12-05T16:46:12.6373848Z' while content on disk has modification time of '2024-12-05T16:46:47.2999686Z'
  ERROR: Build asset version error: assets/scripts/scenemanagercontroller.cs in SourceAssetDB has modification time of '2024-12-05T16:46:12.6373848Z' while content on disk has modification time of '2024-12-05T16:46:47.2999686Z'
Number of updated asset objects reloaded before import = 0
Number of asset objects unloaded after import = 0
========================================================================
Received Import Request.
  Time since last request: 0.015567 seconds.
  path: Assets/Scripts/SceneManagerController.cs
  artifactKey: Guid(f8c1f5b52e608604e99a51b88c3fb697) Importer(815301076,1909f56bfc062723c751e8b465ee728b)
Start importing Assets/Scripts/SceneManagerController.cs using Guid(f8c1f5b52e608604e99a51b88c3fb697) Importer(815301076,1909f56bfc062723c751e8b465ee728b) [PhysX] Initialized MultithreadedTaskDispatcher with 4 workers.
 -> (artifact id: '00000000000000000000000000000000') in 0.003252 seconds
Import Error Code:(4)
Message: Build asset version error: assets/scripts/scenemanagercontroller.cs in SourceAssetDB has modification time of '2024-12-05T16:46:12.6373848Z' while content on disk has modification time of '2024-12-05T16:46:47.2999686Z'
  ERROR: Build asset version error: assets/scripts/scenemanagercontroller.cs in SourceAssetDB has modification time of '2024-12-05T16:46:12.6373848Z' while content on disk has modification time of '2024-12-05T16:46:47.2999686Z'
Number of updated asset objects reloaded before import = 0
Number of asset objects unloaded after import = 0
========================================================================
Received Import Request.
  Time since last request: 0.014204 seconds.
  path: Assets/Scripts/SceneManagerController.cs
  artifactKey: Guid(f8c1f5b52e608604e99a51b88c3fb697) Importer(815301076,1909f56bfc062723c751e8b465ee728b)
Start importing Assets/Scripts/SceneManagerController.cs using Guid(f8c1f5b52e608604e99a51b88c3fb697) Importer(815301076,1909f56bfc062723c751e8b465ee728b) [PhysX] Initialized MultithreadedTaskDispatcher with 4 workers.
 -> (artifact id: '00000000000000000000000000000000') in 0.001228 seconds
Import Error Code:(4)
Message: Build asset version error: assets/scripts/scenemanagercontroller.cs in SourceAssetDB has modification time of '2024-12-05T16:46:12.6373848Z' while content on disk has modification time of '2024-12-05T16:46:47.2999686Z'
  ERROR: Build asset version error: assets/scripts/scenemanagercontroller.cs in SourceAssetDB has modification time of '2024-12-05T16:46:12.6373848Z' while content on disk has modification time of '2024-12-05T16:46:47.2999686Z'
Number of updated asset objects reloaded before import = 0
Number of asset objects unloaded after import = 0
========================================================================
Received Import Request.
  Time since last request: 0.015949 seconds.
  path: Assets/Scripts/SceneManagerController.cs
  artifactKey: Guid(f8c1f5b52e608604e99a51b88c3fb697) Importer(815301076,1909f56bfc062723c751e8b465ee728b)
Start importing Assets/Scripts/SceneManagerController.cs using Guid(f8c1f5b52e608604e99a51b88c3fb697) Importer(815301076,1909f56bfc062723c751e8b465ee728b) [PhysX] Initialized MultithreadedTaskDispatcher with 4 workers.
 -> (artifact id: '00000000000000000000000000000000') in 0.001085 seconds
Import Error Code:(4)
Message: Build asset version error: assets/scripts/scenemanagercontroller.cs in SourceAssetDB has modification time of '2024-12-05T16:46:12.6373848Z' while content on disk has modification time of '2024-12-05T16:46:47.2999686Z'
  ERROR: Build asset version error: assets/scripts/scenemanagercontroller.cs in SourceAssetDB has modification time of '2024-12-05T16:46:12.6373848Z' while content on disk has modification time of '2024-12-05T16:46:47.2999686Z'
Number of updated asset objects reloaded before import = 0
Number of asset objects unloaded after import = 0
========================================================================
Received Import Request.
  Time since last request: 0.020418 seconds.
  path: Assets/Scripts/SceneManagerController.cs
  artifactKey: Guid(f8c1f5b52e608604e99a51b88c3fb697) Importer(815301076,1909f56bfc062723c751e8b465ee728b)
Start importing Assets/Scripts/SceneManagerController.cs using Guid(f8c1f5b52e608604e99a51b88c3fb697) Importer(815301076,1909f56bfc062723c751e8b465ee728b) [PhysX] Initialized MultithreadedTaskDispatcher with 4 workers.
 -> (artifact id: '00000000000000000000000000000000') in 0.001228 seconds
Import Error Code:(4)
Message: Build asset version error: assets/scripts/scenemanagercontroller.cs in SourceAssetDB has modification time of '2024-12-05T16:46:12.6373848Z' while content on disk has modification time of '2024-12-05T16:46:47.2999686Z'
  ERROR: Build asset version error: assets/scripts/scenemanagercontroller.cs in SourceAssetDB has modification time of '2024-12-05T16:46:12.6373848Z' while content on disk has modification time of '2024-12-05T16:46:47.2999686Z'
Number of updated asset objects reloaded before import = 0
Number of asset objects unloaded after import = 0
========================================================================
Received Import Request.
  Time since last request: 0.018372 seconds.
  path: Assets/Scripts/SceneManagerController.cs
  artifactKey: Guid(f8c1f5b52e608604e99a51b88c3fb697) Importer(815301076,1909f56bfc062723c751e8b465ee728b)
Start importing Assets/Scripts/SceneManagerController.cs using Guid(f8c1f5b52e608604e99a51b88c3fb697) Importer(815301076,1909f56bfc062723c751e8b465ee728b) [PhysX] Initialized MultithreadedTaskDispatcher with 4 workers.
 -> (artifact id: '00000000000000000000000000000000') in 0.001034 seconds
Import Error Code:(4)
Message: Build asset version error: assets/scripts/scenemanagercontroller.cs in SourceAssetDB has modification time of '2024-12-05T16:46:12.6373848Z' while content on disk has modification time of '2024-12-05T16:46:47.2999686Z'
  ERROR: Build asset version error: assets/scripts/scenemanagercontroller.cs in SourceAssetDB has modification time of '2024-12-05T16:46:12.6373848Z' while content on disk has modification time of '2024-12-05T16:46:47.2999686Z'
Number of updated asset objects reloaded before import = 0
Number of asset objects unloaded after import = 0
========================================================================
Received Import Request.
  Time since last request: 0.015819 seconds.
  path: Assets/Scripts/SceneManagerController.cs
  artifactKey: Guid(f8c1f5b52e608604e99a51b88c3fb697) Importer(815301076,1909f56bfc062723c751e8b465ee728b)
Start importing Assets/Scripts/SceneManagerController.cs using Guid(f8c1f5b52e608604e99a51b88c3fb697) Importer(815301076,1909f56bfc062723c751e8b465ee728b) [PhysX] Initialized MultithreadedTaskDispatcher with 4 workers.
 -> (artifact id: '00000000000000000000000000000000') in 0.001029 seconds
Import Error Code:(4)
Message: Build asset version error: assets/scripts/scenemanagercontroller.cs in SourceAssetDB has modification time of '2024-12-05T16:46:12.6373848Z' while content on disk has modification time of '2024-12-05T16:46:47.2999686Z'
  ERROR: Build asset version error: assets/scripts/scenemanagercontroller.cs in SourceAssetDB has modification time of '2024-12-05T16:46:12.6373848Z' while content on disk has modification time of '2024-12-05T16:46:47.2999686Z'
Number of updated asset objects reloaded before import = 0
Number of asset objects unloaded after import = 0
========================================================================
Received Import Request.
  Time since last request: 0.015964 seconds.
  path: Assets/Scripts/SceneManagerController.cs
  artifactKey: Guid(f8c1f5b52e608604e99a51b88c3fb697) Importer(815301076,1909f56bfc062723c751e8b465ee728b)
Start importing Assets/Scripts/SceneManagerController.cs using Guid(f8c1f5b52e608604e99a51b88c3fb697) Importer(815301076,1909f56bfc062723c751e8b465ee728b) [PhysX] Initialized MultithreadedTaskDispatcher with 4 workers.
 -> (artifact id: '00000000000000000000000000000000') in 0.001255 seconds
Import Error Code:(4)
Message: Build asset version error: assets/scripts/scenemanagercontroller.cs in SourceAssetDB has modification time of '2024-12-05T16:46:12.6373848Z' while content on disk has modification time of '2024-12-05T16:46:47.2999686Z'
  ERROR: Build asset version error: assets/scripts/scenemanagercontroller.cs in SourceAssetDB has modification time of '2024-12-05T16:46:12.6373848Z' while content on disk has modification time of '2024-12-05T16:46:47.2999686Z'
Number of updated asset objects reloaded before import = 0
Number of asset objects unloaded after import = 0
========================================================================
Received Import Request.
  Time since last request: 0.016823 seconds.
  path: Assets/Scripts/SceneManagerController.cs
  artifactKey: Guid(f8c1f5b52e608604e99a51b88c3fb697) Importer(815301076,1909f56bfc062723c751e8b465ee728b)
Start importing Assets/Scripts/SceneManagerController.cs using Guid(f8c1f5b52e608604e99a51b88c3fb697) Importer(815301076,1909f56bfc062723c751e8b465ee728b) [PhysX] Initialized MultithreadedTaskDispatcher with 4 workers.
 -> (artifact id: '00000000000000000000000000000000') in 0.001420 seconds
Import Error Code:(4)
Message: Build asset version error: assets/scripts/scenemanagercontroller.cs in SourceAssetDB has modification time of '2024-12-05T16:46:12.6373848Z' while content on disk has modification time of '2024-12-05T16:46:47.2999686Z'
  ERROR: Build asset version error: assets/scripts/scenemanagercontroller.cs in SourceAssetDB has modification time of '2024-12-05T16:46:12.6373848Z' while content on disk has modification time of '2024-12-05T16:46:47.2999686Z'
Number of updated asset objects reloaded before import = 0
Number of asset objects unloaded after import = 0
========================================================================
Received Import Request.
  Time since last request: 0.018232 seconds.
  path: Assets/Scripts/SceneManagerController.cs
  artifactKey: Guid(f8c1f5b52e608604e99a51b88c3fb697) Importer(815301076,1909f56bfc062723c751e8b465ee728b)
Start importing Assets/Scripts/SceneManagerController.cs using Guid(f8c1f5b52e608604e99a51b88c3fb697) Importer(815301076,1909f56bfc062723c751e8b465ee728b) [PhysX] Initialized MultithreadedTaskDispatcher with 4 workers.
 -> (artifact id: '00000000000000000000000000000000') in 0.001259 seconds
Import Error Code:(4)
Message: Build asset version error: assets/scripts/scenemanagercontroller.cs in SourceAssetDB has modification time of '2024-12-05T16:46:12.6373848Z' while content on disk has modification time of '2024-12-05T16:46:47.2999686Z'
  ERROR: Build asset version error: assets/scripts/scenemanagercontroller.cs in SourceAssetDB has modification time of '2024-12-05T16:46:12.6373848Z' while content on disk has modification time of '2024-12-05T16:46:47.2999686Z'
Number of updated asset objects reloaded before import = 0
Number of asset objects unloaded after import = 0
========================================================================
Received Prepare
Caller must complete domain reload
Begin MonoManager ReloadAssembly
- Loaded All Assemblies, in  3.155 seconds
Native extension for WindowsStandalone target not found
Native extension for Android target not found
Mono: successfully reloaded assembly
- Finished resetting the current domain, in  4.507 seconds
Domain Reload Profiling: 7606ms
	BeginReloadAssembly (672ms)
		ExecutionOrderSort (0ms)
		DisableScriptedObjects (38ms)
		BackupInstance (0ms)
		ReleaseScriptingObjects (0ms)
		CreateAndSetChildDomain (97ms)
	RebuildCommonClasses (154ms)
	RebuildNativeTypeToScriptingClass (61ms)
	initialDomainReloadingComplete (251ms)
	LoadAllAssembliesAndSetupDomain (1961ms)
		LoadAssemblies (2341ms)
		RebuildTransferFunctionScriptingTraits (0ms)
		AnalyzeDomain (71ms)
			TypeCache.Refresh (24ms)
				TypeCache.ScanAssembly (1ms)
			ScanForSourceGeneratedMonoScriptInfo (27ms)
			ResolveRequiredComponents (18ms)
	FinalizeReload (4508ms)
		ReleaseScriptCaches (0ms)
		RebuildScriptCaches (0ms)
		SetupLoadedEditorAssemblies (1469ms)
			LogAssemblyErrors (0ms)
			InitializePlatformSupportModulesInManaged (87ms)
			SetLoadedEditorAssemblies (13ms)
			RefreshPlugins (0ms)
			BeforeProcessingInitializeOnLoad (302ms)
			ProcessInitializeOnLoadAttributes (932ms)
			ProcessInitializeOnLoadMethodAttributes (84ms)
			AfterProcessingInitializeOnLoad (50ms)
			EditorAssembliesLoaded (1ms)
		ExecutionOrderSort2 (0ms)
		AwakeInstancesAfterBackupRestoration (35ms)
Refreshing native plugins compatible for Editor in 28.07 ms, found 4 plugins.
Preloading 0 native plugins for Editor in 0.00 ms.
Unloading 4034 Unused Serialized files (Serialized files now loaded: 0)
Unloading 19 unused Assets / (31.1 KB). Loaded Objects now: 4550.
Memory consumption went from 144.5 MB to 144.5 MB.
Total: 7.329600 ms (FindLiveObjects: 0.523600 ms CreateObjectMapping: 0.270700 ms MarkObjects: 6.425500 ms  DeleteObjects: 0.107600 ms)

Prepare: number of updated asset objects reloaded= 0
AssetImportParameters requested are different than current active one (requested -> active):
  custom:container-demuxer-ogg: 62fdf1f143b41e24485cea50d1cbac27 -> 
  custom:video-decoder-ogg-theora: a1e56fd34408186e4bbccfd4996cb3dc -> 
  custom:framework-win-MediaFoundation: 216162199b28c13a410421893ffa2e32 -> 
  custom:CustomObjectIndexerAttribute: 9a22284fe3817be447336de3de66b15e -> 
  custom:container-demuxer-webm: 4f35f7cbe854078d1ac9338744f61a02 -> 
  custom:scripting/monoscript/fileName/SceneManagerController.cs: 22b51003826de254ca5b81ab0f3c37e5 -> 
  custom:container-muxer-webm: aa71ff27fc2769a1b78a27578f13a17b -> 
  custom:scripting/monoscript/fileName/Choice.cs: 4bdc8d7b1484d073f03fa9182351b6cf -> 
  custom:scripting/monoscript/fileName/SceneData.cs: 5ed3fba365915d72bd9c60cc866912ef -> 550971d4148451c2b85e6e850c7350e3
  custom:video-decoder-webm-vp8: 9c59270c3fd7afecdb556c50c9e8de78 -> 
  custom:SearchIndexIgnoredProperties: e643bd26f0fe6173181afceb89e7c659 -> 
  custom:AudioImporter_EditorPlatform: d09bf68614088b80899f8185d706f6e7 -> 
  custom:video-encoder-webm-vp8: eb34c28f22e8b96e1ab97ce403110664 -> 
  custom:audio-decoder-ogg-vorbis: bf7c407c2cedff20999df2af8eb42d56 -> 
  custom:scripting/monoscript/fileName/StoryData.cs: 1644ac1a06afbcc6e9a4f64e55a461f8 -> 1636ce31733873dea4092bfffcc34135
  custom:audio-encoder-webm-vorbis: bf7c407c2cedff20999df2af8eb42d56 -> 
  custom:scripting/precompiled-assembly-types:Assembly-CSharp: 4ad51c20195d2a13d239f12f78cdca74 -> 251c352162e694e08735539cf890dc0e
========================================================================
Received Prepare
Caller must complete domain reload
Begin MonoManager ReloadAssembly
- Loaded All Assemblies, in  2.486 seconds
Native extension for WindowsStandalone target not found
Native extension for Android target not found
Mono: successfully reloaded assembly
- Finished resetting the current domain, in  4.485 seconds
Domain Reload Profiling: 6939ms
	BeginReloadAssembly (654ms)
		ExecutionOrderSort (0ms)
		DisableScriptedObjects (38ms)
		BackupInstance (0ms)
		ReleaseScriptingObjects (0ms)
		CreateAndSetChildDomain (84ms)
	RebuildCommonClasses (180ms)
	RebuildNativeTypeToScriptingClass (35ms)
	initialDomainReloadingComplete (489ms)
	LoadAllAssembliesAndSetupDomain (1097ms)
		LoadAssemblies (1415ms)
		RebuildTransferFunctionScriptingTraits (0ms)
		AnalyzeDomain (113ms)
			TypeCache.Refresh (34ms)
				TypeCache.ScanAssembly (1ms)
			ScanForSourceGeneratedMonoScriptInfo (56ms)
			ResolveRequiredComponents (21ms)
	FinalizeReload (4486ms)
		ReleaseScriptCaches (0ms)
		RebuildScriptCaches (0ms)
		SetupLoadedEditorAssemblies (1505ms)
			LogAssemblyErrors (0ms)
			InitializePlatformSupportModulesInManaged (83ms)
			SetLoadedEditorAssemblies (10ms)
			RefreshPlugins (0ms)
			BeforeProcessingInitializeOnLoad (269ms)
			ProcessInitializeOnLoadAttributes (997ms)
			ProcessInitializeOnLoadMethodAttributes (95ms)
			AfterProcessingInitializeOnLoad (49ms)
			EditorAssembliesLoaded (1ms)
		ExecutionOrderSort2 (0ms)
		AwakeInstancesAfterBackupRestoration (41ms)
Refreshing native plugins compatible for Editor in 27.58 ms, found 4 plugins.
Preloading 0 native plugins for Editor in 0.00 ms.
Unloading 4035 Unused Serialized files (Serialized files now loaded: 0)
Unloading 19 unused Assets / (31.2 KB). Loaded Objects now: 4554.
Memory consumption went from 144.8 MB to 144.8 MB.
Total: 6.456800 ms (FindLiveObjects: 0.526300 ms CreateObjectMapping: 0.247500 ms MarkObjects: 5.579600 ms  DeleteObjects: 0.101000 ms)

Prepare: number of updated asset objects reloaded= 0
AssetImportParameters requested are different than current active one (requested -> active):
  custom:container-demuxer-ogg: 62fdf1f143b41e24485cea50d1cbac27 -> 
  custom:video-decoder-ogg-theora: a1e56fd34408186e4bbccfd4996cb3dc -> 
  custom:framework-win-MediaFoundation: 216162199b28c13a410421893ffa2e32 -> 
  custom:CustomObjectIndexerAttribute: 9a22284fe3817be447336de3de66b15e -> 
  custom:container-demuxer-webm: 4f35f7cbe854078d1ac9338744f61a02 -> 
  custom:scripting/monoscript/fileName/SceneManagerController.cs: 22b51003826de254ca5b81ab0f3c37e5 -> 
  custom:container-muxer-webm: aa71ff27fc2769a1b78a27578f13a17b -> 
  custom:scripting/monoscript/fileName/Choice.cs: 4bdc8d7b1484d073f03fa9182351b6cf -> 
  custom:scripting/monoscript/fileName/SceneData.cs: 5ed3fba365915d72bd9c60cc866912ef -> 550971d4148451c2b85e6e850c7350e3
  custom:video-decoder-webm-vp8: 9c59270c3fd7afecdb556c50c9e8de78 -> 
  custom:SearchIndexIgnoredProperties: e643bd26f0fe6173181afceb89e7c659 -> 
  custom:AudioImporter_EditorPlatform: d09bf68614088b80899f8185d706f6e7 -> 
  custom:video-encoder-webm-vp8: eb34c28f22e8b96e1ab97ce403110664 -> 
  custom:audio-decoder-ogg-vorbis: bf7c407c2cedff20999df2af8eb42d56 -> 
  custom:scripting/monoscript/fileName/StoryData.cs: 1644ac1a06afbcc6e9a4f64e55a461f8 -> 1636ce31733873dea4092bfffcc34135
  custom:audio-encoder-webm-vorbis: bf7c407c2cedff20999df2af8eb42d56 -> 
  custom:scripting/precompiled-assembly-types:Assembly-CSharp: ac09e3e0e1cf38c246d54d5bd371ccb1 -> 251c352162e694e08735539cf890dc0e
========================================================================
Received Import Request.
  Time since last request: 605.620254 seconds.
  path: Assets/Story Assets/Kana Arima Story/Story - Kana Arima Cutie Story.asset
  artifactKey: Guid(981c5de36b6cce3498ecc6cd2a32f897) Importer(815301076,1909f56bfc062723c751e8b465ee728b)
Start importing Assets/Story Assets/Kana Arima Story/Story - Kana Arima Cutie Story.asset using Guid(981c5de36b6cce3498ecc6cd2a32f897) Importer(815301076,1909f56bfc062723c751e8b465ee728b) [PhysX] Initialized MultithreadedTaskDispatcher with 4 workers.
 -> (artifact id: '750b13539b9e6b0ab7d3f4f6fa917d96') in 0.050735 seconds
Number of updated asset objects reloaded before import = 0
Number of asset objects unloaded after import = 21
========================================================================
Received Prepare
Caller must complete domain reload
Begin MonoManager ReloadAssembly
- Loaded All Assemblies, in  4.775 seconds
Native extension for WindowsStandalone target not found
Native extension for Android target not found
Mono: successfully reloaded assembly
- Finished resetting the current domain, in  6.730 seconds
Domain Reload Profiling: 11445ms
	BeginReloadAssembly (1635ms)
		ExecutionOrderSort (0ms)
		DisableScriptedObjects (87ms)
		BackupInstance (0ms)
		ReleaseScriptingObjects (0ms)
		CreateAndSetChildDomain (206ms)
	RebuildCommonClasses (256ms)
	RebuildNativeTypeToScriptingClass (97ms)
	initialDomainReloadingComplete (326ms)
	LoadAllAssembliesAndSetupDomain (2399ms)
		LoadAssemblies (3503ms)
		RebuildTransferFunctionScriptingTraits (0ms)
		AnalyzeDomain (50ms)
			TypeCache.Refresh (15ms)
				TypeCache.ScanAssembly (0ms)
			ScanForSourceGeneratedMonoScriptInfo (0ms)
			ResolveRequiredComponents (30ms)
	FinalizeReload (6731ms)
		ReleaseScriptCaches (0ms)
		RebuildScriptCaches (0ms)
		SetupLoadedEditorAssemblies (1612ms)
			LogAssemblyErrors (0ms)
			InitializePlatformSupportModulesInManaged (152ms)
			SetLoadedEditorAssemblies (20ms)
			RefreshPlugins (0ms)
			BeforeProcessingInitializeOnLoad (327ms)
			ProcessInitializeOnLoadAttributes (1003ms)
			ProcessInitializeOnLoadMethodAttributes (68ms)
			AfterProcessingInitializeOnLoad (41ms)
			EditorAssembliesLoaded (1ms)
		ExecutionOrderSort2 (0ms)
		AwakeInstancesAfterBackupRestoration (32ms)
Refreshing native plugins compatible for Editor in 23.28 ms, found 4 plugins.
Preloading 0 native plugins for Editor in 0.00 ms.
Unloading 4034 Unused Serialized files (Serialized files now loaded: 0)
Unloading 19 unused Assets / (31.1 KB). Loaded Objects now: 4559.
Memory consumption went from 144.6 MB to 144.5 MB.
Total: 5.744400 ms (FindLiveObjects: 0.467500 ms CreateObjectMapping: 0.197700 ms MarkObjects: 4.941100 ms  DeleteObjects: 0.135800 ms)

Prepare: number of updated asset objects reloaded= 0
AssetImportParameters requested are different than current active one (requested -> active):
  custom:container-demuxer-ogg: 62fdf1f143b41e24485cea50d1cbac27 -> 
  custom:video-decoder-ogg-theora: a1e56fd34408186e4bbccfd4996cb3dc -> 
  custom:framework-win-MediaFoundation: 216162199b28c13a410421893ffa2e32 -> 
  custom:CustomObjectIndexerAttribute: 9a22284fe3817be447336de3de66b15e -> 
  custom:container-demuxer-webm: 4f35f7cbe854078d1ac9338744f61a02 -> 
  custom:scripting/monoscript/fileName/SceneManagerController.cs: 22b51003826de254ca5b81ab0f3c37e5 -> 
  custom:container-muxer-webm: aa71ff27fc2769a1b78a27578f13a17b -> 
  custom:scripting/monoscript/fileName/Choice.cs: 4bdc8d7b1484d073f03fa9182351b6cf -> 
  custom:scripting/monoscript/fileName/SceneData.cs: 5ed3fba365915d72bd9c60cc866912ef -> 550971d4148451c2b85e6e850c7350e3
  custom:video-decoder-webm-vp8: 9c59270c3fd7afecdb556c50c9e8de78 -> 
  custom:SearchIndexIgnoredProperties: e643bd26f0fe6173181afceb89e7c659 -> 
  custom:AudioImporter_EditorPlatform: d09bf68614088b80899f8185d706f6e7 -> 
  custom:video-encoder-webm-vp8: eb34c28f22e8b96e1ab97ce403110664 -> 
  custom:audio-decoder-ogg-vorbis: bf7c407c2cedff20999df2af8eb42d56 -> 
  custom:scripting/monoscript/fileName/StoryData.cs: 1644ac1a06afbcc6e9a4f64e55a461f8 -> 1636ce31733873dea4092bfffcc34135
  custom:audio-encoder-webm-vorbis: bf7c407c2cedff20999df2af8eb42d56 -> 
  custom:scripting/precompiled-assembly-types:Assembly-CSharp: ac09e3e0e1cf38c246d54d5bd371ccb1 -> 251c352162e694e08735539cf890dc0e
========================================================================
Received Prepare
Caller must complete domain reload
Begin MonoManager ReloadAssembly
- Loaded All Assemblies, in  3.172 seconds
Native extension for WindowsStandalone target not found
Native extension for Android target not found
Mono: successfully reloaded assembly
- Finished resetting the current domain, in  6.443 seconds
Domain Reload Profiling: 9585ms
	BeginReloadAssembly (731ms)
		ExecutionOrderSort (0ms)
		DisableScriptedObjects (138ms)
		BackupInstance (0ms)
		ReleaseScriptingObjects (0ms)
		CreateAndSetChildDomain (92ms)
	RebuildCommonClasses (125ms)
	RebuildNativeTypeToScriptingClass (36ms)
	initialDomainReloadingComplete (143ms)
	LoadAllAssembliesAndSetupDomain (2107ms)
		LoadAssemblies (2431ms)
		RebuildTransferFunctionScriptingTraits (0ms)
		AnalyzeDomain (77ms)
			TypeCache.Refresh (28ms)
				TypeCache.ScanAssembly (0ms)
			ScanForSourceGeneratedMonoScriptInfo (1ms)
			ResolveRequiredComponents (43ms)
	FinalizeReload (6444ms)
		ReleaseScriptCaches (0ms)
		RebuildScriptCaches (0ms)
		SetupLoadedEditorAssemblies (1847ms)
			LogAssemblyErrors (0ms)
			InitializePlatformSupportModulesInManaged (120ms)
			SetLoadedEditorAssemblies (12ms)
			RefreshPlugins (0ms)
			BeforeProcessingInitializeOnLoad (245ms)
			ProcessInitializeOnLoadAttributes (1005ms)
			ProcessInitializeOnLoadMethodAttributes (401ms)
			AfterProcessingInitializeOnLoad (64ms)
			EditorAssembliesLoaded (1ms)
		ExecutionOrderSort2 (0ms)
		AwakeInstancesAfterBackupRestoration (43ms)
Refreshing native plugins compatible for Editor in 22.61 ms, found 4 plugins.
Preloading 0 native plugins for Editor in 0.00 ms.
Unloading 4035 Unused Serialized files (Serialized files now loaded: 0)
Unloading 19 unused Assets / (31.2 KB). Loaded Objects now: 4563.
Memory consumption went from 144.8 MB to 144.8 MB.
Total: 6.624100 ms (FindLiveObjects: 0.503900 ms CreateObjectMapping: 0.213800 ms MarkObjects: 5.802100 ms  DeleteObjects: 0.102000 ms)

Prepare: number of updated asset objects reloaded= 0
AssetImportParameters requested are different than current active one (requested -> active):
  custom:container-demuxer-ogg: 62fdf1f143b41e24485cea50d1cbac27 -> 
  custom:video-decoder-ogg-theora: a1e56fd34408186e4bbccfd4996cb3dc -> 
  custom:framework-win-MediaFoundation: 216162199b28c13a410421893ffa2e32 -> 
  custom:CustomObjectIndexerAttribute: 9a22284fe3817be447336de3de66b15e -> 
  custom:container-demuxer-webm: 4f35f7cbe854078d1ac9338744f61a02 -> 
  custom:scripting/monoscript/fileName/SceneManagerController.cs: 22b51003826de254ca5b81ab0f3c37e5 -> 
  custom:container-muxer-webm: aa71ff27fc2769a1b78a27578f13a17b -> 
  custom:scripting/monoscript/fileName/Choice.cs: 4bdc8d7b1484d073f03fa9182351b6cf -> 
  custom:scripting/monoscript/fileName/SceneData.cs: 5ed3fba365915d72bd9c60cc866912ef -> 550971d4148451c2b85e6e850c7350e3
  custom:video-decoder-webm-vp8: 9c59270c3fd7afecdb556c50c9e8de78 -> 
  custom:SearchIndexIgnoredProperties: e643bd26f0fe6173181afceb89e7c659 -> 
  custom:AudioImporter_EditorPlatform: d09bf68614088b80899f8185d706f6e7 -> 
  custom:video-encoder-webm-vp8: eb34c28f22e8b96e1ab97ce403110664 -> 
  custom:audio-decoder-ogg-vorbis: bf7c407c2cedff20999df2af8eb42d56 -> 
  custom:scripting/monoscript/fileName/StoryData.cs: 1644ac1a06afbcc6e9a4f64e55a461f8 -> 1636ce31733873dea4092bfffcc34135
  custom:audio-encoder-webm-vorbis: bf7c407c2cedff20999df2af8eb42d56 -> 
  custom:scripting/precompiled-assembly-types:Assembly-CSharp: ac09e3e0e1cf38c246d54d5bd371ccb1 -> 251c352162e694e08735539cf890dc0e
========================================================================
Received Import Request.
  Time since last request: 174.130284 seconds.
  path: Assets/Images&Videos
  artifactKey: Guid(3b5b9306c9a1455449b95f05b1491776) Importer(815301076,1909f56bfc062723c751e8b465ee728b)
Start importing Assets/Images&Videos using Guid(3b5b9306c9a1455449b95f05b1491776) Importer(815301076,1909f56bfc062723c751e8b465ee728b) [PhysX] Initialized MultithreadedTaskDispatcher with 4 workers.
 -> (artifact id: 'bae0105815c89d14a40ceba81edbd664') in 0.004557 seconds
Number of updated asset objects reloaded before import = 0
Number of asset objects unloaded after import = 0
========================================================================
Received Import Request.
  Time since last request: 52.476230 seconds.
  path: Assets/Images&Videos/GameplayerTexture.renderTexture
  artifactKey: Guid(a85dc21f4630a6b4290457daf4bf9c08) Importer(815301076,1909f56bfc062723c751e8b465ee728b)
Start importing Assets/Images&Videos/GameplayerTexture.renderTexture using Guid(a85dc21f4630a6b4290457daf4bf9c08) Importer(815301076,1909f56bfc062723c751e8b465ee728b) [PhysX] Initialized MultithreadedTaskDispatcher with 4 workers.
[PhysX] Initialized MultithreadedTaskDispatcher with 4 workers.
 -> (artifact id: 'eaa29eff57694b89f3b08477140c3607') in 0.172693 seconds
Number of updated asset objects reloaded before import = 0
Number of asset objects unloaded after import = 2
========================================================================
Received Import Request.
  Time since last request: 92.582976 seconds.
  path: Assets/Images&Videos/GameplayerTexture.renderTexture
  artifactKey: Guid(a85dc21f4630a6b4290457daf4bf9c08) Importer(815301076,1909f56bfc062723c751e8b465ee728b)
Start importing Assets/Images&Videos/GameplayerTexture.renderTexture using Guid(a85dc21f4630a6b4290457daf4bf9c08) Importer(815301076,1909f56bfc062723c751e8b465ee728b) [PhysX] Initialized MultithreadedTaskDispatcher with 4 workers.
[PhysX] Initialized MultithreadedTaskDispatcher with 4 workers.
 -> (artifact id: '34737658a10ce0fb46d01703ac6392cc') in 0.067838 seconds
Number of updated asset objects reloaded before import = 0
Number of asset objects unloaded after import = 2
========================================================================
Received Prepare
Caller must complete domain reload
Begin MonoManager ReloadAssembly
- Loaded All Assemblies, in  3.521 seconds
Native extension for WindowsStandalone target not found
Native extension for Android target not found
Mono: successfully reloaded assembly
- Finished resetting the current domain, in  6.863 seconds
Domain Reload Profiling: 10129ms
	BeginReloadAssembly (699ms)
		ExecutionOrderSort (0ms)
		DisableScriptedObjects (42ms)
		BackupInstance (0ms)
		ReleaseScriptingObjects (0ms)
		CreateAndSetChildDomain (94ms)
	RebuildCommonClasses (367ms)
	RebuildNativeTypeToScriptingClass (41ms)
	initialDomainReloadingComplete (557ms)
	LoadAllAssembliesAndSetupDomain (1602ms)
		LoadAssemblies (2012ms)
		RebuildTransferFunctionScriptingTraits (0ms)
		AnalyzeDomain (53ms)
			TypeCache.Refresh (23ms)
				TypeCache.ScanAssembly (0ms)
			ScanForSourceGeneratedMonoScriptInfo (1ms)
			ResolveRequiredComponents (26ms)
	FinalizeReload (6864ms)
		ReleaseScriptCaches (0ms)
		RebuildScriptCaches (0ms)
		SetupLoadedEditorAssemblies (2216ms)
			LogAssemblyErrors (0ms)
			InitializePlatformSupportModulesInManaged (141ms)
			SetLoadedEditorAssemblies (15ms)
			RefreshPlugins (0ms)
			BeforeProcessingInitializeOnLoad (416ms)
			ProcessInitializeOnLoadAttributes (1434ms)
			ProcessInitializeOnLoadMethodAttributes (130ms)
			AfterProcessingInitializeOnLoad (79ms)
			EditorAssembliesLoaded (1ms)
		ExecutionOrderSort2 (0ms)
		AwakeInstancesAfterBackupRestoration (66ms)
Refreshing native plugins compatible for Editor in 58.95 ms, found 4 plugins.
Preloading 0 native plugins for Editor in 0.00 ms.
Unloading 4034 Unused Serialized files (Serialized files now loaded: 0)
Unloading 19 unused Assets / (31.3 KB). Loaded Objects now: 4570.
Memory consumption went from 144.6 MB to 144.6 MB.
Total: 11.316800 ms (FindLiveObjects: 2.006000 ms CreateObjectMapping: 0.982000 ms MarkObjects: 8.051400 ms  DeleteObjects: 0.129400 ms)

Prepare: number of updated asset objects reloaded= 0
AssetImportParameters requested are different than current active one (requested -> active):
  custom:container-demuxer-ogg: 62fdf1f143b41e24485cea50d1cbac27 -> 
  custom:video-decoder-ogg-theora: a1e56fd34408186e4bbccfd4996cb3dc -> 
  custom:framework-win-MediaFoundation: 216162199b28c13a410421893ffa2e32 -> 
  custom:CustomObjectIndexerAttribute: 9a22284fe3817be447336de3de66b15e -> 
  custom:container-demuxer-webm: 4f35f7cbe854078d1ac9338744f61a02 -> 
  custom:scripting/monoscript/fileName/SceneManagerController.cs: 22b51003826de254ca5b81ab0f3c37e5 -> 
  custom:container-muxer-webm: aa71ff27fc2769a1b78a27578f13a17b -> 
  custom:scripting/monoscript/fileName/Choice.cs: 4bdc8d7b1484d073f03fa9182351b6cf -> 
  custom:scripting/monoscript/fileName/SceneData.cs: 5ed3fba365915d72bd9c60cc866912ef -> 550971d4148451c2b85e6e850c7350e3
  custom:video-decoder-webm-vp8: 9c59270c3fd7afecdb556c50c9e8de78 -> 
  custom:SearchIndexIgnoredProperties: e643bd26f0fe6173181afceb89e7c659 -> 
  custom:AudioImporter_EditorPlatform: d09bf68614088b80899f8185d706f6e7 -> 
  custom:video-encoder-webm-vp8: eb34c28f22e8b96e1ab97ce403110664 -> 
  custom:audio-decoder-ogg-vorbis: bf7c407c2cedff20999df2af8eb42d56 -> 
  custom:scripting/monoscript/fileName/StoryData.cs: 1644ac1a06afbcc6e9a4f64e55a461f8 -> 1636ce31733873dea4092bfffcc34135
  custom:audio-encoder-webm-vorbis: bf7c407c2cedff20999df2af8eb42d56 -> 
  custom:scripting/precompiled-assembly-types:Assembly-CSharp: ac09e3e0e1cf38c246d54d5bd371ccb1 -> 251c352162e694e08735539cf890dc0e
========================================================================
Received Prepare
Caller must complete domain reload
Begin MonoManager ReloadAssembly
- Loaded All Assemblies, in  2.586 seconds
Native extension for WindowsStandalone target not found
Native extension for Android target not found
Mono: successfully reloaded assembly
- Finished resetting the current domain, in  5.631 seconds
Domain Reload Profiling: 8165ms
	BeginReloadAssembly (732ms)
		ExecutionOrderSort (0ms)
		DisableScriptedObjects (75ms)
		BackupInstance (0ms)
		ReleaseScriptingObjects (0ms)
		CreateAndSetChildDomain (89ms)
	RebuildCommonClasses (126ms)
	RebuildNativeTypeToScriptingClass (42ms)
	initialDomainReloadingComplete (154ms)
	LoadAllAssembliesAndSetupDomain (1480ms)
		LoadAssemblies (1875ms)
		RebuildTransferFunctionScriptingTraits (0ms)
		AnalyzeDomain (69ms)
			TypeCache.Refresh (26ms)
				TypeCache.ScanAssembly (0ms)
			ScanForSourceGeneratedMonoScriptInfo (1ms)
			ResolveRequiredComponents (37ms)
	FinalizeReload (5632ms)
		ReleaseScriptCaches (0ms)
		RebuildScriptCaches (0ms)
		SetupLoadedEditorAssemblies (1402ms)
			LogAssemblyErrors (0ms)
			InitializePlatformSupportModulesInManaged (83ms)
			SetLoadedEditorAssemblies (9ms)
			RefreshPlugins (0ms)
			BeforeProcessingInitializeOnLoad (325ms)
			ProcessInitializeOnLoadAttributes (871ms)
			ProcessInitializeOnLoadMethodAttributes (70ms)
			AfterProcessingInitializeOnLoad (43ms)
			EditorAssembliesLoaded (1ms)
		ExecutionOrderSort2 (0ms)
		AwakeInstancesAfterBackupRestoration (33ms)
Refreshing native plugins compatible for Editor in 31.85 ms, found 4 plugins.
Preloading 0 native plugins for Editor in 0.00 ms.
Unloading 4035 Unused Serialized files (Serialized files now loaded: 0)
Unloading 19 unused Assets / (31.2 KB). Loaded Objects now: 4574.
Memory consumption went from 144.8 MB to 144.8 MB.
Total: 11.708000 ms (FindLiveObjects: 0.548700 ms CreateObjectMapping: 0.334600 ms MarkObjects: 10.709200 ms  DeleteObjects: 0.113200 ms)

Prepare: number of updated asset objects reloaded= 0
AssetImportParameters requested are different than current active one (requested -> active):
  custom:container-demuxer-ogg: 62fdf1f143b41e24485cea50d1cbac27 -> 
  custom:video-decoder-ogg-theora: a1e56fd34408186e4bbccfd4996cb3dc -> 
  custom:framework-win-MediaFoundation: 216162199b28c13a410421893ffa2e32 -> 
  custom:CustomObjectIndexerAttribute: 9a22284fe3817be447336de3de66b15e -> 
  custom:container-demuxer-webm: 4f35f7cbe854078d1ac9338744f61a02 -> 
  custom:scripting/monoscript/fileName/SceneManagerController.cs: 22b51003826de254ca5b81ab0f3c37e5 -> 
  custom:container-muxer-webm: aa71ff27fc2769a1b78a27578f13a17b -> 
  custom:scripting/monoscript/fileName/Choice.cs: 4bdc8d7b1484d073f03fa9182351b6cf -> 
  custom:scripting/monoscript/fileName/SceneData.cs: 5ed3fba365915d72bd9c60cc866912ef -> 550971d4148451c2b85e6e850c7350e3
  custom:video-decoder-webm-vp8: 9c59270c3fd7afecdb556c50c9e8de78 -> 
  custom:SearchIndexIgnoredProperties: e643bd26f0fe6173181afceb89e7c659 -> 
  custom:AudioImporter_EditorPlatform: d09bf68614088b80899f8185d706f6e7 -> 
  custom:video-encoder-webm-vp8: eb34c28f22e8b96e1ab97ce403110664 -> 
  custom:audio-decoder-ogg-vorbis: bf7c407c2cedff20999df2af8eb42d56 -> 
  custom:scripting/monoscript/fileName/StoryData.cs: 1644ac1a06afbcc6e9a4f64e55a461f8 -> 1636ce31733873dea4092bfffcc34135
  custom:audio-encoder-webm-vorbis: bf7c407c2cedff20999df2af8eb42d56 -> 
  custom:scripting/precompiled-assembly-types:Assembly-CSharp: ac09e3e0e1cf38c246d54d5bd371ccb1 -> 251c352162e694e08735539cf890dc0e
========================================================================
Received Prepare
Caller must complete domain reload
Begin MonoManager ReloadAssembly
- Loaded All Assemblies, in  3.969 seconds
Native extension for WindowsStandalone target not found
Native extension for Android target not found
Mono: successfully reloaded assembly
- Finished resetting the current domain, in  8.021 seconds
Domain Reload Profiling: 11959ms
	BeginReloadAssembly (1396ms)
		ExecutionOrderSort (0ms)
		DisableScriptedObjects (47ms)
		BackupInstance (0ms)
		ReleaseScriptingObjects (0ms)
		CreateAndSetChildDomain (109ms)
	RebuildCommonClasses (198ms)
	RebuildNativeTypeToScriptingClass (43ms)
	initialDomainReloadingComplete (157ms)
	LoadAllAssembliesAndSetupDomain (2143ms)
		LoadAssemblies (2796ms)
		RebuildTransferFunctionScriptingTraits (0ms)
		AnalyzeDomain (79ms)
			TypeCache.Refresh (26ms)
				TypeCache.ScanAssembly (0ms)
			ScanForSourceGeneratedMonoScriptInfo (0ms)
			ResolveRequiredComponents (48ms)
	FinalizeReload (8023ms)
		ReleaseScriptCaches (0ms)
		RebuildScriptCaches (0ms)
		SetupLoadedEditorAssemblies (2170ms)
			LogAssemblyErrors (0ms)
			InitializePlatformSupportModulesInManaged (127ms)
			SetLoadedEditorAssemblies (15ms)
			RefreshPlugins (0ms)
			BeforeProcessingInitializeOnLoad (451ms)
			ProcessInitializeOnLoadAttributes (1368ms)
			ProcessInitializeOnLoadMethodAttributes (123ms)
			AfterProcessingInitializeOnLoad (86ms)
			EditorAssembliesLoaded (1ms)
		ExecutionOrderSort2 (0ms)
		AwakeInstancesAfterBackupRestoration (52ms)
Refreshing native plugins compatible for Editor in 37.70 ms, found 4 plugins.
Preloading 0 native plugins for Editor in 0.00 ms.
Unloading 4035 Unused Serialized files (Serialized files now loaded: 0)
Unloading 19 unused Assets / (31.2 KB). Loaded Objects now: 4578.
Memory consumption went from 144.9 MB to 144.8 MB.
Total: 10.716500 ms (FindLiveObjects: 1.234500 ms CreateObjectMapping: 0.498900 ms MarkObjects: 8.861700 ms  DeleteObjects: 0.118700 ms)

Prepare: number of updated asset objects reloaded= 0
AssetImportParameters requested are different than current active one (requested -> active):
  custom:container-demuxer-ogg: 62fdf1f143b41e24485cea50d1cbac27 -> 
  custom:video-decoder-ogg-theora: a1e56fd34408186e4bbccfd4996cb3dc -> 
  custom:framework-win-MediaFoundation: 216162199b28c13a410421893ffa2e32 -> 
  custom:CustomObjectIndexerAttribute: 9a22284fe3817be447336de3de66b15e -> 
  custom:container-demuxer-webm: 4f35f7cbe854078d1ac9338744f61a02 -> 
  custom:scripting/monoscript/fileName/SceneManagerController.cs: 22b51003826de254ca5b81ab0f3c37e5 -> 
  custom:container-muxer-webm: aa71ff27fc2769a1b78a27578f13a17b -> 
  custom:scripting/monoscript/fileName/Choice.cs: 4bdc8d7b1484d073f03fa9182351b6cf -> 
  custom:scripting/monoscript/fileName/SceneData.cs: 5ed3fba365915d72bd9c60cc866912ef -> 550971d4148451c2b85e6e850c7350e3
  custom:video-decoder-webm-vp8: 9c59270c3fd7afecdb556c50c9e8de78 -> 
  custom:SearchIndexIgnoredProperties: e643bd26f0fe6173181afceb89e7c659 -> 
  custom:AudioImporter_EditorPlatform: d09bf68614088b80899f8185d706f6e7 -> 
  custom:video-encoder-webm-vp8: eb34c28f22e8b96e1ab97ce403110664 -> 
  custom:audio-decoder-ogg-vorbis: bf7c407c2cedff20999df2af8eb42d56 -> 
  custom:scripting/monoscript/fileName/StoryData.cs: 1644ac1a06afbcc6e9a4f64e55a461f8 -> 1636ce31733873dea4092bfffcc34135
  custom:audio-encoder-webm-vorbis: bf7c407c2cedff20999df2af8eb42d56 -> 
  custom:scripting/precompiled-assembly-types:Assembly-CSharp: ac09e3e0e1cf38c246d54d5bd371ccb1 -> 251c352162e694e08735539cf890dc0e
========================================================================
Received Import Request.
  Time since last request: 238.395654 seconds.
  path: Assets/Story Assets/Kana Arima Story/Scenes - Data/Choices/Choice 2.asset
  artifactKey: Guid(0aecf7b04803b0d4885247373938e90f) Importer(815301076,1909f56bfc062723c751e8b465ee728b)
Start importing Assets/Story Assets/Kana Arima Story/Scenes - Data/Choices/Choice 2.asset using Guid(0aecf7b04803b0d4885247373938e90f) Importer(815301076,1909f56bfc062723c751e8b465ee728b) [PhysX] Initialized MultithreadedTaskDispatcher with 4 workers.
 -> (artifact id: '66a802e18866d0f6648757fac61136f5') in 0.096747 seconds
Number of updated asset objects reloaded before import = 0
Number of asset objects unloaded after import = 15
========================================================================
Received Import Request.
  Time since last request: 0.011399 seconds.
  path: Assets/Story Assets/Kana Arima Story/Scenes - Data/Choices/Choice 5.asset
  artifactKey: Guid(45ea92a10c5ec39489004956d39e975b) Importer(815301076,1909f56bfc062723c751e8b465ee728b)
Start importing Assets/Story Assets/Kana Arima Story/Scenes - Data/Choices/Choice 5.asset using Guid(45ea92a10c5ec39489004956d39e975b) Importer(815301076,1909f56bfc062723c751e8b465ee728b) [PhysX] Initialized MultithreadedTaskDispatcher with 4 workers.
 -> (artifact id: 'c5dc4c34875df520ecdfc7851dc143a6') in 0.030754 seconds
Number of updated asset objects reloaded before import = 0
Number of asset objects unloaded after import = 3
========================================================================
Received Import Request.
  Time since last request: 0.000050 seconds.
  path: Assets/Story Assets/Kana Arima Story/Scenes - Data/Choices/Choice 6.asset
  artifactKey: Guid(a79545dd3f3b69845ae61d567f3bdfa0) Importer(815301076,1909f56bfc062723c751e8b465ee728b)
Start importing Assets/Story Assets/Kana Arima Story/Scenes - Data/Choices/Choice 6.asset using Guid(a79545dd3f3b69845ae61d567f3bdfa0) Importer(815301076,1909f56bfc062723c751e8b465ee728b) [PhysX] Initialized MultithreadedTaskDispatcher with 4 workers.
 -> (artifact id: '87eb2b568dd6db69b508130499aad5fa') in 0.031691 seconds
Number of updated asset objects reloaded before import = 0
Number of asset objects unloaded after import = 3
========================================================================
Received Import Request.
  Time since last request: 0.000056 seconds.
  path: Assets/Story Assets/Kana Arima Story/Scenes - Data/Choices/Choice 4.asset
  artifactKey: Guid(562616322476f99499e2a52c2c4df4c1) Importer(815301076,1909f56bfc062723c751e8b465ee728b)
Start importing Assets/Story Assets/Kana Arima Story/Scenes - Data/Choices/Choice 4.asset using Guid(562616322476f99499e2a52c2c4df4c1) Importer(815301076,1909f56bfc062723c751e8b465ee728b) [PhysX] Initialized MultithreadedTaskDispatcher with 4 workers.
 -> (artifact id: '874eaf6d4dc6366c01f97da5c0b3c356') in 0.022099 seconds
Number of updated asset objects reloaded before import = 0
Number of asset objects unloaded after import = 9
Editor requested this worker to shutdown with reason: Scaling down because of idle timeout
TcpMessagingSession - receive error
AssetImportWorkerClient::OnTransportError - code=2 error=End of file
AssetImportWorker is now disconnected from the server
Process exiting
Exiting without the bug reporter. Application will terminate with return code 0